"procurement_id","procurement_number","procurement_date","supplier_id","supplier_code","supplier_name","material_id","material_code","material_name","warehouse_id","warehouse_name","quantity","unit_price","total_amount","currency","tax_rate","payment_terms","logistics_provider","tracking_number","ship_date","estimated_delivery_date","actual_delivery_date","inspection_status","notes","created_date","status","po_number","delivery_batch","total_batches"
PR0000001,GR-202604-0338,"2026-04-03",SUP-028,SUP-028,台州塑料注塑成型公司,M0001,ASSY-BODY-PLA-01,入门塑料机身总成,WH002,东莞天翼电子材料仓库,927,5310.69,4923009.63,CNY,0.13,月结60天,韵达快递,LOG20230306382137,"2026-04-10","2026-04-13","2026-04-15",已验收,需加急处理,"2025-03-05",Active,PO-202604-0143,"",""
PR0000002,GR-202604-0216,"2026-04-03",SUP-028,SUP-028,台州塑料注塑成型公司,M0001,ASSY-BODY-PLA-01,入门塑料机身总成,WH002,东莞天翼电子材料仓库,712,4531.9,3226712.8,CNY,0.13,月结60天,韵达快递,LOG20230225457342,"2026-04-10","2026-04-13","2026-04-15",待验收,"","2025-02-22",Active,PO-202604-0143,"",""
PR0000003,GR-202604-0325,"2026-04-03",SUP-028,SUP-028,台州塑料注塑成型公司,M0001,ASSY-BODY-PLA-01,入门塑料机身总成,WH002,东莞天翼电子材料仓库,913,4724.13,4313130.69,CNY,0.13,月结60天,中铁快运,LOG20230302938208,"2026-04-10","2026-04-13","2026-04-15",已验收,"","2025-03-01",Active,PO-202604-0143,"",""
PR0000004,GR-202604-0341,"2026-04-03",SUP-028,SUP-028,台州塑料注塑成型公司,M0001,ASSY-BODY-PLA-01,入门塑料机身总成,WH002,东莞天翼电子材料仓库,818,4861.4,3976625.2,CNY,0.13,月结60天,京东物流,LOG20230314114334,"2026-04-10","2026-04-13","2026-04-15",验收中,"","2025-03-11",Active,PO-202604-0143,"",""
PR0000005,GR-202604-0167,"2026-04-03",SUP-002,SUP-002,德州仪器（TI）中国代理,M0002,ASSY-FC-BASIC,基础飞控总成,WH002,东莞天翼电子材料仓库,1605,1190.84,1911298.2,CNY,0.13,月结45天,中通快递,LOG20230119495481,"2026-04-10","2026-04-13","2026-04-15",已验收,"","2025-01-17",Active,PO-202604-0129,"",""
PR0000006,GR-202604-0140,"2026-04-03",SUP-002,SUP-002,德州仪器（TI）中国代理,M0002,ASSY-FC-BASIC,基础飞控总成,WH002,东莞天翼电子材料仓库,1624,1188.56,1930221.44,CNY,0.13,月结45天,百世快递,LOG20230122407816,"2026-04-10","2026-04-13","2026-04-15",已验收,"","2025-01-21",Active,PO-202604-0129,"",""
PR0000007,GR-202604-0181,"2026-04-03",SUP-002,SUP-002,德州仪器（TI）中国代理,M0002,ASSY-FC-BASIC,基础飞控总成,WH002,东莞天翼电子材料仓库,514,1182.15,607625.1,CNY,0.13,月结45天,百世快递,LOG20230127694388,"2026-04-10","2026-04-13","2026-04-15",已验收,"","2025-01-26",Active,PO-202604-0129,"",""
PR0000008,GR-202604-0073,"2026-04-04",SUP-021,SUP-021,索尼半导体解决方案,M0003,PART-CAM-FIX-12MP,"1200万像素固定相机",WH002,东莞天翼电子材料仓库,262,4012.63,1051309.06,CNY,0.13,月结30天,申通快递,LOG20221220621229,"2026-04-11","2026-04-14","2026-04-16",待验收,"","2025-12-17",Active,PO-202604-0111,"",""
PR0000009,GR-202604-0082,"2026-04-04",SUP-021,SUP-021,索尼半导体解决方案,M0003,PART-CAM-FIX-12MP,"1200万像素固定相机",WH002,东莞天翼电子材料仓库,330,4002.82,1320930.6,CNY,0.13,月结30天,圆通速递,LOG20221228366356,"2026-04-11","2026-04-14","2026-04-16",验收中,"","2025-12-27",Active,PO-202604-0111,"",""
PR0000010,GR-202604-0163,"2026-04-04",SUP-021,SUP-021,索尼半导体解决方案,M0003,PART-CAM-FIX-12MP,"1200万像素固定相机",WH002,东莞天翼电子材料仓库,229,3512.81,804433.49,CNY,0.13,月结30天,顺丰速运,LOG20230106697465,"2026-04-11","2026-04-14","2026-04-16",已验收,"","2025-01-04",Active,PO-202604-0111,"",""
PR0000011,GR-202604-0346,"2026-04-02",SUP-011,SUP-011,T-Motor无刷电机有限公司,M0004,ASSY-PWR-STD,标准动力系统总成,WH002,东莞天翼电子材料仓库,1616,4292.6,6936841.6,USD,0.13,月结30天,顺丰速运,LOG20230404143871,"2026-04-09","2026-04-12","2026-04-14",已验收,"","2025-04-01",Active,PO-202604-0169,"",""
PR0000012,GR-202604-0347,"2026-04-02",SUP-011,SUP-011,T-Motor无刷电机有限公司,M0004,ASSY-PWR-STD,标准动力系统总成,WH002,东莞天翼电子材料仓库,1265,3719.03,4704572.95,USD,0.13,月结30天,安能物流,LOG20230408571101,"2026-04-09","2026-04-12","2026-04-14",待验收,"","2025-04-05",Active,PO-202604-0169,"",""
PR0000013,GR-202604-0334,"2026-04-02",SUP-018,SUP-018,比亚迪电池有限公司,M0005,PART-BAT-2S-3000,标准智能电池2S3000mAh,WH003,深圳天翼配件仓库,563,1159.05,652545.15,CNY,0.13,月结45天,申通快递,LOG20230324713299,"2026-04-09","2026-04-12","2026-04-14",待验收,质量合格,"2025-03-21",Active,PO-202604-0167,"",""
PR0000014,GR-202604-0327,"2026-04-02",SUP-018,SUP-018,比亚迪电池有限公司,M0005,PART-BAT-2S-3000,标准智能电池2S3000mAh,WH003,深圳天翼配件仓库,517,1071.17,553794.89,CNY,0.13,月结45天,德邦物流,LOG20230326597288,"2026-04-09","2026-04-12","2026-04-14",待验收,"","2025-03-24",Active,PO-202604-0167,"",""
PR0000015,GR-202604-0033,"2026-04-02",SUP-043,SUP-043,深圳无线通信技术公司,M0006,PART-RC-BASIC,基础遥控器,WH003,深圳天翼配件仓库,2609,3647.52,9516379.68,CNY,0.13,月结30天,百世快递,LOG20221209529674,"2026-04-09","2026-04-12","2026-04-14",已验收,部分延期,"2025-12-07",Active,PO-202604-0107,"",""
PR0000016,GR-202604-0053,"2026-04-02",SUP-043,SUP-043,深圳无线通信技术公司,M0006,PART-RC-BASIC,基础遥控器,WH003,深圳天翼配件仓库,1771,3942.02,6981317.42,CNY,0.13,月结30天,韵达快递,LOG20221207650314,"2026-04-09","2026-04-12","2026-04-14",已验收,按时交付,"2025-12-06",Active,PO-202604-0107,"",""
PR0000017,GR-202604-0237,"2026-04-02",SUP-022,SUP-022,豪威科技（OmniVision）,M0007,PART-CAM-FIX-20MP,"2000万像素固定相机",WH002,东莞天翼电子材料仓库,271,1823.08,494054.68,USD,0.13,月结45天,百世快递,LOG20230209279729,"2026-04-09","2026-04-12","2026-04-14",验收中,"","2025-02-06",Active,PO-202604-0146,"",""
PR0000018,GR-202604-0248,"2026-04-02",SUP-022,SUP-022,豪威科技（OmniVision）,M0007,PART-CAM-FIX-20MP,"2000万像素固定相机",WH002,东莞天翼电子材料仓库,488,1822.64,889448.32,USD,0.13,月结45天,中铁快运,LOG20230212941626,"2026-04-09","2026-04-12","2026-04-14",已验收,"","2025-02-09",Active,PO-202604-0146,"",""
PR0000019,GR-202604-0169,"2026-04-04",SUP-017,SUP-017,宁德时代新能源科技,M0008,PART-BAT-3S-4000,增强智能电池3S4000mAh,WH003,深圳天翼配件仓库,413,786.7,324907.1,USD,0.13,信用证,申通快递,LOG20230130293583,"2026-04-11","2026-04-14","2026-04-16",已验收,"","2025-01-29",Active,PO-202604-0115,"",""
PR0000020,GR-202604-0195,"2026-04-04",SUP-017,SUP-017,宁德时代新能源科技,M0008,PART-BAT-3S-4000,增强智能电池3S4000mAh,WH003,深圳天翼配件仓库,470,663.24,311722.8,USD,0.13,信用证,申通快递,LOG20230205281598,"2026-04-11","2026-04-14","2026-04-16",已验收,"","2025-02-02",Active,PO-202604-0115,"",""
PR0000021,GR-202604-0196,"2026-04-04",SUP-017,SUP-017,宁德时代新能源科技,M0008,PART-BAT-3S-4000,增强智能电池3S4000mAh,WH003,深圳天翼配件仓库,287,676.73,194221.51,USD,0.13,信用证,中铁快运,LOG20230209901845,"2026-04-11","2026-04-14","2026-04-16",验收中,"","2025-02-08",Active,PO-202604-0115,"",""
PR0000022,GR-202604-0098,"2026-04-04",SUP-017,SUP-017,宁德时代新能源科技,M0008,PART-BAT-3S-4000,增强智能电池3S4000mAh,WH003,深圳天翼配件仓库,270,681.51,184007.7,USD,0.13,信用证,顺丰速运,LOG20230129333829,"2026-04-11","2026-04-14","2026-04-16",验收中,"","2025-01-26",Active,PO-202604-0115,"",""
PR0000023,GR-202604-0071,"2026-04-02",SUP-043,SUP-043,深圳无线通信技术公司,M0009,PART-RC-ADV,高级遥控器,WH003,深圳天翼配件仓库,905,3078.15,2785725.75,CNY,0.13,"预付30%,货到付清",中铁快运,LOG20221230787797,"2026-04-09","2026-04-12","2026-04-14",已验收,部分延期,"2025-12-28",Active,PO-202604-0099,"",""
PR0000024,GR-202604-0018,"2026-04-02",SUP-043,SUP-043,深圳无线通信技术公司,M0009,PART-RC-ADV,高级遥控器,WH003,深圳天翼配件仓库,1788,2998.56,5361425.28,CNY,0.13,"预付30%,货到付清",圆通速递,LOG20230102756153,"2026-04-09","2026-04-12","2026-04-14",已验收,"","2025-12-31",Active,PO-202604-0099,"",""
PR0000025,GR-202604-0174,"2026-04-02",SUP-025,SUP-025,东莞碳纤维复合材料厂,M0010,ASSY-BODY-CF-01,碳纤维机身总成,WH002,东莞天翼电子材料仓库,1056,2189.45,2312059.2,USD,0.13,月结60天,德邦物流,LOG20230127620702,"2026-04-09","2026-04-12","2026-04-14",已验收,"","2025-01-26",Active,PO-202604-0133,"",""
PR0000026,GR-202604-0184,"2026-04-02",SUP-025,SUP-025,东莞碳纤维复合材料厂,M0010,ASSY-BODY-CF-01,碳纤维机身总成,WH002,东莞天翼电子材料仓库,1895,1937.64,3671827.8,USD,0.13,月结60天,韵达快递,LOG20230115446143,"2026-04-09","2026-04-12","2026-04-14",待验收,"","2025-01-12",Active,PO-202604-0133,"",""
PR0000027,GR-202604-0205,"2026-04-02",SUP-002,SUP-002,德州仪器（TI）中国代理,M0011,ASSY-FC-ADV,高级飞控总成,WH002,东莞天翼电子材料仓库,2148,1034.02,2221074.96,CNY,0.13,款到发货,顺丰速运,LOG20230214634345,"2026-04-09","2026-04-12","2026-04-14",已验收,"","2025-02-13",Active,PO-202604-0138,"",""
PR0000028,GR-202604-0212,"2026-04-02",SUP-002,SUP-002,德州仪器（TI）中国代理,M0011,ASSY-FC-ADV,高级飞控总成,WH002,东莞天翼电子材料仓库,1477,1082.33,1598601.41,CNY,0.13,款到发货,安能物流,LOG20230215137997,"2026-04-09","2026-04-12","2026-04-14",已验收,"","2025-02-13",Active,PO-202604-0138,"",""
PR0000029,GR-202604-0134,"2026-04-04",SUP-024,SUP-024,深圳云台技术有限公司,M0012,PART-CAM-GIMBAL-1INCH,"1英寸三轴云台相机",WH002,东莞天翼电子材料仓库,303,2337.89,708380.67,CNY,0.13,月结30天,百世快递,LOG20230130433402,"2026-04-11","2026-04-14","2026-04-16",验收中,质量合格,"2025-01-29",Active,PO-202604-0127,"",""
PR0000030,GR-202604-0186,"2026-04-04",SUP-024,SUP-024,深圳云台技术有限公司,M0012,PART-CAM-GIMBAL-1INCH,"1英寸三轴云台相机",WH002,东莞天翼电子材料仓库,299,2529.63,756359.37,CNY,0.13,月结30天,顺丰速运,LOG20230201995030,"2026-04-11","2026-04-14","2026-04-16",已验收,"","2025-01-29",Active,PO-202604-0127,"",""
PR0000031,GR-202604-0142,"2026-04-04",SUP-024,SUP-024,深圳云台技术有限公司,M0012,PART-CAM-GIMBAL-1INCH,"1英寸三轴云台相机",WH002,东莞天翼电子材料仓库,387,2418.75,936056.25,CNY,0.13,月结30天,中铁快运,LOG20230125867941,"2026-04-11","2026-04-14","2026-04-16",已验收,"","2025-01-23",Active,PO-202604-0127,"",""
PR0000032,GR-202604-0214,"2026-04-04",SUP-024,SUP-024,深圳云台技术有限公司,M0012,PART-CAM-GIMBAL-1INCH,"1英寸三轴云台相机",WH002,东莞天翼电子材料仓库,209,2553.15,533608.35,CNY,0.13,月结30天,中铁快运,LOG20230204222923,"2026-04-11","2026-04-14","2026-04-16",待验收,"","2025-02-03",Active,PO-202604-0127,"",""
PR0000033,GR-202604-0005,"2026-04-02",SUP-012,SUP-012,深圳大疆创新动力系统,M0013,ASSY-PWR-EFF,高效动力系统总成,WH002,东莞天翼电子材料仓库,1276,568.95,725980.2,CNY,0.13,月结45天,德邦物流,LOG20221210619533,"2026-04-09","2026-04-12","2026-04-14",验收中,"","2025-12-08",Active,PO-202604-0092,"",""
PR0000034,GR-202604-0007,"2026-04-02",SUP-012,SUP-012,深圳大疆创新动力系统,M0013,ASSY-PWR-EFF,高效动力系统总成,WH002,东莞天翼电子材料仓库,683,559.92,382425.36,CNY,0.13,月结45天,中铁快运,LOG20221212281642,"2026-04-09","2026-04-12","2026-04-14",验收中,"","2025-12-09",Active,PO-202604-0092,"",""
PR0000035,GR-202604-0001,"2026-04-02",SUP-012,SUP-012,深圳大疆创新动力系统,M0013,ASSY-PWR-EFF,高效动力系统总成,WH002,东莞天翼电子材料仓库,838,578.72,484967.36,CNY,0.13,月结45天,申通快递,LOG20221215170553,"2026-04-09","2026-04-12","2026-04-14",已验收,"","2025-12-14",Active,PO-202604-0092,"",""
PR0000036,GR-202604-0030,"2026-04-02",SUP-012,SUP-012,深圳大疆创新动力系统,M0013,ASSY-PWR-EFF,高效动力系统总成,WH002,东莞天翼电子材料仓库,1190,525.95,625880.5,CNY,0.13,月结45天,德邦物流,LOG20221223106276,"2026-04-09","2026-04-12","2026-04-14",已验收,"","2025-12-20",Active,PO-202604-0092,"",""
PR0000037,GR-202604-0076,"2026-04-02",SUP-019,SUP-019,LG化学电池韩国,M0014,PART-BAT-4S-5200,高容智能电池4S5200mAh,WH003,深圳天翼配件仓库,377,3479.54,1311786.58,CNY,0.13,月结30天,顺丰速运,LOG20221220516751,"2026-04-09","2026-04-12","2026-04-14",已验收,"","2025-12-17",Active,PO-202604-0102,"",""
PR0000038,GR-202604-0080,"2026-04-02",SUP-019,SUP-019,LG化学电池韩国,M0014,PART-BAT-4S-5200,高容智能电池4S5200mAh,WH003,深圳天翼配件仓库,293,3383.74,991435.82,CNY,0.13,月结30天,京东物流,LOG20221216518568,"2026-04-09","2026-04-12","2026-04-14",已验收,"","2025-12-14",Active,PO-202604-0102,"",""
PR0000039,GR-202604-0021,"2026-04-02",SUP-019,SUP-019,LG化学电池韩国,M0014,PART-BAT-4S-5200,高容智能电池4S5200mAh,WH003,深圳天翼配件仓库,294,3484.02,1024301.88,CNY,0.13,月结30天,京东物流,LOG20221230218938,"2026-04-09","2026-04-12","2026-04-14",已验收,"","2025-12-29",Active,PO-202604-0102,"",""
PR0000040,GR-202604-0036,"2026-04-02",SUP-019,SUP-019,LG化学电池韩国,M0014,PART-BAT-4S-5200,高容智能电池4S5200mAh,WH003,深圳天翼配件仓库,275,3672.73,1010000.75,CNY,0.13,月结30天,中铁快运,LOG20221218298756,"2026-04-09","2026-04-12","2026-04-14",已验收,提前交付,"2025-12-16",Active,PO-202604-0102,"",""
PR0000041,GR-202604-0226,"2026-04-02",SUP-043,SUP-043,深圳无线通信技术公司,M0015,PART-RC-PRO,专业遥控器,WH003,深圳天翼配件仓库,1114,1773.15,1975289.1,USD,0.13,信用证,顺丰速运,LOG20230210378700,"2026-04-09","2026-04-12","2026-04-14",待验收,"","2025-02-08",Active,PO-202604-0144,"",""
PR0000042,GR-202604-0217,"2026-04-02",SUP-043,SUP-043,深圳无线通信技术公司,M0015,PART-RC-PRO,专业遥控器,WH003,深圳天翼配件仓库,2538,1734.94,4403277.72,USD,0.13,信用证,百世快递,LOG20230213631013,"2026-04-09","2026-04-12","2026-04-14",已验收,"","2025-02-10",Active,PO-202604-0144,"",""
PR0000043,GR-202604-0153,"2026-04-02",SUP-035,SUP-035,北京智能视觉科技公司,M0016,PART-AVOID-VISION,视觉避障系统,WH002,东莞天翼电子材料仓库,2014,1328.87,2676344.18,CNY,0.13,月结30天,韵达快递,LOG20230201303730,"2026-04-09","2026-04-12","2026-04-14",验收中,"","2025-01-31",Active,PO-202604-0132,"",""
PR0000044,GR-202604-0185,"2026-04-02",SUP-035,SUP-035,北京智能视觉科技公司,M0016,PART-AVOID-VISION,视觉避障系统,WH002,东莞天翼电子材料仓库,1944,1225.74,2382838.56,CNY,0.13,月结30天,圆通速递,LOG20230126473727,"2026-04-09","2026-04-12","2026-04-14",待验收,"","2025-01-24",Active,PO-202604-0132,"",""
PR0000045,GR-202604-0233,"2026-04-02",SUP-035,SUP-035,北京智能视觉科技公司,M0016,PART-AVOID-VISION,视觉避障系统,WH002,东莞天翼电子材料仓库,533,1235.52,658532.16,CNY,0.13,月结30天,百世快递,LOG20230205275907,"2026-04-09","2026-04-12","2026-04-14",验收中,"","2025-02-03",Active,PO-202604-0132,"",""
PR0000046,GR-202604-0328,"2026-04-04",SUP-021,SUP-021,索尼半导体解决方案,M0017,PART-CAM-ZOOM,变焦相机模组,WH002,东莞天翼电子材料仓库,303,3574.45,1083058.35,CNY,0.13,月结30天,京东物流,LOG20230403829967,"2026-04-11","2026-04-14","2026-04-16",待验收,"","2025-03-31",Active,PO-202604-0163,"",""
PR0000047,GR-202604-0303,"2026-04-04",SUP-021,SUP-021,索尼半导体解决方案,M0017,PART-CAM-ZOOM,变焦相机模组,WH002,东莞天翼电子材料仓库,214,3282.72,702502.08,CNY,0.13,月结30天,中通快递,LOG20230330457590,"2026-04-11","2026-04-14","2026-04-16",已验收,"","2025-03-28",Active,PO-202604-0163,"",""
PR0000048,GR-202604-0323,"2026-04-04",SUP-021,SUP-021,索尼半导体解决方案,M0017,PART-CAM-ZOOM,变焦相机模组,WH002,东莞天翼电子材料仓库,191,3225.12,615997.92,CNY,0.13,月结30天,安能物流,LOG20230401330515,"2026-04-11","2026-04-14","2026-04-16",已验收,"","2025-03-31",Active,PO-202604-0163,"",""
PR0000049,GR-202604-0354,"2026-04-04",SUP-021,SUP-021,索尼半导体解决方案,M0017,PART-CAM-ZOOM,变焦相机模组,WH002,东莞天翼电子材料仓库,241,3583.58,863642.78,CNY,0.13,月结30天,圆通速递,LOG20230410173142,"2026-04-11","2026-04-14","2026-04-16",已验收,"","2025-04-09",Active,PO-202604-0163,"",""
PR0000050,GR-202604-0042,"2026-04-03",SUP-035,SUP-035,北京智能视觉科技公司,M0018,PART-AVOID-ENHANCED,增强避障系统（视觉+红外）,WH002,东莞天翼电子材料仓库,574,2947.15,1691664.1,CNY,0.13,款到发货,中通快递,LOG20221214986689,"2026-04-10","2026-04-13","2026-04-15",验收中,"","2025-12-12",Active,PO-202604-0105,"",""
PR0000051,GR-202604-0031,"2026-04-03",SUP-035,SUP-035,北京智能视觉科技公司,M0018,PART-AVOID-ENHANCED,增强避障系统（视觉+红外）,WH002,东莞天翼电子材料仓库,841,2759.92,2321092.72,CNY,0.13,款到发货,顺丰速运,LOG20221219466906,"2026-04-10","2026-04-13","2026-04-15",已验收,"","2025-12-18",Active,PO-202604-0105,"",""
PR0000052,GR-202604-0051,"2026-04-03",SUP-035,SUP-035,北京智能视觉科技公司,M0018,PART-AVOID-ENHANCED,增强避障系统（视觉+红外）,WH002,东莞天翼电子材料仓库,562,2591.9,1456647.8,CNY,0.13,款到发货,百世快递,LOG20221215478789,"2026-04-10","2026-04-13","2026-04-15",已验收,部分延期,"2025-12-12",Active,PO-202604-0105,"",""
PR0000053,GR-202604-0048,"2026-04-03",SUP-035,SUP-035,北京智能视觉科技公司,M0018,PART-AVOID-ENHANCED,增强避障系统（视觉+红外）,WH002,东莞天翼电子材料仓库,663,2927.96,1941237.48,CNY,0.13,款到发货,中通快递,LOG20221216397585,"2026-04-10","2026-04-13","2026-04-15",已验收,"","2025-12-15",Active,PO-202604-0105,"",""
PR0000057,GR-202604-0283,"2026-04-02",SUP-026,SUP-026,中航复合材料有限公司,M0020,ASSY-BODY-IND-01,工业级强化机身总成,WH002,东莞天翼电子材料仓库,1039,2495.95,2593292.05,CNY,0.13,月结30天,德邦物流,LOG20230318748579,"2026-04-09","2026-04-12","2026-04-14",已验收,历史到货-原采购订单PO-202604-0059超量，已解除采购订单关联,"2025-03-15",Active,"","",""
PR0000058,GR-202604-0271,"2026-04-02",SUP-026,SUP-026,中航复合材料有限公司,M0020,ASSY-BODY-IND-01,工业级强化机身总成,WH002,东莞天翼电子材料仓库,477,2457.6,1172275.2,CNY,0.13,月结30天,百世快递,LOG20230320356435,"2026-04-09","2026-04-12","2026-04-14",已验收,历史到货-原采购订单PO-202604-0059超量，已解除采购订单关联,"2025-03-18",Active,"","",""
PR0000059,GR-202604-0278,"2026-04-02",SUP-026,SUP-026,中航复合材料有限公司,M0020,ASSY-BODY-IND-01,工业级强化机身总成,WH002,东莞天翼电子材料仓库,836,2188.07,1829226.52,CNY,0.13,月结30天,德邦物流,LOG20230323451869,"2026-04-09","2026-04-12","2026-04-14",已验收,历史到货-原采购订单PO-202604-0059超量，已解除采购订单关联,"2025-03-20",Active,"","",""
PR0000060,GR-202604-0262,"2026-04-02",SUP-026,SUP-026,中航复合材料有限公司,M0020,ASSY-BODY-IND-01,工业级强化机身总成,WH002,东莞天翼电子材料仓库,664,2090.91,1388364.24,CNY,0.13,月结30天,申通快递,LOG20230319581359,"2026-04-09","2026-04-12","2026-04-14",已验收,历史到货-原采购订单PO-202604-0059超量，已解除采购订单关联,"2025-03-18",Active,"","",""
PR0000061,GR-202604-0016,"2026-04-04",SUP-002,SUP-002,德州仪器（TI）中国代理,M0021,ASSY-FC-RTK,RTK高精度飞控总成,WH002,东莞天翼电子材料仓库,1849,3651.96,6752474.04,CNY,0.13,月结30天,京东物流,LOG20221212544456,"2026-04-11","2026-04-14","2026-04-16",验收中,提前交付;历史到货-原采购订单PO-202604-0027超量，已解除采购订单关联,"2025-12-09",Active,"","",""
PR0000062,GR-202604-0029,"2026-04-04",SUP-002,SUP-002,德州仪器（TI）中国代理,M0021,ASSY-FC-RTK,RTK高精度飞控总成,WH002,东莞天翼电子材料仓库,2554,3248.95,8297818.3,CNY,0.13,月结30天,申通快递,LOG20221222320725,"2026-04-11","2026-04-14","2026-04-16",待验收,历史到货-原采购订单PO-202604-0027超量，已解除采购订单关联,"2025-12-19",Active,"","",""
PR0000063,GR-202604-0069,"2026-04-02",SUP-021,SUP-021,索尼半导体解决方案,M0022,PART-CAM-FPV,FPV图传相机,WH002,东莞天翼电子材料仓库,414,900.1,372641.4,USD,0.13,月结45天,圆通速递,LOG20221222940611,"2026-04-09","2026-04-12","2026-04-14",验收中,历史到货-原采购订单PO-202604-0028超量，已解除采购订单关联,"2025-12-21",Active,"","",""
PR0000064,GR-202604-0006,"2026-04-02",SUP-021,SUP-021,索尼半导体解决方案,M0022,PART-CAM-FPV,FPV图传相机,WH002,东莞天翼电子材料仓库,770,826.8,636636.0,USD,0.13,月结45天,韵达快递,LOG20221227688691,"2026-04-09","2026-04-12","2026-04-14",验收中,历史到货-原采购订单PO-202604-0028超量，已解除采购订单关联,"2025-12-26",Active,"","",""
PR0000065,GR-202604-0026,"2026-04-02",SUP-012,SUP-012,深圳大疆创新动力系统,M0023,ASSY-PWR-TQ,高扭矩动力系统总成,WH002,东莞天翼电子材料仓库,2710,3074.56,8332057.6,CNY,0.13,月结30天,百世快递,LOG20221221538258,"2026-04-09","2026-04-12","2026-04-14",已验收,历史到货-原采购订单PO-202604-0061超量，已解除采购订单关联,"2025-12-18",Active,"","",""
PR0000066,GR-202604-0067,"2026-04-02",SUP-012,SUP-012,深圳大疆创新动力系统,M0023,ASSY-PWR-TQ,高扭矩动力系统总成,WH002,东莞天翼电子材料仓库,1606,3084.81,4954204.86,CNY,0.13,月结30天,京东物流,LOG20221210226546,"2026-04-09","2026-04-12","2026-04-14",验收中,历史到货-原采购订单PO-202604-0061超量，已解除采购订单关联,"2025-12-09",Active,"","",""
PR0000067,GR-202604-0200,"2026-04-04",SUP-020,SUP-020,格氏ace电池科技,M0024,ASSY-BAT-DUAL,双电池冗余系统,WH003,深圳天翼配件仓库,677,3147.64,2130952.28,USD,0.13,信用证,中通快递,LOG20230209494819,"2026-04-11","2026-04-14","2026-04-16",验收中,按时交付;历史到货-原采购订单PO-202604-0062超量，已解除采购订单关联,"2025-02-06",Active,"","",""
PR0000068,GR-202604-0086,"2026-04-04",SUP-020,SUP-020,格氏ace电池科技,M0024,ASSY-BAT-DUAL,双电池冗余系统,WH003,深圳天翼配件仓库,728,2771.6,2017724.8,USD,0.13,信用证,申通快递,LOG20230128704040,"2026-04-11","2026-04-14","2026-04-16",待验收,历史到货-原采购订单PO-202604-0062超量，已解除采购订单关联,"2025-01-27",Active,"","",""
PR0000069,GR-202604-0210,"2026-04-04",SUP-020,SUP-020,格氏ace电池科技,M0024,ASSY-BAT-DUAL,双电池冗余系统,WH003,深圳天翼配件仓库,1241,2793.48,3466708.68,USD,0.13,信用证,德邦物流,LOG20230211756016,"2026-04-11","2026-04-14","2026-04-16",验收中,部分延期;历史到货-原采购订单PO-202604-0062超量，已解除采购订单关联,"2025-02-08",Active,"","",""
PR0000070,GR-202604-0240,"2026-04-04",SUP-020,SUP-020,格氏ace电池科技,M0024,ASSY-BAT-DUAL,双电池冗余系统,WH003,深圳天翼配件仓库,1521,2746.54,4177487.34,USD,0.13,信用证,圆通速递,LOG20230209288165,"2026-04-11","2026-04-14","2026-04-16",已验收,历史到货-原采购订单PO-202604-0062超量，已解除采购订单关联,"2025-02-06",Active,"","",""
PR0000071,GR-202604-0128,"2026-04-04",SUP-043,SUP-043,深圳无线通信技术公司,M0025,PART-RC-IND,工业遥控器,WH003,深圳天翼配件仓库,751,862.69,647880.19,CNY,0.13,月结30天,中通快递,LOG20230105909873,"2026-04-11","2026-04-14","2026-04-16",已验收,提前交付;历史到货-原采购订单PO-202604-0033超量，已解除采购订单关联,"2025-01-03",Active,"","",""
PR0000072,GR-202604-0072,"2026-04-04",SUP-043,SUP-043,深圳无线通信技术公司,M0025,PART-RC-IND,工业遥控器,WH003,深圳天翼配件仓库,959,736.15,705967.85,CNY,0.13,月结30天,百世快递,LOG20230102790667,"2026-04-11","2026-04-14","2026-04-16",已验收,历史到货-原采购订单PO-202604-0033超量，已解除采购订单关联,"2025-12-31",Active,"","",""
PR0000073,GR-202604-0068,"2026-04-04",SUP-043,SUP-043,深圳无线通信技术公司,M0025,PART-RC-IND,工业遥控器,WH003,深圳天翼配件仓库,1010,870.19,878891.9,CNY,0.13,月结30天,京东物流,LOG20221231396365,"2026-04-11","2026-04-14","2026-04-16",已验收,历史到货-原采购订单PO-202604-0033超量，已解除采购订单关联,"2025-12-29",Active,"","",""
PR0000074,GR-202604-0106,"2026-04-02",SUP-038,SUP-038,深圳农业喷洒系统公司,M0026,PART-SPRAYER-16L,"16升智能喷洒系统",WH003,深圳天翼配件仓库,2382,5033.28,11989272.96,USD,0.13,月结45天,安能物流,LOG20230202368811,"2026-04-09","2026-04-12","2026-04-14",验收中,历史到货-原采购订单PO-202604-0064超量，已解除采购订单关联,"2025-01-31",Active,"","",""
PR0000075,GR-202604-0113,"2026-04-02",SUP-038,SUP-038,深圳农业喷洒系统公司,M0026,PART-SPRAYER-16L,"16升智能喷洒系统",WH003,深圳天翼配件仓库,2020,4425.88,8940277.6,USD,0.13,月结45天,顺丰速运,LOG20230121791447,"2026-04-09","2026-04-12","2026-04-14",已验收,历史到货-原采购订单PO-202604-0064超量，已解除采购订单关联,"2025-01-19",Active,"","",""
PR0000076,GR-202604-0179,"2026-04-02",SUP-039,SUP-039,常州雷达测高仪制造厂,M0027,PART-RADAR-ALT,雷达测高仪,WH002,东莞天翼电子材料仓库,2037,96.97,197527.89,USD,0.13,月结45天,申通快递,LOG20230125320898,"2026-04-09","2026-04-12","2026-04-14",已验收,历史到货-原采购订单PO-202604-0065超量，已解除采购订单关联,"2025-01-22",Active,"","",""
PR0000077,GR-202604-0256,"2026-04-02",SUP-039,SUP-039,常州雷达测高仪制造厂,M0027,PART-RADAR-ALT,雷达测高仪,WH002,东莞天翼电子材料仓库,1620,104.85,169857.0,USD,0.13,月结45天,韵达快递,LOG20230211963808,"2026-04-09","2026-04-12","2026-04-14",待验收,历史到货-原采购订单PO-202604-0065超量，已解除采购订单关联,"2025-02-08",Active,"","",""
PR0000078,GR-202604-0046,"2026-04-02",SUP-024,SUP-024,深圳云台技术有限公司,M0028,PART-CAM-SURVEY-42MP,"4200万像素测绘相机",WH002,东莞天翼电子材料仓库,373,5219.63,1946921.99,USD,0.13,月结45天,安能物流,LOG20221206191662,"2026-04-09","2026-04-12","2026-04-14",待验收,"","2025-12-04",Active,PO-202604-0096,"",""
PR0000079,GR-202604-0055,"2026-04-02",SUP-024,SUP-024,深圳云台技术有限公司,M0028,PART-CAM-SURVEY-42MP,"4200万像素测绘相机",WH002,东莞天翼电子材料仓库,308,4618.04,1422356.32,USD,0.13,月结45天,京东物流,LOG20221211543041,"2026-04-09","2026-04-12","2026-04-14",验收中,"","2025-12-08",Active,PO-202604-0096,"",""
PR0000080,GR-202604-0011,"2026-04-02",SUP-024,SUP-024,深圳云台技术有限公司,M0028,PART-CAM-SURVEY-42MP,"4200万像素测绘相机",WH002,东莞天翼电子材料仓库,174,5201.61,905080.14,USD,0.13,月结45天,德邦物流,LOG20221208420051,"2026-04-09","2026-04-12","2026-04-14",待验收,"","2025-12-06",Active,PO-202604-0096,"",""
PR0000081,GR-202604-0066,"2026-04-02",SUP-024,SUP-024,深圳云台技术有限公司,M0028,PART-CAM-SURVEY-42MP,"4200万像素测绘相机",WH002,东莞天翼电子材料仓库,305,5185.03,1581434.15,USD,0.13,月结45天,中铁快运,LOG20221219414271,"2026-04-09","2026-04-12","2026-04-14",已验收,提前交付,"2025-12-17",Active,PO-202604-0096,"",""
PR0000082,GR-202604-0231,"2026-04-02",SUP-036,SUP-036,深圳激光雷达技术公司,M0029,PART-LIDAR,激光雷达模块,WH002,东莞天翼电子材料仓库,1388,279.48,387918.24,CNY,0.13,月结45天,申通快递,LOG20230227280113,"2026-04-09","2026-04-12","2026-04-14",待验收,需加急处理,"2025-02-24",Active,PO-202604-0145,"",""
PR0000083,GR-202604-0311,"2026-04-02",SUP-036,SUP-036,深圳激光雷达技术公司,M0029,PART-LIDAR,激光雷达模块,WH002,东莞天翼电子材料仓库,626,317.69,198873.94,CNY,0.13,月结45天,中铁快运,LOG20230315146724,"2026-04-09","2026-04-12","2026-04-14",已验收,"","2025-03-14",Active,PO-202604-0145,"",""
PR0000084,GR-202604-0331,"2026-04-02",SUP-036,SUP-036,深圳激光雷达技术公司,M0029,PART-LIDAR,激光雷达模块,WH002,东莞天翼电子材料仓库,877,282.18,247471.86,CNY,0.13,月结45天,德邦物流,LOG20230306295072,"2026-04-09","2026-04-12","2026-04-14",已验收,"","2025-03-05",Active,PO-202604-0145,"",""
PR0000085,GR-202604-0246,"2026-04-02",SUP-036,SUP-036,深圳激光雷达技术公司,M0029,PART-LIDAR,激光雷达模块,WH002,东莞天翼电子材料仓库,1203,310.05,372990.15,CNY,0.13,月结45天,韵达快递,LOG20230226360346,"2026-04-09","2026-04-12","2026-04-14",已验收,"","2025-02-24",Active,PO-202604-0145,"",""
PR0000086,GR-202604-0273,"2026-04-04",SUP-021,SUP-021,索尼半导体解决方案,M0030,PART-CAM-THERMAL,红外热成像相机,WH002,东莞天翼电子材料仓库,481,410.36,197383.16,CNY,0.13,月结30天,中通快递,LOG20230320963324,"2026-04-11","2026-04-14","2026-04-16",待验收,按时交付,"2025-03-17",Active,PO-202604-0156,"",""
PR0000087,GR-202604-0333,"2026-04-04",SUP-021,SUP-021,索尼半导体解决方案,M0030,PART-CAM-THERMAL,红外热成像相机,WH002,东莞天翼电子材料仓库,488,461.36,225143.68,CNY,0.13,月结30天,韵达快递,LOG20230325439521,"2026-04-11","2026-04-14","2026-04-16",待验收,"","2025-03-24",Active,PO-202604-0156,"",""
PR0000088,GR-202604-0353,"2026-04-04",SUP-021,SUP-021,索尼半导体解决方案,M0030,PART-CAM-THERMAL,红外热成像相机,WH002,东莞天翼电子材料仓库,162,452.75,73345.5,CNY,0.13,月结30天,安能物流,LOG20230403243686,"2026-04-11","2026-04-14","2026-04-16",待验收,"","2025-04-02",Active,PO-202604-0156,"",""
PR0000089,GR-202604-0279,"2026-04-04",SUP-022,SUP-022,豪威科技（OmniVision）,M0031,PART-CAM-ZOOM-30X,"30倍变焦可见光相机",WH002,东莞天翼电子材料仓库,638,4435.93,2830123.34,CNY,0.13,月结30天,中通快递,LOG20230320330337,"2026-04-11","2026-04-14","2026-04-16",待验收,"","2025-03-18",Active,PO-202604-0157,"",""
PR0000090,GR-202604-0350,"2026-04-04",SUP-022,SUP-022,豪威科技（OmniVision）,M0031,PART-CAM-ZOOM-30X,"30倍变焦可见光相机",WH002,东莞天翼电子材料仓库,274,4950.09,1356324.66,CNY,0.13,月结30天,韵达快递,LOG20230407808526,"2026-04-11","2026-04-14","2026-04-16",已验收,"","2025-04-06",Active,PO-202604-0157,"",""
PR0000091,GR-202604-0268,"2026-04-02",SUP-035,SUP-035,北京智能视觉科技公司,M0032,PART-SPOTLIGHT-50W,"50W强光照明灯",WH002,东莞天翼电子材料仓库,855,704.52,602364.6,CNY,0.13,月结30天,申通快递,LOG20230327275378,"2026-04-09","2026-04-12","2026-04-14",已验收,质量合格,"2025-03-26",Active,PO-202604-0155,"",""
PR0000092,GR-202604-0297,"2026-04-02",SUP-035,SUP-035,北京智能视觉科技公司,M0032,PART-SPOTLIGHT-50W,"50W强光照明灯",WH002,东莞天翼电子材料仓库,1160,670.59,777884.4,CNY,0.13,月结30天,韵达快递,LOG20230323818789,"2026-04-09","2026-04-12","2026-04-14",已验收,"","2025-03-21",Active,PO-202604-0155,"",""
PR0000093,GR-202604-0344,"2026-04-02",SUP-035,SUP-035,北京智能视觉科技公司,M0032,PART-SPOTLIGHT-50W,"50W强光照明灯",WH002,东莞天翼电子材料仓库,588,597.44,351294.72,CNY,0.13,月结30天,中通快递,LOG20230314876591,"2026-04-09","2026-04-12","2026-04-14",待验收,"","2025-03-13",Active,PO-202604-0155,"",""
PR0000094,GR-202604-0343,"2026-04-02",SUP-035,SUP-035,北京智能视觉科技公司,M0032,PART-SPOTLIGHT-50W,"50W强光照明灯",WH002,东莞天翼电子材料仓库,915,636.76,582635.4,CNY,0.13,月结30天,中铁快运,LOG20230401258400,"2026-04-09","2026-04-12","2026-04-14",验收中,"","2025-03-29",Active,PO-202604-0155,"",""
PR0000095,GR-202605-0009,"2026-05-03",SUP-025,SUP-025,东莞碳纤维复合材料厂,M0033,PART-FRAME-HEX-CF,六轴碳纤维机架,WH002,东莞天翼电子材料仓库,1353,895.73,1211922.69,CNY,0.13,月结30天,中通快递,LOG20230123686300,"2026-05-10","2026-05-13","2026-05-15",验收中,历史到货-原采购订单PO-202605-0007超量，已解除采购订单关联,"2025-01-22",Active,"","",""
PR0000096,GR-202605-0012,"2026-05-03",SUP-025,SUP-025,东莞碳纤维复合材料厂,M0033,PART-FRAME-HEX-CF,六轴碳纤维机架,WH002,东莞天翼电子材料仓库,801,909.53,728533.53,CNY,0.13,月结30天,安能物流,LOG20230124552305,"2026-05-10","2026-05-13","2026-05-15",已验收,历史到货-原采购订单PO-202605-0007超量，已解除采购订单关联,"2025-01-21",Active,"","",""
PR0000097,GR-202605-0004,"2026-05-03",SUP-025,SUP-025,东莞碳纤维复合材料厂,M0033,PART-FRAME-HEX-CF,六轴碳纤维机架,WH002,东莞天翼电子材料仓库,1244,848.74,1055832.56,CNY,0.13,月结30天,德邦物流,LOG20230122195718,"2026-05-10","2026-05-13","2026-05-15",验收中,历史到货-原采购订单PO-202605-0007超量，已解除采购订单关联,"2025-01-20",Active,"","",""
PR0000098,GR-202604-0164,"2026-04-04",SUP-020,SUP-020,格氏ace电池科技,M0034,PART-BAT-12S-16000,"12S16000mAh工业电池",WH003,深圳天翼配件仓库,540,2111.97,1140463.8,USD,0.13,信用证,安能物流,LOG20230116597729,"2026-04-11","2026-04-14","2026-04-16",已验收,"","2025-01-15",Active,PO-202604-0130,"",""
PR0000099,GR-202604-0146,"2026-04-04",SUP-020,SUP-020,格氏ace电池科技,M0034,PART-BAT-12S-16000,"12S16000mAh工业电池",WH003,深圳天翼配件仓库,250,1956.8,489200.0,USD,0.13,信用证,圆通速递,LOG20230123894455,"2026-04-11","2026-04-14","2026-04-16",已验收,"","2025-01-20",Active,PO-202604-0130,"",""
PR0000100,GR-202604-0155,"2026-04-04",SUP-020,SUP-020,格氏ace电池科技,M0034,PART-BAT-12S-16000,"12S16000mAh工业电池",WH003,深圳天翼配件仓库,379,2294.55,869634.45,USD,0.13,信用证,中通快递,LOG20230113805742,"2026-04-11","2026-04-14","2026-04-16",待验收,"","2025-01-12",Active,PO-202604-0130,"",""
PR0000101,GR-202605-0006,"2026-05-02",SUP-038,SUP-038,深圳农业喷洒系统公司,M0035,PART-SPRAYER-20L,"20升智能喷洒系统",WH003,深圳天翼配件仓库,1319,4114.64,5427210.16,USD,0.13,信用证,顺丰速运,LOG20230119777152,"2026-05-09","2026-05-12","2026-05-14",已验收,历史到货-原采购订单PO-202605-0010超量，已解除采购订单关联,"2025-01-17",Active,"","",""
PR0000102,GR-202605-0007,"2026-05-02",SUP-038,SUP-038,深圳农业喷洒系统公司,M0035,PART-SPRAYER-20L,"20升智能喷洒系统",WH003,深圳天翼配件仓库,1525,3973.64,6059801.0,USD,0.13,信用证,韵达快递,LOG20230121709415,"2026-05-09","2026-05-12","2026-05-14",验收中,需加急处理;历史到货-原采购订单PO-202605-0010超量，已解除采购订单关联,"2025-01-19",Active,"","",""
PR0000103,GR-202604-0148,"2026-04-03",SUP-026,SUP-026,中航复合材料有限公司,M0036,PART-FRAME-HEX-CF-HD,六轴重载碳纤维机架,WH002,东莞天翼电子材料仓库,806,1669.46,1345584.76,USD,0.13,月结45天,圆通速递,LOG20230110781004,"2026-04-10","2026-04-13","2026-04-15",验收中,历史到货-原采购订单PO-202604-0026超量，已解除采购订单关联,"2025-01-09",Active,"","",""
PR0000104,GR-202604-0060,"2026-04-03",SUP-026,SUP-026,中航复合材料有限公司,M0036,PART-FRAME-HEX-CF-HD,六轴重载碳纤维机架,WH002,东莞天翼电子材料仓库,1138,1443.25,1642418.5,USD,0.13,月结45天,申通快递,LOG20230101442695,"2026-04-10","2026-04-13","2026-04-15",已验收,历史到货-原采购订单PO-202604-0026超量，已解除采购订单关联,"2025-12-29",Active,"","",""
PR0000105,GR-202604-0093,"2026-04-03",SUP-026,SUP-026,中航复合材料有限公司,M0036,PART-FRAME-HEX-CF-HD,六轴重载碳纤维机架,WH002,东莞天翼电子材料仓库,955,1666.25,1591268.75,USD,0.13,月结45天,中铁快运,LOG20230107305125,"2026-04-10","2026-04-13","2026-04-15",已验收,历史到货-原采购订单PO-202604-0026超量，已解除采购订单关联,"2025-01-04",Active,"","",""
PR0000106,GR-202604-0125,"2026-04-03",SUP-026,SUP-026,中航复合材料有限公司,M0036,PART-FRAME-HEX-CF-HD,六轴重载碳纤维机架,WH002,东莞天翼电子材料仓库,949,1498.48,1422057.52,USD,0.13,月结45天,中铁快运,LOG20230113731094,"2026-04-10","2026-04-13","2026-04-15",已验收,按时交付;历史到货-原采购订单PO-202604-0026超量，已解除采购订单关联,"2025-01-11",Active,"","",""
PR0000107,GR-202604-0103,"2026-04-03",SUP-012,SUP-012,深圳大疆创新动力系统,M0037,PART-MOTOR-5010-PRO,"5010重载无刷电机",WH004,惠州天翼机电半成品仓库,876,1755.17,1537528.92,CNY,0.13,月结45天,中通快递,LOG20230117449412,"2026-04-10","2026-04-13","2026-04-15",验收中,按时交付;历史到货-原采购订单PO-202604-0029超量，已解除采购订单关联,"2025-01-14",Active,"","",""
PR0000108,GR-202604-0088,"2026-04-03",SUP-012,SUP-012,深圳大疆创新动力系统,M0037,PART-MOTOR-5010-PRO,"5010重载无刷电机",WH004,惠州天翼机电半成品仓库,711,1906.04,1355194.44,CNY,0.13,月结45天,中通快递,LOG20230115434510,"2026-04-10","2026-04-13","2026-04-15",待验收,提前交付,"2025-01-14",Active,PO-202604-0029,"",""
PR0000109,GR-202604-0110,"2026-04-03",SUP-012,SUP-012,深圳大疆创新动力系统,M0037,PART-MOTOR-5010-PRO,"5010重载无刷电机",WH004,惠州天翼机电半成品仓库,1406,2050.72,2883312.32,CNY,0.13,月结45天,中铁快运,LOG20230105607672,"2026-04-10","2026-04-13","2026-04-15",已验收,历史到货-原采购订单PO-202604-0029超量，已解除采购订单关联,"2025-01-04",Active,"","",""
PR0000110,GR-202604-0132,"2026-04-04",SUP-013,SUP-013,美国Castle电调公司,M0038,PART-ESC-60A,"60A电调",WH004,惠州天翼机电半成品仓库,1843,588.61,1084808.23,CNY,0.13,月结30天,安能物流,LOG20230130559851,"2026-04-11","2026-04-14","2026-04-06",已验收,历史到货-原采购订单PO-202604-0030超量，已解除采购订单关联,"2025-01-28",Active,"","",""
PR0000111,GR-202604-0151,"2026-04-04",SUP-013,SUP-013,美国Castle电调公司,M0038,PART-ESC-60A,"60A电调",WH004,惠州天翼机电半成品仓库,1765,637.98,1126034.7,CNY,0.13,月结30天,中通快递,LOG20230202383837,"2026-04-11","2026-04-14","2026-04-16",验收中,历史到货-原采购订单PO-202604-0030超量，已解除采购订单关联,"2025-01-30",Active,"","",""
PR0000112,GR-202604-0166,"2026-04-04",SUP-013,SUP-013,美国Castle电调公司,M0038,PART-ESC-60A,"60A电调",WH004,惠州天翼机电半成品仓库,681,616.06,419536.86,CNY,0.13,月结30天,圆通速递,LOG20230201819901,"2026-04-11","2026-04-14","2026-04-16",验收中,"","2025-01-30",Active,PO-202604-0030,"",""
PR0000113,GR-202604-0235,"2026-04-03",SUP-016,SUP-016,APC螺旋桨美国公司,M0039,PART-PROP-3016-CF,"3016碳纤螺旋桨",WH004,惠州天翼机电半成品仓库,573,109.24,62594.52,USD,0.13,"预付50%,货到付清",中铁快运,LOG20230214183031,"2026-04-10","2026-04-13","2026-04-15",验收中,"","2025-02-11",Active,PO-202604-0031,"",""
PR0000114,GR-202604-0314,"2026-04-03",SUP-016,SUP-016,APC螺旋桨美国公司,M0039,PART-PROP-3016-CF,"3016碳纤螺旋桨",WH004,惠州天翼机电半成品仓库,598,118.63,70940.74,USD,0.13,"预付50%,货到付清",韵达快递,LOG20230304217747,"2026-04-10","2026-04-13","2026-04-15",已验收,需加急处理;历史到货-原采购订单PO-202604-0031超量，已解除采购订单关联,"2025-03-02",Active,"","",""
PR0000115,GR-202604-0229,"2026-04-03",SUP-016,SUP-016,APC螺旋桨美国公司,M0039,PART-PROP-3016-CF,"3016碳纤螺旋桨",WH004,惠州天翼机电半成品仓库,924,110.85,102425.4,USD,0.13,"预付50%,货到付清",百世快递,LOG20230222639496,"2026-04-10","2026-04-13","2026-04-15",待验收,部分延期,"2025-02-19",Active,PO-202604-0031,"",""
PR0000116,GR-202604-0258,"2026-04-03",SUP-016,SUP-016,APC螺旋桨美国公司,M0039,PART-PROP-3016-CF,"3016碳纤螺旋桨",WH004,惠州天翼机电半成品仓库,776,104.07,80758.32,USD,0.13,"预付50%,货到付清",申通快递,LOG20230214142378,"2026-04-10","2026-04-13","2026-04-15",已验收,历史到货-原采购订单PO-202604-0031超量，已解除采购订单关联,"2025-02-12",Active,"","",""
PR0000117,GR-202604-0154,"2026-04-04",SUP-020,SUP-020,格氏ace电池科技,M0040,PART-BAT-12S-22000,"12S22000mAh重载电池",WH003,深圳天翼配件仓库,214,1002.64,214564.96,CNY,0.13,月结60天,德邦物流,LOG20230113716608,"2026-04-11","2026-04-14","2026-04-16",验收中,"","2025-01-11",Active,PO-202604-0032,"",""
PR0000118,GR-202604-0162,"2026-04-04",SUP-020,SUP-020,格氏ace电池科技,M0040,PART-BAT-12S-22000,"12S22000mAh重载电池",WH003,深圳天翼配件仓库,222,1120.55,248762.1,CNY,0.13,月结60天,安能物流,LOG20230122364399,"2026-04-11","2026-04-14","2026-04-16",已验收,历史到货-原采购订单PO-202604-0032超量，已解除采购订单关联,"2025-01-20",Active,"","",""
PR0000119,GR-202604-0111,"2026-04-04",SUP-020,SUP-020,格氏ace电池科技,M0040,PART-BAT-12S-22000,"12S22000mAh重载电池",WH003,深圳天翼配件仓库,182,1055.58,192115.56,CNY,0.13,月结60天,中通快递,LOG20230118380779,"2026-04-11","2026-04-14","2026-04-16",验收中,"","2025-01-15",Active,PO-202604-0032,"",""
PR0000120,GR-202604-0157,"2026-04-04",SUP-020,SUP-020,格氏ace电池科技,M0040,PART-BAT-12S-22000,"12S22000mAh重载电池",WH003,深圳天翼配件仓库,569,1209.12,687989.28,CNY,0.13,月结60天,中通快递,LOG20230129768545,"2026-04-11","2026-04-14","2026-04-16",已验收,历史到货-原采购订单PO-202604-0032超量，已解除采购订单关联,"2025-01-28",Active,"","",""
PR0000121,GR-202605-0010,"2026-05-02",SUP-038,SUP-038,深圳农业喷洒系统公司,M0041,PART-SPRAYER-30L,"30升智能喷洒系统",WH003,深圳天翼配件仓库,415,296.87,123201.05,CNY,0.13,"预付50%,货到付清",安能物流,LOG20230112585603,"2026-05-09","2026-05-12","2026-05-14",待验收,历史到货-原采购订单PO-202605-0049超量，已解除采购订单关联,"2025-01-09",Active,"","",""
PR0000122,GR-202605-0008,"2026-05-02",SUP-038,SUP-038,深圳农业喷洒系统公司,M0041,PART-SPRAYER-30L,"30升智能喷洒系统",WH003,深圳天翼配件仓库,411,326.31,134113.41,CNY,0.13,"预付50%,货到付清",百世快递,LOG20230121656203,"2026-05-09","2026-05-12","2026-05-14",已验收,"","2025-01-19",Active,PO-202605-0049,"",""
PR0000123,GR-202605-0005,"2026-05-02",SUP-038,SUP-038,深圳农业喷洒系统公司,M0041,PART-SPRAYER-30L,"30升智能喷洒系统",WH003,深圳天翼配件仓库,735,279.17,205189.95,CNY,0.13,"预付50%,货到付清",申通快递,LOG20230114485549,"2026-05-09","2026-05-12","2026-05-14",待验收,历史到货-原采购订单PO-202605-0049超量，已解除采购订单关联,"2025-01-13",Active,"","",""
PR0000124,GR-202605-0011,"2026-05-02",SUP-038,SUP-038,深圳农业喷洒系统公司,M0041,PART-SPRAYER-30L,"30升智能喷洒系统",WH003,深圳天翼配件仓库,988,287.89,284435.32,CNY,0.13,"预付50%,货到付清",顺丰速运,LOG20230127353593,"2026-05-09","2026-05-12","2026-05-14",已验收,历史到货-原采购订单PO-202605-0049超量，已解除采购订单关联,"2025-01-24",Active,"","",""
PR0000125,GR-202604-0345,"2026-04-02",SUP-028,SUP-028,台州塑料注塑成型公司,M0042,COMP-FRAME-PLA,塑料机身框架,WH002,东莞天翼电子材料仓库,1169,4061.04,4747355.76,CNY,0.13,款到发货,中铁快运,LOG20230403905597,"2026-04-09","2026-04-12","2026-04-14",已验收,"","2025-04-01",Active,PO-202604-0166,"",""
PR0000126,GR-202604-0312,"2026-04-02",SUP-028,SUP-028,台州塑料注塑成型公司,M0042,COMP-FRAME-PLA,塑料机身框架,WH002,东莞天翼电子材料仓库,1372,4010.9,5502954.8,CNY,0.13,款到发货,顺丰速运,LOG20230328180625,"2026-04-09","2026-04-12","2026-04-14",已验收,"","2025-03-27",Active,PO-202604-0166,"",""
PR0000127,GR-202604-0266,"2026-04-03",SUP-028,SUP-028,台州塑料注塑成型公司,M0043,COMP-COVER-PLA-UP,塑料上盖,WH002,东莞天翼电子材料仓库,821,1302.91,1069689.11,CNY,0.13,款到发货,中铁快运,LOG20230302705982,"2026-04-10","2026-04-13","2026-04-15",已验收,按时交付,"2025-03-01",Active,PO-202604-0153,"",""
PR0000128,GR-202604-0302,"2026-04-03",SUP-028,SUP-028,台州塑料注塑成型公司,M0043,COMP-COVER-PLA-UP,塑料上盖,WH002,东莞天翼电子材料仓库,465,1309.33,608838.45,CNY,0.13,款到发货,韵达快递,LOG20230314206563,"2026-04-10","2026-04-13","2026-04-15",已验收,"","2025-03-12",Active,PO-202604-0153,"",""
PR0000129,GR-202604-0270,"2026-04-03",SUP-028,SUP-028,台州塑料注塑成型公司,M0043,COMP-COVER-PLA-UP,塑料上盖,WH002,东莞天翼电子材料仓库,416,1486.4,618342.4,CNY,0.13,款到发货,德邦物流,LOG20230302590259,"2026-04-10","2026-04-13","2026-04-15",待验收,"","2025-03-01",Active,PO-202604-0153,"",""
PR0000130,GR-202604-0274,"2026-04-03",SUP-028,SUP-028,台州塑料注塑成型公司,M0043,COMP-COVER-PLA-UP,塑料上盖,WH002,东莞天翼电子材料仓库,846,1432.6,1211979.6,CNY,0.13,款到发货,中铁快运,LOG20230309394423,"2026-04-10","2026-04-13","2026-04-15",待验收,"","2025-03-08",Active,PO-202604-0153,"",""
PR0000131,GR-202604-0172,"2026-04-03",SUP-028,SUP-028,台州塑料注塑成型公司,M0044,COMP-COVER-PLA-DN,塑料下盖,WH002,东莞天翼电子材料仓库,935,685.08,640549.8,CNY,0.13,款到发货,顺丰速运,LOG20230123237219,"2026-04-10","2026-04-13","2026-04-15",已验收,"","2025-01-20",Active,PO-202604-0119,"",""
PR0000132,GR-202604-0242,"2026-04-03",SUP-028,SUP-028,台州塑料注塑成型公司,M0044,COMP-COVER-PLA-DN,塑料下盖,WH002,东莞天翼电子材料仓库,1045,622.0,649990.0,CNY,0.13,款到发货,安能物流,LOG20230203533125,"2026-04-10","2026-04-13","2026-04-15",已验收,提前交付,"2025-02-02",Active,PO-202604-0119,"",""
PR0000133,GR-202604-0108,"2026-04-03",SUP-028,SUP-028,台州塑料注塑成型公司,M0044,COMP-COVER-PLA-DN,塑料下盖,WH002,东莞天翼电子材料仓库,592,628.62,372143.04,CNY,0.13,款到发货,京东物流,LOG20230119824852,"2026-04-10","2026-04-13","2026-04-15",已验收,"","2025-01-18",Active,PO-202604-0119,"",""
PR0000134,GR-202604-0173,"2026-04-03",SUP-028,SUP-028,台州塑料注塑成型公司,M0044,COMP-COVER-PLA-DN,塑料下盖,WH002,东莞天翼电子材料仓库,847,736.87,624128.89,CNY,0.13,款到发货,韵达快递,LOG20230128763126,"2026-04-10","2026-04-13","2026-04-15",已验收,"","2025-01-26",Active,PO-202604-0119,"",""
PR0000135,GR-202604-0122,"2026-04-02",SUP-026,SUP-026,中航复合材料有限公司,M0045,COMP-LG-PLA,塑料起落架,WH002,东莞天翼电子材料仓库,2186,2923.58,6390945.88,USD,0.13,信用证,申通快递,LOG20230121769201,"2026-04-09","2026-04-12","2026-04-14",已验收,"","2025-01-18",Active,PO-202604-0126,"",""
PR0000136,GR-202604-0150,"2026-04-02",SUP-026,SUP-026,中航复合材料有限公司,M0045,COMP-LG-PLA,塑料起落架,WH002,东莞天翼电子材料仓库,2178,2732.62,5951646.36,USD,0.13,信用证,安能物流,LOG20230115233884,"2026-04-09","2026-04-12","2026-04-14",已验收,提前交付,"2025-01-14",Active,PO-202604-0126,"",""
PR0000137,GR-202604-0161,"2026-04-02",SUP-040,SUP-040,深圳标准紧固件公司,M0046,PART-SCREW-M3-10,M3x10螺钉,WH002,东莞天翼电子材料仓库,793,3905.24,3096855.32,USD,0.13,月结60天,安能物流,LOG20230131153964,"2026-04-09","2026-04-12","2026-04-14",待验收,"","2025-01-28",Active,PO-202604-0116,"",""
PR0000138,GR-202604-0101,"2026-04-02",SUP-040,SUP-040,深圳标准紧固件公司,M0046,PART-SCREW-M3-10,M3x10螺钉,WH002,东莞天翼电子材料仓库,1042,3678.71,3833215.82,USD,0.13,月结60天,京东物流,LOG20230130273071,"2026-04-09","2026-04-12","2026-04-14",待验收,质量合格,"2025-01-28",Active,PO-202604-0116,"",""
PR0000139,GR-202604-0180,"2026-04-02",SUP-040,SUP-040,深圳标准紧固件公司,M0046,PART-SCREW-M3-10,M3x10螺钉,WH002,东莞天翼电子材料仓库,1075,4230.55,4547841.25,USD,0.13,月结60天,圆通速递,LOG20230202378293,"2026-04-09","2026-04-12","2026-04-14",待验收,"","2025-01-30",Active,PO-202604-0116,"",""
PR0000140,GR-202604-0337,"2026-04-02",SUP-041,SUP-041,东莞减震件制造厂,M0047,PART-DAMPER-SOFT,减震球,WH002,东莞天翼电子材料仓库,1282,3524.8,4518793.6,CNY,0.13,月结30天,百世快递,LOG20230330381649,"2026-04-09","2026-04-12","2026-04-14",已验收,"","2025-03-28",Active,PO-202604-0160,"",""
PR0000141,GR-202604-0285,"2026-04-02",SUP-041,SUP-041,东莞减震件制造厂,M0047,PART-DAMPER-SOFT,减震球,WH002,东莞天翼电子材料仓库,834,3113.8,2596909.2,CNY,0.13,月结30天,圆通速递,LOG20230330798974,"2026-04-09","2026-04-12","2026-04-14",已验收,部分延期,"2025-03-28",Active,PO-202604-0160,"",""
PR0000142,GR-202604-0339,"2026-04-02",SUP-041,SUP-041,东莞减震件制造厂,M0047,PART-DAMPER-SOFT,减震球,WH002,东莞天翼电子材料仓库,683,3357.46,2293145.18,CNY,0.13,月结30天,德邦物流,LOG20230319200568,"2026-04-09","2026-04-12","2026-04-14",待验收,"","2025-03-16",Active,PO-202604-0160,"",""
PR0000143,GR-202604-0211,"2026-04-04",SUP-026,SUP-026,中航复合材料有限公司,M0048,COMP-FRAME-CF,碳纤维机身框架,WH002,东莞天翼电子材料仓库,1078,2421.07,2609913.46,CNY,0.13,"预付30%,货到付清",顺丰速运,LOG20230206959106,"2026-04-11","2026-04-14","2026-04-16",已验收,"","2025-02-04",Active,PO-202604-0141,"",""
PR0000144,GR-202604-0227,"2026-04-04",SUP-026,SUP-026,中航复合材料有限公司,M0048,COMP-FRAME-CF,碳纤维机身框架,WH002,东莞天翼电子材料仓库,1082,2537.99,2746105.18,CNY,0.13,"预付30%,货到付清",韵达快递,LOG20230209283488,"2026-04-11","2026-04-14","2026-04-16",已验收,"","2025-02-06",Active,PO-202604-0141,"",""
PR0000145,GR-202604-0255,"2026-04-04",SUP-026,SUP-026,中航复合材料有限公司,M0048,COMP-FRAME-CF,碳纤维机身框架,WH002,东莞天翼电子材料仓库,984,2497.94,2457972.96,CNY,0.13,"预付30%,货到付清",京东物流,LOG20230217257418,"2026-04-11","2026-04-14","2026-04-16",已验收,提前交付,"2025-02-16",Active,PO-202604-0141,"",""
PR0000146,GR-202604-0097,"2026-04-03",SUP-025,SUP-025,东莞碳纤维复合材料厂,M0049,COMP-ARM-CF-TUBE,碳纤维机臂管,WH002,东莞天翼电子材料仓库,731,3224.89,2357394.59,CNY,0.13,月结45天,顺丰速运,LOG20230104499642,"2026-04-10","2026-04-13","2026-04-15",待验收,"","2025-01-03",Active,PO-202604-0114,"",""
PR0000147,GR-202604-0141,"2026-04-03",SUP-025,SUP-025,东莞碳纤维复合材料厂,M0049,COMP-ARM-CF-TUBE,碳纤维机臂管,WH002,东莞天翼电子材料仓库,929,3223.24,2994389.96,CNY,0.13,月结45天,圆通速递,LOG20230112717313,"2026-04-10","2026-04-13","2026-04-15",已验收,"","2025-01-11",Active,PO-202604-0114,"",""
PR0000148,GR-202604-0156,"2026-04-03",SUP-025,SUP-025,东莞碳纤维复合材料厂,M0049,COMP-ARM-CF-TUBE,碳纤维机臂管,WH002,东莞天翼电子材料仓库,639,3568.35,2280175.65,CNY,0.13,月结45天,韵达快递,LOG20230103467705,"2026-04-10","2026-04-13","2026-04-15",已验收,"","2025-01-02",Active,PO-202604-0114,"",""
PR0000149,GR-202604-0092,"2026-04-03",SUP-025,SUP-025,东莞碳纤维复合材料厂,M0049,COMP-ARM-CF-TUBE,碳纤维机臂管,WH002,东莞天翼电子材料仓库,1632,3510.59,5729282.88,CNY,0.13,月结45天,德邦物流,LOG20230120189313,"2026-04-10","2026-04-13","2026-04-15",已验收,"","2025-01-18",Active,PO-202604-0114,"",""
PR0000150,GR-202604-0349,"2026-04-02",SUP-027,SUP-027,深圳铝合金精密加工厂,M0050,COMP-MOTOR-MOUNT-AL,铝合金电机座,WH004,惠州天翼机电半成品仓库,1674,2027.75,3394453.5,CNY,0.13,月结30天,中铁快运,LOG20230406515534,"2026-04-09","2026-04-12","2026-04-14",待验收,需加急处理,"2025-04-05",Active,PO-202604-0151,"",""
PR0000151,GR-202604-0263,"2026-04-02",SUP-027,SUP-027,深圳铝合金精密加工厂,M0050,COMP-MOTOR-MOUNT-AL,铝合金电机座,WH004,惠州天翼机电半成品仓库,2082,1986.22,4135310.04,CNY,0.13,月结30天,京东物流,LOG20230322921138,"2026-04-09","2026-04-12","2026-04-14",待验收,提前交付,"2025-03-21",Active,PO-202604-0151,"",""
PR0000152,GR-202604-0061,"2026-04-02",SUP-026,SUP-026,中航复合材料有限公司,M0051,COMP-LG-CF,碳纤维起落架,WH002,东莞天翼电子材料仓库,1217,535.82,652092.94,USD,0.13,信用证,圆通速递,LOG20221222256483,"2026-04-09","2026-04-12","2026-04-14",已验收,"","2025-12-21",Active,PO-202604-0098,"",""
PR0000153,GR-202604-0014,"2026-04-02",SUP-026,SUP-026,中航复合材料有限公司,M0051,COMP-LG-CF,碳纤维起落架,WH002,东莞天翼电子材料仓库,771,556.79,429285.09,USD,0.13,信用证,圆通速递,LOG20221227411501,"2026-04-09","2026-04-12","2026-04-14",已验收,提前交付,"2025-12-25",Active,PO-202604-0098,"",""
PR0000154,GR-202604-0085,"2026-04-02",SUP-026,SUP-026,中航复合材料有限公司,M0051,COMP-LG-CF,碳纤维起落架,WH002,东莞天翼电子材料仓库,1124,522.79,587615.96,USD,0.13,信用证,顺丰速运,LOG20221222877898,"2026-04-09","2026-04-12","2026-04-14",已验收,"","2025-12-20",Active,PO-202604-0098,"",""
PR0000155,GR-202604-0234,"2026-04-02",SUP-040,SUP-040,深圳标准紧固件公司,M0052,PART-SCREW-M3-12,M3x12螺钉,WH002,东莞天翼电子材料仓库,1204,2295.33,2763577.32,CNY,0.13,月结45天,京东物流,LOG20230204376353,"2026-04-09","2026-04-12","2026-04-14",已验收,"","2025-02-02",Active,PO-202604-0117,"",""
PR0000156,GR-202604-0177,"2026-04-02",SUP-040,SUP-040,深圳标准紧固件公司,M0052,PART-SCREW-M3-12,M3x12螺钉,WH002,东莞天翼电子材料仓库,751,2389.5,1794514.5,CNY,0.13,月结45天,京东物流,LOG20230124964574,"2026-04-09","2026-04-12","2026-04-14",已验收,"","2025-01-22",Active,PO-202604-0117,"",""
PR0000157,GR-202604-0105,"2026-04-02",SUP-040,SUP-040,深圳标准紧固件公司,M0052,PART-SCREW-M3-12,M3x12螺钉,WH002,东莞天翼电子材料仓库,847,2249.25,1905114.75,CNY,0.13,月结45天,申通快递,LOG20230127466442,"2026-04-09","2026-04-12","2026-04-14",已验收,"","2025-01-25",Active,PO-202604-0117,"",""
PR0000158,GR-202604-0252,"2026-04-03",SUP-041,SUP-041,东莞减震件制造厂,M0053,PART-DAMPER-MED,中等硬度减震球,WH002,东莞天翼电子材料仓库,848,2130.41,1806587.68,CNY,0.13,月结60天,中铁快运,LOG20230220624087,"2026-04-10","2026-04-13","2026-04-15",已验收,"","2025-02-19",Active,PO-202604-0148,"",""
PR0000159,GR-202604-0342,"2026-04-03",SUP-041,SUP-041,东莞减震件制造厂,M0053,PART-DAMPER-MED,中等硬度减震球,WH002,东莞天翼电子材料仓库,999,2120.06,2117939.94,CNY,0.13,月结60天,中通快递,LOG20230307550868,"2026-04-10","2026-04-13","2026-04-15",验收中,"","2025-03-06",Active,PO-202604-0148,"",""
PR0000160,GR-202604-0241,"2026-04-03",SUP-041,SUP-041,东莞减震件制造厂,M0053,PART-DAMPER-MED,中等硬度减震球,WH002,东莞天翼电子材料仓库,634,2375.3,1505940.2,CNY,0.13,月结60天,韵达快递,LOG20230227170464,"2026-04-10","2026-04-13","2026-04-15",已验收,"","2025-02-24",Active,PO-202604-0148,"",""
PR0000161,GR-202604-0251,"2026-04-03",SUP-041,SUP-041,东莞减震件制造厂,M0053,PART-DAMPER-MED,中等硬度减震球,WH002,东莞天翼电子材料仓库,804,2165.46,1741029.84,CNY,0.13,月结60天,申通快递,LOG20230226340308,"2026-04-10","2026-04-13","2026-04-15",验收中,需加急处理,"2025-02-23",Active,PO-202604-0148,"",""
PR0000162,GR-202604-0272,"2026-04-03",SUP-026,SUP-026,中航复合材料有限公司,M0054,COMP-FRAME-CF-IND,工业级碳纤维框架,WH002,东莞天翼电子材料仓库,855,2417.25,2066748.75,CNY,0.13,月结30天,德邦物流,LOG20230324850368,"2026-04-10","2026-04-13","2026-04-15",已验收,历史到货-原采购订单PO-202604-0066超量，已解除采购订单关联,"2025-03-21",Active,"","",""
PR0000163,GR-202604-0308,"2026-04-03",SUP-026,SUP-026,中航复合材料有限公司,M0054,COMP-FRAME-CF-IND,工业级碳纤维框架,WH002,东莞天翼电子材料仓库,1911,2410.15,4605796.65,CNY,0.13,月结30天,安能物流,LOG20230325488872,"2026-04-10","2026-04-13","2026-04-15",已验收,历史到货-原采购订单PO-202604-0066超量，已解除采购订单关联,"2025-03-24",Active,"","",""
PR0000164,GR-202604-0358,"2026-04-03",SUP-026,SUP-026,中航复合材料有限公司,M0054,COMP-FRAME-CF-IND,工业级碳纤维框架,WH002,东莞天翼电子材料仓库,1470,2382.84,3502774.8,CNY,0.13,月结30天,京东物流,LOG20230403738539,"2026-04-10","2026-04-13","2026-04-15",已验收,历史到货-原采购订单PO-202604-0066超量，已解除采购订单关联,"2025-04-01",Active,"","",""
PR0000165,GR-202604-0133,"2026-04-04",SUP-025,SUP-025,东莞碳纤维复合材料厂,M0055,COMP-ARM-CF-TUBE-HD,加强型碳纤维机臂,WH002,东莞天翼电子材料仓库,1120,541.75,606760.0,CNY,0.13,月结30天,德邦物流,LOG20230202175905,"2026-04-11","2026-04-14","2026-04-16",已验收,"","2025-01-31",Active,PO-202604-0067,"",""
PR0000166,GR-202604-0102,"2026-04-04",SUP-025,SUP-025,东莞碳纤维复合材料厂,M0055,COMP-ARM-CF-TUBE-HD,加强型碳纤维机臂,WH002,东莞天翼电子材料仓库,1643,537.06,882389.58,CNY,0.13,月结30天,百世快递,LOG20230126527142,"2026-04-11","2026-04-14","2026-04-16",验收中,历史到货-原采购订单PO-202604-0067超量，已解除采购订单关联,"2025-01-25",Active,"","",""
PR0000167,GR-202604-0171,"2026-04-04",SUP-025,SUP-025,东莞碳纤维复合材料厂,M0055,COMP-ARM-CF-TUBE-HD,加强型碳纤维机臂,WH002,东莞天翼电子材料仓库,1445,499.55,721849.75,CNY,0.13,月结30天,顺丰速运,LOG20230119935678,"2026-04-11","2026-04-14","2026-04-16",已验收,质量合格;历史到货-原采购订单PO-202604-0067超量，已解除采购订单关联,"2025-01-17",Active,"","",""
PR0000168,GR-202604-0120,"2026-04-04",SUP-027,SUP-027,深圳铝合金精密加工厂,M0056,COMP-MOTOR-MOUNT-AL-HD,重载铝合金电机座,WH004,惠州天翼机电半成品仓库,1196,4168.09,4985035.64,CNY,0.13,月结30天,京东物流,LOG20230127401372,"2026-04-11","2026-04-14","2026-04-16",已验收,"","2025-01-26",Active,PO-202604-0068,"",""
PR0000169,GR-202604-0228,"2026-04-04",SUP-027,SUP-027,深圳铝合金精密加工厂,M0056,COMP-MOTOR-MOUNT-AL-HD,重载铝合金电机座,WH004,惠州天翼机电半成品仓库,1299,4514.97,5864946.03,CNY,0.13,月结30天,顺丰速运,LOG20230206178182,"2026-04-11","2026-04-14","2026-04-16",验收中,按时交付;历史到货-原采购订单PO-202604-0068超量，已解除采购订单关联,"2025-02-04",Active,"","",""
PR0000170,GR-202604-0190,"2026-04-04",SUP-027,SUP-027,深圳铝合金精密加工厂,M0056,COMP-MOTOR-MOUNT-AL-HD,重载铝合金电机座,WH004,惠州天翼机电半成品仓库,868,3991.19,3464352.92,CNY,0.13,月结30天,安能物流,LOG20230204856516,"2026-04-11","2026-04-14","2026-04-16",已验收,提前交付;历史到货-原采购订单PO-202604-0068超量，已解除采购订单关联,"2025-02-01",Active,"","",""
PR0000171,GR-202604-0159,"2026-04-04",SUP-027,SUP-027,深圳铝合金精密加工厂,M0056,COMP-MOTOR-MOUNT-AL-HD,重载铝合金电机座,WH004,惠州天翼机电半成品仓库,406,4462.41,1811738.46,CNY,0.13,月结30天,韵达快递,LOG20230119219286,"2026-04-11","2026-04-14","2026-04-16",已验收,历史到货-原采购订单PO-202604-0068超量，已解除采购订单关联,"2025-01-17",Active,"","",""
PR0000172,GR-202604-0027,"2026-04-02",SUP-026,SUP-026,中航复合材料有限公司,M0057,COMP-LG-AL-IND,工业铝合金起落架,WH002,东莞天翼电子材料仓库,913,4421.18,4036537.34,USD,0.13,月结45天,安能物流,LOG20221223936441,"2026-04-09","2026-04-12","2026-04-14",已验收,历史到货-原采购订单PO-202604-0069超量，已解除采购订单关联,"2025-12-21",Active,"","",""
PR0000173,GR-202604-0100,"2026-04-02",SUP-026,SUP-026,中航复合材料有限公司,M0057,COMP-LG-AL-IND,工业铝合金起落架,WH002,东莞天翼电子材料仓库,1399,4341.75,6074108.25,USD,0.13,月结45天,韵达快递,LOG20230103132554,"2026-04-09","2026-04-12","2026-04-14",已验收,历史到货-原采购订单PO-202604-0069超量，已解除采购订单关联,"2025-01-01",Active,"","",""
PR0000174,GR-202604-0084,"2026-04-02",SUP-026,SUP-026,中航复合材料有限公司,M0057,COMP-LG-AL-IND,工业铝合金起落架,WH002,东莞天翼电子材料仓库,1399,4293.58,6006718.42,USD,0.13,月结45天,京东物流,LOG20221221199228,"2026-04-09","2026-04-12","2026-04-14",已验收,历史到货-原采购订单PO-202604-0069超量，已解除采购订单关联,"2025-12-20",Active,"","",""
PR0000175,GR-202604-0152,"2026-04-02",SUP-026,SUP-026,中航复合材料有限公司,M0057,COMP-LG-AL-IND,工业铝合金起落架,WH002,东莞天翼电子材料仓库,723,3821.78,2763146.94,USD,0.13,月结45天,中铁快运,LOG20230106497597,"2026-04-09","2026-04-12","2026-04-14",验收中,历史到货-原采购订单PO-202604-0069超量，已解除采购订单关联,"2025-01-03",Active,"","",""
PR0000176,GR-202604-0160,"2026-04-04",SUP-040,SUP-040,深圳标准紧固件公司,M0058,PART-SCREW-M4-16,M4x16螺钉,WH002,东莞天翼电子材料仓库,878,2378.37,2088208.86,USD,0.13,信用证,顺丰速运,LOG20230130776663,"2026-04-11","2026-04-14","2026-04-16",验收中,需加急处理,"2025-01-28",Active,PO-202604-0070,"",""
PR0000177,GR-202604-0199,"2026-04-04",SUP-040,SUP-040,深圳标准紧固件公司,M0058,PART-SCREW-M4-16,M4x16螺钉,WH002,东莞天翼电子材料仓库,859,2531.38,2174455.42,USD,0.13,信用证,圆通速递,LOG20230213927782,"2026-04-11","2026-04-14","2026-04-16",验收中,提前交付,"2025-02-11",Active,PO-202604-0070,"",""
PR0000178,GR-202604-0090,"2026-04-04",SUP-040,SUP-040,深圳标准紧固件公司,M0058,PART-SCREW-M4-16,M4x16螺钉,WH002,东莞天翼电子材料仓库,1012,2441.4,2470696.8,USD,0.13,信用证,顺丰速运,LOG20230125963619,"2026-04-11","2026-04-14","2026-04-16",已验收,"","2025-01-24",Active,PO-202604-0070,"",""
PR0000179,GR-202605-0014,"2026-05-02",SUP-041,SUP-041,东莞减震件制造厂,M0059,PART-DAMPER-HARD,硬质减震球,WH002,东莞天翼电子材料仓库,2055,889.28,1827470.4,CNY,0.13,月结30天,申通快递,LOG20230402550707,"2026-05-09","2026-05-12","2026-05-14",已验收,历史到货-原采购订单PO-202605-0101超量，已解除采购订单关联,"2025-04-01",Active,"","",""
PR0000180,GR-202605-0013,"2026-05-02",SUP-041,SUP-041,东莞减震件制造厂,M0059,PART-DAMPER-HARD,硬质减震球,WH002,东莞天翼电子材料仓库,2160,802.68,1733788.8,CNY,0.13,月结30天,中通快递,LOG20230319290555,"2026-05-09","2026-05-12","2026-05-14",验收中,按时交付,"2025-03-18",Active,PO-202605-0101,"",""
PR0000181,GR-202604-0206,"2026-04-02",SUP-009,SUP-009,深圳华强PCB制造厂,M0060,COMP-FC-PCB-B1,基础飞控主板,WH002,东莞天翼电子材料仓库,829,1355.81,1123966.49,USD,0.13,月结45天,顺丰速运,LOG20230207919966,"2026-04-09","2026-04-12","2026-04-14",验收中,"","2025-02-05",Active,PO-202604-0137,"",""
PR0000182,GR-202604-0201,"2026-04-02",SUP-009,SUP-009,深圳华强PCB制造厂,M0060,COMP-FC-PCB-B1,基础飞控主板,WH002,东莞天翼电子材料仓库,664,1441.1,956890.4,USD,0.13,月结45天,顺丰速运,LOG20230212725184,"2026-04-09","2026-04-12","2026-04-14",已验收,"","2025-02-10",Active,PO-202604-0137,"",""
PR0000183,GR-202604-0230,"2026-04-02",SUP-009,SUP-009,深圳华强PCB制造厂,M0060,COMP-FC-PCB-B1,基础飞控主板,WH002,东莞天翼电子材料仓库,376,1296.82,487604.32,USD,0.13,月结45天,中通快递,LOG20230212834947,"2026-04-09","2026-04-12","2026-04-14",已验收,"","2025-02-10",Active,PO-202604-0137,"",""
PR0000184,GR-202604-0204,"2026-04-02",SUP-009,SUP-009,深圳华强PCB制造厂,M0060,COMP-FC-PCB-B1,基础飞控主板,WH002,东莞天翼电子材料仓库,535,1285.96,687988.6,USD,0.13,月结45天,安能物流,LOG20230206952417,"2026-04-09","2026-04-12","2026-04-14",已验收,"","2025-02-04",Active,PO-202604-0137,"",""
PR0000185,GR-202604-0250,"2026-04-04",SUP-004,SUP-004,博世传感器技术有限公司,M0061,PART-IMU-MPU6050,MPU6050六轴传感器,WH002,东莞天翼电子材料仓库,848,1426.18,1209400.64,CNY,0.13,月结30天,顺丰速运,LOG20230204387926,"2026-04-11","2026-04-14","2026-04-16",待验收,"","2025-02-02",Active,PO-202604-0113,"",""
PR0000186,GR-202604-0091,"2026-04-04",SUP-004,SUP-004,博世传感器技术有限公司,M0061,PART-IMU-MPU6050,MPU6050六轴传感器,WH002,东莞天翼电子材料仓库,692,1418.51,981608.92,CNY,0.13,月结30天,圆通速递,LOG20230131768532,"2026-04-11","2026-04-14","2026-04-16",验收中,"","2025-01-30",Active,PO-202604-0113,"",""
PR0000187,GR-202604-0245,"2026-04-04",SUP-004,SUP-004,博世传感器技术有限公司,M0061,PART-IMU-MPU6050,MPU6050六轴传感器,WH002,东莞天翼电子材料仓库,1230,1522.57,1872761.1,CNY,0.13,月结30天,安能物流,LOG20230209596628,"2026-04-11","2026-04-14","2026-04-16",验收中,"","2025-02-07",Active,PO-202604-0113,"",""
PR0000188,GR-202604-0203,"2026-04-04",SUP-004,SUP-004,博世传感器技术有限公司,M0061,PART-IMU-MPU6050,MPU6050六轴传感器,WH002,东莞天翼电子材料仓库,1276,1417.45,1808666.2,CNY,0.13,月结30天,申通快递,LOG20230206814882,"2026-04-11","2026-04-14","2026-04-16",验收中,"","2025-02-03",Active,PO-202604-0113,"",""
PR0000189,GR-202604-0017,"2026-04-03",SUP-006,SUP-006,楼氏电子（Knowles）,M0062,PART-BARO-MS5611,MS5611气压计,WH002,东莞天翼电子材料仓库,1126,4659.42,5246506.92,USD,0.13,月结45天,德邦物流,LOG20230102120931,"2026-04-10","2026-04-13","2026-04-15",已验收,"","2025-12-31",Active,PO-202604-0097,"",""
PR0000190,GR-202604-0124,"2026-04-03",SUP-006,SUP-006,楼氏电子（Knowles）,M0062,PART-BARO-MS5611,MS5611气压计,WH002,东莞天翼电子材料仓库,813,5118.41,4161267.33,USD,0.13,月结45天,安能物流,LOG20230106790146,"2026-04-10","2026-04-13","2026-04-15",已验收,"","2025-01-05",Active,PO-202604-0097,"",""
PR0000191,GR-202604-0012,"2026-04-03",SUP-006,SUP-006,楼氏电子（Knowles）,M0062,PART-BARO-MS5611,MS5611气压计,WH002,东莞天翼电子材料仓库,809,5073.14,4104170.26,USD,0.13,月结45天,圆通速递,LOG20230102896500,"2026-04-10","2026-04-13","2026-04-15",已验收,"","2025-12-31",Active,PO-202604-0097,"",""
PR0000192,GR-202604-0149,"2026-04-03",SUP-006,SUP-006,楼氏电子（Knowles）,M0062,PART-BARO-MS5611,MS5611气压计,WH002,东莞天翼电子材料仓库,1114,4650.87,5181069.18,USD,0.13,月结45天,百世快递,LOG20230105760743,"2026-04-10","2026-04-13","2026-04-15",已验收,"","2025-01-03",Active,PO-202604-0097,"",""
PR0000193,GR-202604-0004,"2026-04-02",SUP-007,SUP-007,u-blox瑞士公司,M0063,PART-GNSS-UBLOX-M8N,uBlox M8N GPS模块,WH002,东莞天翼电子材料仓库,1788,2628.98,4700616.24,USD,0.13,信用证,百世快递,LOG20230103788960,"2026-04-09","2026-04-12","2026-04-14",验收中,"","2025-12-31",Active,PO-202604-0095,"",""
PR0000194,GR-202604-0138,"2026-04-02",SUP-007,SUP-007,u-blox瑞士公司,M0063,PART-GNSS-UBLOX-M8N,uBlox M8N GPS模块,WH002,东莞天翼电子材料仓库,1779,2230.8,3968593.2,USD,0.13,信用证,京东物流,LOG20230106190560,"2026-04-09","2026-04-12","2026-04-14",待验收,"","2025-01-03",Active,PO-202604-0095,"",""
PR0000195,GR-202604-0280,"2026-04-02",SUP-007,SUP-007,u-blox瑞士公司,M0064,PART-COMPASS-QMC5883,QMC5883电子罗盘,WH002,东莞天翼电子材料仓库,494,5055.86,2497594.84,USD,0.13,信用证,顺丰速运,LOG20230319306123,"2026-04-09","2026-04-12","2026-04-14",已验收,"","2025-03-17",Active,PO-202604-0149,"",""
PR0000196,GR-202604-0301,"2026-04-02",SUP-007,SUP-007,u-blox瑞士公司,M0064,PART-COMPASS-QMC5883,QMC5883电子罗盘,WH002,东莞天翼电子材料仓库,604,4983.26,3009889.04,USD,0.13,信用证,京东物流,LOG20230311711808,"2026-04-09","2026-04-12","2026-04-14",已验收,提前交付,"2025-03-10",Active,PO-202604-0149,"",""
PR0000197,GR-202604-0260,"2026-04-02",SUP-007,SUP-007,u-blox瑞士公司,M0064,PART-COMPASS-QMC5883,QMC5883电子罗盘,WH002,东莞天翼电子材料仓库,524,4892.32,2563575.68,USD,0.13,信用证,中通快递,LOG20230301985667,"2026-04-09","2026-04-12","2026-04-14",已验收,"","2025-02-26",Active,PO-202604-0149,"",""
PR0000198,GR-202604-0322,"2026-04-02",SUP-007,SUP-007,u-blox瑞士公司,M0064,PART-COMPASS-QMC5883,QMC5883电子罗盘,WH002,东莞天翼电子材料仓库,1176,4842.97,5695332.72,USD,0.13,信用证,顺丰速运,LOG20230314275056,"2026-04-09","2026-04-12","2026-04-14",已验收,"","2025-03-12",Active,PO-202604-0149,"",""
PR0000199,GR-202604-0144,"2026-04-02",SUP-027,SUP-027,深圳铝合金精密加工厂,M0065,COMP-FC-CASE-PLA,飞控塑料外壳,WH002,东莞天翼电子材料仓库,826,295.61,244173.86,USD,0.13,月结90天,圆通速递,LOG20230123162747,"2026-04-09","2026-04-12","2026-04-14",待验收,"","2025-01-20",Active,PO-202604-0124,"",""
PR0000200,GR-202604-0220,"2026-04-02",SUP-027,SUP-027,深圳铝合金精密加工厂,M0065,COMP-FC-CASE-PLA,飞控塑料外壳,WH002,东莞天翼电子材料仓库,1601,331.68,531019.68,USD,0.13,月结90天,圆通速递,LOG20230206564601,"2026-04-09","2026-04-12","2026-04-14",已验收,"","2025-02-04",Active,PO-202604-0124,"",""
PR0000201,GR-202604-0118,"2026-04-02",SUP-027,SUP-027,深圳铝合金精密加工厂,M0065,COMP-FC-CASE-PLA,飞控塑料外壳,WH002,东莞天翼电子材料仓库,1189,298.58,355011.62,USD,0.13,月结90天,德邦物流,LOG20230118121631,"2026-04-09","2026-04-12","2026-04-14",验收中,"","2025-01-17",Active,PO-202604-0124,"",""
PR0000202,GR-202604-0282,"2026-04-04",SUP-009,SUP-009,深圳华强PCB制造厂,M0066,COMP-FC-PCB-A1,高级飞控主板,WH002,东莞天翼电子材料仓库,1343,3009.14,4041275.02,CNY,0.13,月结30天,申通快递,LOG20230325869995,"2026-04-11","2026-04-14","2026-04-16",验收中,"","2025-03-24",Active,PO-202604-0158,"",""
PR0000203,GR-202604-0321,"2026-04-04",SUP-009,SUP-009,深圳华强PCB制造厂,M0066,COMP-FC-PCB-A1,高级飞控主板,WH002,东莞天翼电子材料仓库,831,2691.79,2236877.49,CNY,0.13,月结30天,韵达快递,LOG20230331940061,"2026-04-11","2026-04-14","2026-04-16",已验收,"","2025-03-30",Active,PO-202604-0158,"",""
PR0000204,GR-202604-0351,"2026-04-04",SUP-009,SUP-009,深圳华强PCB制造厂,M0066,COMP-FC-PCB-A1,高级飞控主板,WH002,东莞天翼电子材料仓库,884,3039.12,2686582.08,CNY,0.13,月结30天,顺丰速运,LOG20230410465495,"2026-04-11","2026-04-14","2026-04-16",已验收,"","2025-04-07",Active,PO-202604-0158,"",""
PR0000205,GR-202604-0064,"2026-04-04",SUP-005,SUP-005,深圳矽递科技有限公司,M0067,PART-IMU-ICM20689,ICM20689高精度IMU,WH002,东莞天翼电子材料仓库,1338,2440.55,3265455.9,CNY,0.13,月结30天,申通快递,LOG20221218960707,"2026-04-11","2026-04-14","2026-04-16",已验收,质量合格,"2025-12-15",Active,PO-202604-0104,"",""
PR0000206,GR-202604-0059,"2026-04-04",SUP-005,SUP-005,深圳矽递科技有限公司,M0067,PART-IMU-ICM20689,ICM20689高精度IMU,WH002,东莞天翼电子材料仓库,866,2878.84,2493075.44,CNY,0.13,月结30天,圆通速递,LOG20221208129482,"2026-04-11","2026-04-14","2026-04-16",已验收,提前交付,"2025-12-07",Active,PO-202604-0104,"",""
PR0000207,GR-202604-0028,"2026-04-04",SUP-005,SUP-005,深圳矽递科技有限公司,M0067,PART-IMU-ICM20689,ICM20689高精度IMU,WH002,东莞天翼电子材料仓库,1251,2918.46,3650993.46,CNY,0.13,月结30天,中通快递,LOG20221219281865,"2026-04-11","2026-04-14","2026-04-16",待验收,"","2025-12-18",Active,PO-202604-0104,"",""
PR0000208,GR-202604-0112,"2026-04-02",SUP-006,SUP-006,楼氏电子（Knowles）,M0068,PART-BARO-DPS310,DPS310高精度气压计,WH002,东莞天翼电子材料仓库,965,450.48,434713.2,USD,0.13,月结60天,德邦物流,LOG20230128869176,"2026-04-09","2026-04-12","2026-04-14",待验收,"","2025-01-26",Active,PO-202604-0120,"",""
PR0000209,GR-202604-0209,"2026-04-02",SUP-006,SUP-006,楼氏电子（Knowles）,M0068,PART-BARO-DPS310,DPS310高精度气压计,WH002,东莞天翼电子材料仓库,1554,388.22,603293.88,USD,0.13,月结60天,顺丰速运,LOG20230210442501,"2026-04-09","2026-04-12","2026-04-14",已验收,"","2025-02-07",Active,PO-202604-0120,"",""
PR0000210,GR-202604-0183,"2026-04-02",SUP-007,SUP-007,u-blox瑞士公司,M0069,PART-GNSS-UBLOX-M9N,uBlox M9N多频GPS,WH002,东莞天翼电子材料仓库,856,344.78,295131.68,USD,0.13,信用证,京东物流,LOG20230115703599,"2026-04-09","2026-04-12","2026-04-14",已验收,"","2025-01-14",Active,PO-202604-0125,"",""
PR0000211,GR-202604-0119,"2026-04-02",SUP-007,SUP-007,u-blox瑞士公司,M0069,PART-GNSS-UBLOX-M9N,uBlox M9N多频GPS,WH002,东莞天翼电子材料仓库,1934,374.81,724882.54,USD,0.13,信用证,申通快递,LOG20230127641702,"2026-04-09","2026-04-12","2026-04-14",已验收,"","2025-01-26",Active,PO-202604-0125,"",""
PR0000212,GR-202604-0208,"2026-04-02",SUP-007,SUP-007,u-blox瑞士公司,M0070,PART-COMPASS-IST8310,IST8310三轴罗盘,WH002,东莞天翼电子材料仓库,1442,637.49,919260.58,USD,0.13,信用证,韵达快递,LOG20230218321439,"2026-04-09","2026-04-12","2026-04-14",待验收,"","2025-02-16",Active,PO-202604-0140,"",""
PR0000213,GR-202604-0215,"2026-04-02",SUP-007,SUP-007,u-blox瑞士公司,M0070,PART-COMPASS-IST8310,IST8310三轴罗盘,WH002,东莞天翼电子材料仓库,2767,637.87,1764986.29,USD,0.13,信用证,中通快递,LOG20230206904112,"2026-04-09","2026-04-12","2026-04-14",已验收,质量合格,"2025-02-04",Active,PO-202604-0140,"",""
PR0000214,GR-202604-0249,"2026-04-04",SUP-027,SUP-027,深圳铝合金精密加工厂,M0071,COMP-FC-CASE-AL,飞控铝合金外壳,WH002,东莞天翼电子材料仓库,2831,2655.09,7516559.79,USD,0.13,月结45天,申通快递,LOG20230228835060,"2026-04-11","2026-04-14","2026-04-16",已验收,"","2025-02-25",Active,PO-202604-0147,"",""
PR0000215,GR-202604-0238,"2026-04-04",SUP-027,SUP-027,深圳铝合金精密加工厂,M0071,COMP-FC-CASE-AL,飞控铝合金外壳,WH002,东莞天翼电子材料仓库,1438,2973.02,4275202.76,USD,0.13,月结45天,顺丰速运,LOG20230228690310,"2026-04-11","2026-04-14","2026-04-16",已验收,"","2025-02-26",Active,PO-202604-0147,"",""
PR0000216,GR-202604-0287,"2026-04-04",SUP-009,SUP-009,深圳华强PCB制造厂,M0072,COMP-FC-PCB-R1,RTK飞控主板,WH002,东莞天翼电子材料仓库,708,1986.8,1406654.4,CNY,0.13,款到发货,申通快递,LOG20230320419235,"2026-04-11","2026-04-14","2026-04-16",已验收,历史到货-原采购订单PO-202604-0034超量，已解除采购订单关联,"2025-03-18",Active,"","",""
PR0000217,GR-202604-0294,"2026-04-04",SUP-009,SUP-009,深圳华强PCB制造厂,M0072,COMP-FC-PCB-R1,RTK飞控主板,WH002,东莞天翼电子材料仓库,789,2214.4,1747161.6,CNY,0.13,款到发货,中铁快运,LOG20230328879326,"2026-04-11","2026-04-14","2026-04-16",待验收,历史到货-原采购订单PO-202604-0034超量，已解除采购订单关联,"2025-03-26",Active,"","",""
PR0000218,GR-202604-0317,"2026-04-04",SUP-009,SUP-009,深圳华强PCB制造厂,M0072,COMP-FC-PCB-R1,RTK飞控主板,WH002,东莞天翼电子材料仓库,399,2174.02,867433.98,CNY,0.13,款到发货,德邦物流,LOG20230318740915,"2026-04-11","2026-04-14","2026-04-16",验收中,历史到货-原采购订单PO-202604-0034超量，已解除采购订单关联,"2025-03-16",Active,"","",""
PR0000219,GR-202604-0264,"2026-04-04",SUP-009,SUP-009,深圳华强PCB制造厂,M0072,COMP-FC-PCB-R1,RTK飞控主板,WH002,东莞天翼电子材料仓库,587,2208.21,1296219.27,CNY,0.13,款到发货,顺丰速运,LOG20230324179509,"2026-04-11","2026-04-14","2026-04-16",已验收,历史到货-原采购订单PO-202604-0034超量，已解除采购订单关联,"2025-03-21",Active,"","",""
PR0000220,GR-202604-0117,"2026-04-04",SUP-004,SUP-004,博世传感器技术有限公司,M0073,PART-IMU-ADIS16505,ADIS16505工业级IMU,WH002,东莞天翼电子材料仓库,966,1443.59,1394507.94,CNY,0.13,月结30天,韵达快递,LOG20230131359843,"2026-04-09","2026-04-12","2026-04-14",已验收,历史到货-原采购订单PO-202604-0072超量，已解除采购订单关联,"2025-01-29",Active,"","",""
PR0000221,GR-202604-0198,"2026-04-04",SUP-004,SUP-004,博世传感器技术有限公司,M0073,PART-IMU-ADIS16505,ADIS16505工业级IMU,WH002,东莞天翼电子材料仓库,681,1572.65,1070974.65,CNY,0.13,月结30天,百世快递,LOG20230204581484,"2026-04-09","2026-04-12","2026-04-14",已验收,历史到货-原采购订单PO-202604-0072超量，已解除采购订单关联,"2025-02-02",Active,"","",""
PR0000222,GR-202604-0139,"2026-04-04",SUP-004,SUP-004,博世传感器技术有限公司,M0073,PART-IMU-ADIS16505,ADIS16505工业级IMU,WH002,东莞天翼电子材料仓库,734,1516.36,1113008.24,CNY,0.13,月结30天,京东物流,LOG20230129544633,"2026-04-09","2026-04-12","2026-04-14",已验收,历史到货-原采购订单PO-202604-0072超量，已解除采购订单关联,"2025-01-27",Active,"","",""
PR0000223,GR-202604-0257,"2026-04-04",SUP-004,SUP-004,博世传感器技术有限公司,M0073,PART-IMU-ADIS16505,ADIS16505工业级IMU,WH002,东莞天翼电子材料仓库,1244,1518.86,1889461.84,CNY,0.13,月结30天,韵达快递,LOG20230207241522,"2026-04-09","2026-04-12","2026-04-14",已验收,历史到货-原采购订单PO-202604-0072超量，已解除采购订单关联,"2025-02-05",Active,"","",""
PR0000224,GR-202604-0094,"2026-04-03",SUP-008,SUP-008,和芯星通科技有限公司,M0074,PART-GNSS-RTK-F9P,ZED-F9P RTK定位模块,WH002,东莞天翼电子材料仓库,591,3577.43,2114261.13,USD,0.13,信用证,中通快递,LOG20230105336622,"2026-04-10","2026-04-13","2026-04-15",已验收,历史到货-原采购订单PO-202604-0036超量，已解除采购订单关联,"2025-01-03",Active,"","",""
PR0000225,GR-202604-0131,"2026-04-03",SUP-008,SUP-008,和芯星通科技有限公司,M0074,PART-GNSS-RTK-F9P,ZED-F9P RTK定位模块,WH002,东莞天翼电子材料仓库,851,3343.63,2845429.13,USD,0.13,信用证,百世快递,LOG20230118503755,"2026-04-10","2026-04-13","2026-04-15",验收中,历史到货-原采购订单PO-202604-0036超量，已解除采购订单关联,"2025-01-17",Active,"","",""
PR0000226,GR-202604-0175,"2026-04-03",SUP-008,SUP-008,和芯星通科技有限公司,M0074,PART-GNSS-RTK-F9P,ZED-F9P RTK定位模块,WH002,东莞天翼电子材料仓库,660,3355.61,2214702.6,USD,0.13,信用证,安能物流,LOG20230120167277,"2026-04-10","2026-04-13","2026-04-15",已验收,历史到货-原采购订单PO-202604-0036超量，已解除采购订单关联,"2025-01-19",Active,"","",""
PR0000227,GR-202604-0158,"2026-04-03",SUP-008,SUP-008,和芯星通科技有限公司,M0074,PART-GNSS-RTK-F9P,ZED-F9P RTK定位模块,WH002,东莞天翼电子材料仓库,845,3712.27,3136868.15,USD,0.13,信用证,申通快递,LOG20230107797399,"2026-04-10","2026-04-13","2026-04-15",已验收,历史到货-原采购订单PO-202604-0036超量，已解除采购订单关联,"2025-01-06",Active,"","",""
PR0000228,GR-202604-0239,"2026-04-04",SUP-044,SUP-044,移远通信股份有限公司,M0075,PART-4G-MODULE,"4G通信模块",WH002,东莞天翼电子材料仓库,959,671.64,644102.76,USD,0.13,"预付30%,货到付清",中通快递,LOG20230206416170,"2026-04-09","2026-04-12","2026-04-14",已验收,部分延期;历史到货-原采购订单PO-202604-0037超量，已解除采购订单关联,"2025-02-03",Active,"","",""
PR0000229,GR-202604-0223,"2026-04-04",SUP-044,SUP-044,移远通信股份有限公司,M0075,PART-4G-MODULE,"4G通信模块",WH002,东莞天翼电子材料仓库,1942,622.77,1209419.34,USD,0.13,"预付30%,货到付清",韵达快递,LOG20230213490985,"2026-04-09","2026-04-12","2026-04-14",已验收,历史到货-原采购订单PO-202604-0037超量，已解除采购订单关联,"2025-02-10",Active,"","",""
PR0000230,GR-202604-0244,"2026-04-03",SUP-027,SUP-027,深圳铝合金精密加工厂,M0076,COMP-FC-CASE-AL-IND,工业级铝合金外壳,WH002,东莞天翼电子材料仓库,1241,1462.17,1814552.97,CNY,0.13,款到发货,百世快递,LOG20230216265963,"2026-04-10","2026-04-13","2026-04-15",已验收,历史到货-原采购订单PO-202604-0038超量，已解除采购订单关联,"2025-02-15",Active,"","",""
PR0000231,GR-202604-0225,"2026-04-03",SUP-027,SUP-027,深圳铝合金精密加工厂,M0076,COMP-FC-CASE-AL-IND,工业级铝合金外壳,WH002,东莞天翼电子材料仓库,749,1433.37,1073594.13,CNY,0.13,款到发货,安能物流,LOG20230207998565,"2026-04-10","2026-04-13","2026-04-15",已验收,历史到货-原采购订单PO-202604-0038超量，已解除采购订单关联,"2025-02-06",Active,"","",""
PR0000232,GR-202604-0224,"2026-04-03",SUP-027,SUP-027,深圳铝合金精密加工厂,M0076,COMP-FC-CASE-AL-IND,工业级铝合金外壳,WH002,东莞天翼电子材料仓库,902,1568.48,1414768.96,CNY,0.13,款到发货,中铁快运,LOG20230215486610,"2026-04-10","2026-04-13","2026-04-15",已验收,历史到货-原采购订单PO-202604-0038超量，已解除采购订单关联,"2025-02-14",Active,"","",""
PR0000233,GR-202604-0193,"2026-04-03",SUP-027,SUP-027,深圳铝合金精密加工厂,M0076,COMP-FC-CASE-AL-IND,工业级铝合金外壳,WH002,东莞天翼电子材料仓库,863,1686.03,1455043.89,CNY,0.13,款到发货,中通快递,LOG20230214271642,"2026-04-10","2026-04-13","2026-04-15",已验收,部分延期;历史到货-原采购订单PO-202604-0038超量，已解除采购订单关联,"2025-02-13",Active,"","",""
PR0000234,GR-202604-0267,"2026-04-02",SUP-012,SUP-012,深圳大疆创新动力系统,M0077,PART-MOTOR-2212-920KV,"2212 920KV无刷电机",WH004,惠州天翼机电半成品仓库,903,54.1,48852.3,CNY,0.13,月结45天,顺丰速运,LOG20230328884976,"2026-04-09","2026-04-12","2026-04-14",已验收,"","2025-03-25",Active,PO-202604-0154,"",""
PR0000235,GR-202604-0307,"2026-04-02",SUP-012,SUP-012,深圳大疆创新动力系统,M0077,PART-MOTOR-2212-920KV,"2212 920KV无刷电机",WH004,惠州天翼机电半成品仓库,987,62.0,61194.0,CNY,0.13,月结45天,德邦物流,LOG20230329347267,"2026-04-09","2026-04-12","2026-04-14",已验收,"","2025-03-26",Active,PO-202604-0154,"",""
PR0000236,GR-202604-0293,"2026-04-02",SUP-012,SUP-012,深圳大疆创新动力系统,M0077,PART-MOTOR-2212-920KV,"2212 920KV无刷电机",WH004,惠州天翼机电半成品仓库,762,56.05,42710.1,CNY,0.13,月结45天,中铁快运,LOG20230324398597,"2026-04-09","2026-04-12","2026-04-14",验收中,"","2025-03-21",Active,PO-202604-0154,"",""
PR0000237,GR-202604-0116,"2026-04-02",SUP-014,SUP-014,好盈电子科技有限公司,M0078,PART-ESC-30A,"30A电调",WH004,惠州天翼机电半成品仓库,2533,5004.37,12676069.21,CNY,0.13,月结30天,德邦物流,LOG20230120866454,"2026-04-09","2026-04-12","2026-04-14",已验收,"","2025-01-18",Active,PO-202604-0123,"",""
PR0000238,GR-202604-0170,"2026-04-02",SUP-014,SUP-014,好盈电子科技有限公司,M0078,PART-ESC-30A,"30A电调",WH004,惠州天翼机电半成品仓库,1171,4955.4,5802773.4,CNY,0.13,月结30天,韵达快递,LOG20230126905104,"2026-04-09","2026-04-12","2026-04-14",已验收,"","2025-01-25",Active,PO-202604-0123,"",""
PR0000239,GR-202604-0309,"2026-04-03",SUP-015,SUP-015,深圳碳纤维螺旋桨制造厂,M0079,PART-PROP-9045,"9045塑料螺旋桨",WH004,惠州天翼机电半成品仓库,1241,2604.3,3231936.3,CNY,0.13,款到发货,中铁快运,LOG20230311450992,"2026-04-10","2026-04-13","2026-04-15",已验收,"","2025-03-10",Active,PO-202604-0165,"",""
PR0000240,GR-202604-0306,"2026-04-03",SUP-015,SUP-015,深圳碳纤维螺旋桨制造厂,M0079,PART-PROP-9045,"9045塑料螺旋桨",WH004,惠州天翼机电半成品仓库,1312,2690.62,3530093.44,CNY,0.13,款到发货,中通快递,LOG20230304306770,"2026-04-10","2026-04-13","2026-04-15",待验收,"","2025-03-01",Active,PO-202604-0165,"",""
PR0000241,GR-202604-0189,"2026-04-02",SUP-014,SUP-014,好盈电子科技有限公司,M0080,PART-CABLE-ESC,电调连接线,WH004,惠州天翼机电半成品仓库,890,4583.38,4079208.2,USD,0.13,"预付30%,货到付清",安能物流,LOG20230221948411,"2026-04-09","2026-04-12","2026-04-14",已验收,需加急处理,"2025-02-20",Active,PO-202604-0134,"",""
PR0000242,GR-202604-0236,"2026-04-02",SUP-014,SUP-014,好盈电子科技有限公司,M0080,PART-CABLE-ESC,电调连接线,WH004,惠州天翼机电半成品仓库,1788,4684.41,8375725.08,USD,0.13,"预付30%,货到付清",韵达快递,LOG20230220346112,"2026-04-09","2026-04-12","2026-04-14",验收中,"","2025-02-18",Active,PO-202604-0134,"",""
PR0000243,GR-202604-0253,"2026-04-02",SUP-011,SUP-011,T-Motor无刷电机有限公司,M0081,PART-MOTOR-2312-960KV,"2312 960KV高效电机",WH004,惠州天翼机电半成品仓库,788,1539.74,1213315.12,CNY,0.13,月结30天,德邦物流,LOG20230221770069,"2026-04-09","2026-04-12","2026-04-14",待验收,"","2025-02-20",Active,PO-202604-0142,"",""
PR0000244,GR-202604-0259,"2026-04-02",SUP-011,SUP-011,T-Motor无刷电机有限公司,M0081,PART-MOTOR-2312-960KV,"2312 960KV高效电机",WH004,惠州天翼机电半成品仓库,903,1488.93,1344503.79,CNY,0.13,月结30天,圆通速递,LOG20230220672315,"2026-04-09","2026-04-12","2026-04-14",验收中,"","2025-02-18",Active,PO-202604-0142,"",""
PR0000245,GR-202604-0222,"2026-04-02",SUP-011,SUP-011,T-Motor无刷电机有限公司,M0081,PART-MOTOR-2312-960KV,"2312 960KV高效电机",WH004,惠州天翼机电半成品仓库,557,1464.83,815910.31,CNY,0.13,月结30天,顺丰速运,LOG20230216976956,"2026-04-09","2026-04-12","2026-04-14",已验收,"","2025-02-13",Active,PO-202604-0142,"",""
PR0000246,GR-202604-0213,"2026-04-02",SUP-011,SUP-011,T-Motor无刷电机有限公司,M0081,PART-MOTOR-2312-960KV,"2312 960KV高效电机",WH004,惠州天翼机电半成品仓库,582,1353.63,787812.66,CNY,0.13,月结30天,德邦物流,LOG20230227533506,"2026-04-09","2026-04-12","2026-04-14",验收中,"","2025-02-24",Active,PO-202604-0142,"",""
PR0000247,GR-202604-0137,"2026-04-02",SUP-013,SUP-013,美国Castle电调公司,M0082,PART-ESC-40A,"40A电调",WH004,惠州天翼机电半成品仓库,1841,3288.21,6053594.61,USD,0.13,"预付30%,货到付清",中通快递,LOG20230201721235,"2026-04-09","2026-04-12","2026-04-14",已验收,"","2025-01-31",Active,PO-202604-0128,"",""
PR0000248,GR-202604-0191,"2026-04-02",SUP-013,SUP-013,美国Castle电调公司,M0082,PART-ESC-40A,"40A电调",WH004,惠州天翼机电半成品仓库,1479,3452.21,5105818.59,USD,0.13,"预付30%,货到付清",京东物流,LOG20230205681014,"2026-04-09","2026-04-12","2026-04-14",验收中,"","2025-02-02",Active,PO-202604-0128,"",""
PR0000249,GR-202604-0045,"2026-04-03",SUP-016,SUP-016,APC螺旋桨美国公司,M0083,PART-PROP-9450-CF,"9450碳纤维螺旋桨",WH004,惠州天翼机电半成品仓库,1117,3341.37,3732310.29,USD,0.13,"预付50%,货到付清",顺丰速运,LOG20221218328872,"2026-04-10","2026-04-13","2026-04-15",待验收,质量合格,"2025-12-15",Active,PO-202604-0108,"",""
PR0000250,GR-202604-0035,"2026-04-03",SUP-016,SUP-016,APC螺旋桨美国公司,M0083,PART-PROP-9450-CF,"9450碳纤维螺旋桨",WH004,惠州天翼机电半成品仓库,2567,3296.94,8463244.98,USD,0.13,"预付50%,货到付清",顺丰速运,LOG20221223312012,"2026-04-10","2026-04-13","2026-04-15",已验收,"","2025-12-22",Active,PO-202604-0108,"",""
PR0000251,GR-202604-0044,"2026-04-02",SUP-013,SUP-013,美国Castle电调公司,M0084,PART-CABLE-ESC-SIL,硅胶电调线,WH004,惠州天翼机电半成品仓库,757,2681.98,2030258.86,CNY,0.13,月结45天,韵达快递,LOG20221219343939,"2026-04-09","2026-04-12","2026-04-14",已验收,"","2025-12-17",Active,PO-202604-0103,"",""
PR0000252,GR-202604-0022,"2026-04-02",SUP-013,SUP-013,美国Castle电调公司,M0084,PART-CABLE-ESC-SIL,硅胶电调线,WH004,惠州天翼机电半成品仓库,1659,3021.22,5012203.98,CNY,0.13,月结45天,中通快递,LOG20221213961344,"2026-04-09","2026-04-12","2026-04-14",已验收,部分延期,"2025-12-12",Active,PO-202604-0103,"",""
PR0000253,GR-202604-0330,"2026-04-04",SUP-011,SUP-011,T-Motor无刷电机有限公司,M0085,PART-MOTOR-4114-400KV,"4114 400KV高扭矩电机",WH004,惠州天翼机电半成品仓库,1040,4272.45,4443348.0,CNY,0.13,月结45天,中通快递,LOG20230331721201,"2026-04-11","2026-04-14","2026-04-16",验收中,部分延期;历史到货-原采购订单PO-202604-0075超量，已解除采购订单关联,"2025-03-28",Active,"","",""
PR0000254,GR-202604-0319,"2026-04-04",SUP-011,SUP-011,T-Motor无刷电机有限公司,M0085,PART-MOTOR-4114-400KV,"4114 400KV高扭矩电机",WH004,惠州天翼机电半成品仓库,1301,4461.01,5803774.01,CNY,0.13,月结45天,中通快递,LOG20230402102383,"2026-04-11","2026-04-14","2026-04-16",已验收,"","2025-03-30",Active,PO-202604-0075,"",""
PR0000255,GR-202604-0275,"2026-04-04",SUP-011,SUP-011,T-Motor无刷电机有限公司,M0085,PART-MOTOR-4114-400KV,"4114 400KV高扭矩电机",WH004,惠州天翼机电半成品仓库,563,4530.59,2550722.17,CNY,0.13,月结45天,韵达快递,LOG20230324135068,"2026-04-11","2026-04-14","2026-04-16",验收中,"","2025-03-23",Active,PO-202604-0075,"",""
PR0000256,GR-202604-0315,"2026-04-03",SUP-013,SUP-013,美国Castle电调公司,M0086,PART-ESC-50A-FOC,"50A FOC电调",WH004,惠州天翼机电半成品仓库,853,4393.23,3747425.19,USD,0.13,"预付30%,货到付清",安能物流,LOG20230326419005,"2026-04-10","2026-04-13","2026-04-15",已验收,历史到货-原采购订单PO-202604-0076超量，已解除采购订单关联,"2025-03-23",Active,"","",""
PR0000257,GR-202604-0290,"2026-04-03",SUP-013,SUP-013,美国Castle电调公司,M0086,PART-ESC-50A-FOC,"50A FOC电调",WH004,惠州天翼机电半成品仓库,971,4533.98,4402494.58,USD,0.13,"预付30%,货到付清",中通快递,LOG20230325298514,"2026-04-10","2026-04-13","2026-04-15",已验收,提前交付,"2025-03-24",Active,PO-202604-0076,"",""
PR0000258,GR-202604-0292,"2026-04-03",SUP-013,SUP-013,美国Castle电调公司,M0086,PART-ESC-50A-FOC,"50A FOC电调",WH004,惠州天翼机电半成品仓库,858,4166.57,3574917.06,USD,0.13,"预付30%,货到付清",申通快递,LOG20230331834276,"2026-04-10","2026-04-13","2026-04-15",已验收,按时交付,"2025-03-30",Active,PO-202604-0076,"",""
PR0000259,GR-202604-0281,"2026-04-04",SUP-016,SUP-016,APC螺旋桨美国公司,M0087,PART-PROP-1755-CF,"1755碳纤维螺旋桨",WH004,惠州天翼机电半成品仓库,2267,1266.87,2871994.29,CNY,0.13,款到发货,京东物流,LOG20230314118067,"2026-04-11","2026-04-14","2026-04-16",已验收,"","2025-03-13",Active,PO-202604-0077,"",""
PR0000260,GR-202604-0310,"2026-04-04",SUP-016,SUP-016,APC螺旋桨美国公司,M0087,PART-PROP-1755-CF,"1755碳纤维螺旋桨",WH004,惠州天翼机电半成品仓库,1692,1312.34,2220479.28,CNY,0.13,款到发货,百世快递,LOG20230319528354,"2026-04-11","2026-04-14","2026-04-16",已验收,历史到货-原采购订单PO-202604-0077超量，已解除采购订单关联,"2025-03-18",Active,"","",""
PR0000261,GR-202604-0025,"2026-04-02",SUP-014,SUP-014,好盈电子科技有限公司,M0088,PART-CABLE-ESC-HD,加强型电调线,WH004,惠州天翼机电半成品仓库,890,1812.29,1612938.1,USD,0.13,月结30天,京东物流,LOG20221231139080,"2026-04-09","2026-04-12","2026-04-14",已验收,"","2025-12-28",Active,PO-202604-0078,"",""
PR0000262,GR-202604-0136,"2026-04-02",SUP-014,SUP-014,好盈电子科技有限公司,M0088,PART-CABLE-ESC-HD,加强型电调线,WH004,惠州天翼机电半成品仓库,1024,1566.57,1604167.68,USD,0.13,月结30天,申通快递,LOG20230112572153,"2026-04-09","2026-04-12","2026-04-14",已验收,历史到货-原采购订单PO-202604-0078超量，已解除采购订单关联,"2025-01-10",Active,"","",""
PR0000263,GR-202604-0037,"2026-04-02",SUP-014,SUP-014,好盈电子科技有限公司,M0088,PART-CABLE-ESC-HD,加强型电调线,WH004,惠州天翼机电半成品仓库,1134,1819.72,2063562.48,USD,0.13,月结30天,百世快递,LOG20230101281647,"2026-04-09","2026-04-12","2026-04-14",验收中,"","2025-12-30",Active,PO-202604-0078,"",""
PR0000264,GR-202604-0041,"2026-04-02",SUP-014,SUP-014,好盈电子科技有限公司,M0088,PART-CABLE-ESC-HD,加强型电调线,WH004,惠州天翼机电半成品仓库,622,1625.62,1011135.64,USD,0.13,月结30天,京东物流,LOG20230101333970,"2026-04-09","2026-04-12","2026-04-14",已验收,历史到货-原采购订单PO-202604-0078超量，已解除采购订单关联,"2025-12-31",Active,"","",""
PR0000265,GR-202604-0013,"2026-04-03",SUP-018,SUP-018,比亚迪电池有限公司,M0089,PART-BAT-6S-10000,"6S10000mAh智能电池",WH003,深圳天翼配件仓库,492,1224.94,602670.48,CNY,0.13,月结30天,安能物流,LOG20221221745863,"2026-04-10","2026-04-13","2026-04-15",待验收,"","2025-12-20",Active,PO-202604-0079,"",""
PR0000266,GR-202604-0058,"2026-04-03",SUP-018,SUP-018,比亚迪电池有限公司,M0089,PART-BAT-6S-10000,"6S10000mAh智能电池",WH003,深圳天翼配件仓库,789,1444.7,1139868.3,CNY,0.13,月结30天,京东物流,LOG20221226718194,"2026-04-10","2026-04-13","2026-04-15",已验收,历史到货-原采购订单PO-202604-0079超量，已解除采购订单关联,"2025-12-25",Active,"","",""
PR0000267,GR-202604-0040,"2026-04-03",SUP-020,SUP-020,格氏ace电池科技,M0090,COMP-BAT-MANAGER,双电池管理模块,WH003,深圳天翼配件仓库,987,277.33,273724.71,CNY,0.13,"预付50%,货到付清",圆通速递,LOG20221219713530,"2026-04-10","2026-04-13","2026-04-15",已验收,历史到货-原采购订单PO-202604-0080超量，已解除采购订单关联,"2025-12-18",Active,"","",""
PR0000268,GR-202604-0075,"2026-04-03",SUP-020,SUP-020,格氏ace电池科技,M0090,COMP-BAT-MANAGER,双电池管理模块,WH003,深圳天翼配件仓库,667,271.97,181403.99,CNY,0.13,"预付50%,货到付清",中通快递,LOG20221216181520,"2026-04-10","2026-04-13","2026-04-15",验收中,历史到货-原采购订单PO-202604-0080超量，已解除采购订单关联,"2025-12-15",Active,"","",""
PR0000269,GR-202604-0023,"2026-04-03",SUP-020,SUP-020,格氏ace电池科技,M0090,COMP-BAT-MANAGER,双电池管理模块,WH003,深圳天翼配件仓库,691,272.22,188104.02,CNY,0.13,"预付50%,货到付清",圆通速递,LOG20221217282784,"2026-04-10","2026-04-13","2026-04-15",验收中,历史到货-原采购订单PO-202604-0080超量，已解除采购订单关联,"2025-12-14",Active,"","",""
PR0000270,GR-202604-0015,"2026-04-03",SUP-020,SUP-020,格氏ace电池科技,M0090,COMP-BAT-MANAGER,双电池管理模块,WH003,深圳天翼配件仓库,1080,289.76,312940.8,CNY,0.13,"预付50%,货到付清",申通快递,LOG20221225340736,"2026-04-10","2026-04-13","2026-04-15",待验收,历史到货-原采购订单PO-202604-0080超量，已解除采购订单关联,"2025-12-23",Active,"","",""
PR0000271,GR-202604-0056,"2026-04-02",SUP-020,SUP-020,格氏ace电池科技,M0091,COMP-BAT-MOUNT,电池固定架,WH003,深圳天翼配件仓库,652,1359.57,886439.64,CNY,0.13,"预付30%,货到付清",中铁快运,LOG20221222800768,"2026-04-09","2026-04-12","2026-04-14",已验收,历史到货-原采购订单PO-202604-0081超量，已解除采购订单关联,"2025-12-19",Active,"","",""
PR0000272,GR-202604-0050,"2026-04-02",SUP-020,SUP-020,格氏ace电池科技,M0091,COMP-BAT-MOUNT,电池固定架,WH003,深圳天翼配件仓库,842,1382.37,1163955.54,CNY,0.13,"预付30%,货到付清",中铁快运,LOG20221223402084,"2026-04-09","2026-04-12","2026-04-14",验收中,历史到货-原采购订单PO-202604-0081超量，已解除采购订单关联,"2025-12-20",Active,"","",""
PR0000273,GR-202604-0010,"2026-04-02",SUP-020,SUP-020,格氏ace电池科技,M0091,COMP-BAT-MOUNT,电池固定架,WH003,深圳天翼配件仓库,927,1335.32,1237841.64,CNY,0.13,"预付30%,货到付清",中通快递,LOG20221218628782,"2026-04-09","2026-04-12","2026-04-14",已验收,需加急处理;历史到货-原采购订单PO-202604-0081超量，已解除采购订单关联,"2025-12-15",Active,"","",""
PR0000274,GR-202604-0074,"2026-04-02",SUP-020,SUP-020,格氏ace电池科技,M0091,COMP-BAT-MOUNT,电池固定架,WH003,深圳天翼配件仓库,1310,1456.04,1907412.4,CNY,0.13,"预付30%,货到付清",顺丰速运,LOG20221228403382,"2026-04-09","2026-04-12","2026-04-14",待验收,历史到货-原采购订单PO-202604-0081超量，已解除采购订单关联,"2025-12-25",Active,"","",""
PR0000275,GR-202604-0043,"2026-04-04",SUP-003,SUP-003,意法半导体（ST）亚太区,M0092,PART-MCU-STM32F427,STM32F427主控芯片,WH002,东莞天翼电子材料仓库,476,645.51,307262.76,USD,0.13,月结45天,德邦物流,LOG20221230407203,"2026-04-11","2026-04-14","2026-04-16",验收中,提前交付,"2025-12-28",Active,PO-202604-0109,"",""
PR0000276,GR-202604-0054,"2026-04-04",SUP-003,SUP-003,意法半导体（ST）亚太区,M0092,PART-MCU-STM32F427,STM32F427主控芯片,WH002,东莞天翼电子材料仓库,369,653.03,240968.07,USD,0.13,月结45天,顺丰速运,LOG20221228899902,"2026-04-11","2026-04-14","2026-04-16",已验收,"","2025-12-25",Active,PO-202604-0109,"",""
PR0000277,GR-202604-0095,"2026-04-04",SUP-003,SUP-003,意法半导体（ST）亚太区,M0092,PART-MCU-STM32F427,STM32F427主控芯片,WH002,东莞天翼电子材料仓库,574,724.73,415995.02,USD,0.13,月结45天,安能物流,LOG20230107664815,"2026-04-11","2026-04-14","2026-04-16",待验收,需加急处理,"2025-01-06",Active,PO-202604-0109,"",""
PR0000278,GR-202604-0052,"2026-04-04",SUP-003,SUP-003,意法半导体（ST）亚太区,M0092,PART-MCU-STM32F427,STM32F427主控芯片,WH002,东莞天翼电子材料仓库,988,663.28,655320.64,USD,0.13,月结45天,中通快递,LOG20221218296741,"2026-04-11","2026-04-14","2026-04-16",已验收,部分延期,"2025-12-17",Active,PO-202604-0109,"",""
PR0000279,GR-202604-0299,"2026-04-02",SUP-009,SUP-009,深圳华强PCB制造厂,M0093,PART-PCB-FC-4L,"4层飞控PCB板",WH002,东莞天翼电子材料仓库,2010,3410.07,6854240.7,CNY,0.13,月结30天,德邦物流,LOG20230322781003,"2026-04-09","2026-04-12","2026-04-14",验收中,"","2025-03-21",Active,PO-202604-0162,"",""
PR0000280,GR-202604-0313,"2026-04-02",SUP-009,SUP-009,深圳华强PCB制造厂,M0093,PART-PCB-FC-4L,"4层飞控PCB板",WH002,东莞天翼电子材料仓库,1917,3837.35,7356199.95,CNY,0.13,月结30天,德邦物流,LOG20230324593866,"2026-04-09","2026-04-12","2026-04-14",已验收,"","2025-03-23",Active,PO-202604-0162,"",""
PR0000281,GR-202604-0318,"2026-04-02",SUP-009,SUP-009,深圳华强PCB制造厂,M0093,PART-PCB-FC-4L,"4层飞控PCB板",WH002,东莞天翼电子材料仓库,530,4041.45,2141968.5,CNY,0.13,月结30天,申通快递,LOG20230313453462,"2026-04-09","2026-04-12","2026-04-14",已验收,"","2025-03-11",Active,PO-202604-0162,"",""
PR0000282,GR-202604-0247,"2026-04-04",SUP-003,SUP-003,意法半导体（ST）亚太区,M0094,PART-CRYSTAL-8M,"8MHz晶振",WH002,东莞天翼电子材料仓库,2066,2960.04,6115442.64,CNY,0.13,"预付30%,货到付清",中铁快运,LOG20230214489248,"2026-04-11","2026-04-14","2026-04-16",待验收,"","2025-02-11",Active,PO-202604-0139,"",""
PR0000283,GR-202604-0207,"2026-04-04",SUP-003,SUP-003,意法半导体（ST）亚太区,M0094,PART-CRYSTAL-8M,"8MHz晶振",WH002,东莞天翼电子材料仓库,1492,2946.88,4396744.96,CNY,0.13,"预付30%,货到付清",京东物流,LOG20230210917930,"2026-04-11","2026-04-14","2026-04-16",待验收,提前交付,"2025-02-09",Active,PO-202604-0139,"",""
PR0000284,GR-202604-0002,"2026-04-02",SUP-002,SUP-002,德州仪器（TI）中国代理,M0095,PART-CRYSTAL-32K,"32.768KHz晶振",WH002,东莞天翼电子材料仓库,1002,3343.11,3349796.22,USD,0.13,月结30天,申通快递,LOG20221217329886,"2026-04-09","2026-04-12","2026-04-14",待验收,"","2025-12-14",Active,PO-202604-0093,"",""
PR0000285,GR-202604-0039,"2026-04-02",SUP-002,SUP-002,德州仪器（TI）中国代理,M0095,PART-CRYSTAL-32K,"32.768KHz晶振",WH002,东莞天翼电子材料仓库,668,3566.75,2382589.0,USD,0.13,月结30天,中通快递,LOG20221210334075,"2026-04-09","2026-04-12","2026-04-14",已验收,质量合格,"2025-12-07",Active,PO-202604-0093,"",""
PR0000286,GR-202604-0038,"2026-04-02",SUP-002,SUP-002,德州仪器（TI）中国代理,M0095,PART-CRYSTAL-32K,"32.768KHz晶振",WH002,东莞天翼电子材料仓库,964,3694.33,3561334.12,USD,0.13,月结30天,韵达快递,LOG20221216545503,"2026-04-09","2026-04-12","2026-04-14",已验收,"","2025-12-15",Active,PO-202604-0093,"",""
PR0000287,GR-202604-0316,"2026-04-02",SUP-002,SUP-002,德州仪器（TI）中国代理,M0096,PART-POWER-REG-5V,"5V稳压芯片",WH002,东莞天翼电子材料仓库,674,4463.93,3008688.82,USD,0.13,月结30天,安能物流,LOG20230329780122,"2026-04-09","2026-04-12","2026-04-14",已验收,"","2025-03-27",Active,PO-202604-0159,"",""
PR0000288,GR-202604-0284,"2026-04-02",SUP-002,SUP-002,德州仪器（TI）中国代理,M0096,PART-POWER-REG-5V,"5V稳压芯片",WH002,东莞天翼电子材料仓库,421,4138.42,1742274.82,USD,0.13,月结30天,中通快递,LOG20230403902899,"2026-04-09","2026-04-12","2026-04-14",已验收,按时交付,"2025-03-31",Active,PO-202604-0159,"",""
PR0000289,GR-202604-0352,"2026-04-02",SUP-002,SUP-002,德州仪器（TI）中国代理,M0096,PART-POWER-REG-5V,"5V稳压芯片",WH002,东莞天翼电子材料仓库,487,4571.88,2226505.56,USD,0.13,月结30天,百世快递,LOG20230405574154,"2026-04-09","2026-04-12","2026-04-14",已验收,需加急处理,"2025-04-04",Active,PO-202604-0159,"",""
PR0000290,GR-202604-0355,"2026-04-02",SUP-002,SUP-002,德州仪器（TI）中国代理,M0096,PART-POWER-REG-5V,"5V稳压芯片",WH002,东莞天翼电子材料仓库,1131,3819.96,4320374.76,USD,0.13,月结30天,中通快递,LOG20230408451202,"2026-04-09","2026-04-12","2026-04-14",已验收,"","2025-04-05",Active,PO-202604-0159,"",""
PR0000291,GR-202604-0320,"2026-04-04",SUP-003,SUP-003,意法半导体（ST）亚太区,M0097,PART-POWER-REG-3.3V,"3.3V稳压芯片",WH002,东莞天翼电子材料仓库,1837,2009.75,3691910.75,USD,0.13,月结45天,顺丰速运,LOG20230320611796,"2026-04-11","2026-04-14","2026-04-16",验收中,"","2025-03-18",Active,PO-202604-0164,"",""
PR0000292,GR-202604-0304,"2026-04-04",SUP-003,SUP-003,意法半导体（ST）亚太区,M0097,PART-POWER-REG-3.3V,"3.3V稳压芯片",WH002,东莞天翼电子材料仓库,1786,2091.4,3735240.4,USD,0.13,月结45天,顺丰速运,LOG20230322108266,"2026-04-11","2026-04-14","2026-04-16",验收中,"","2025-03-19",Active,PO-202604-0164,"",""
PR0000293,GR-202604-0232,"2026-04-03",SUP-042,SUP-042,深圳线缆连接器公司,M0098,PART-CONN-DF13-6P,DF13 6PIN连接器,WH002,东莞天翼电子材料仓库,584,4097.25,2392794.0,CNY,0.13,款到发货,百世快递,LOG20230227500759,"2026-04-10","2026-04-13","2026-04-15",待验收,提前交付,"2025-02-25",Active,PO-202604-0136,"",""
PR0000294,GR-202604-0243,"2026-04-03",SUP-042,SUP-042,深圳线缆连接器公司,M0098,PART-CONN-DF13-6P,DF13 6PIN连接器,WH002,东莞天翼电子材料仓库,527,4544.97,2395199.19,CNY,0.13,款到发货,中通快递,LOG20230222805686,"2026-04-10","2026-04-13","2026-04-15",已验收,需加急处理,"2025-02-20",Active,PO-202604-0136,"",""
PR0000295,GR-202604-0202,"2026-04-03",SUP-042,SUP-042,深圳线缆连接器公司,M0098,PART-CONN-DF13-6P,DF13 6PIN连接器,WH002,东莞天翼电子材料仓库,463,4636.8,2146838.4,CNY,0.13,款到发货,韵达快递,LOG20230213136858,"2026-04-10","2026-04-13","2026-04-15",已验收,"","2025-02-12",Active,PO-202604-0136,"",""
PR0000296,GR-202604-0197,"2026-04-03",SUP-042,SUP-042,深圳线缆连接器公司,M0098,PART-CONN-DF13-6P,DF13 6PIN连接器,WH002,东莞天翼电子材料仓库,913,4677.27,4270347.51,CNY,0.13,款到发货,中通快递,LOG20230225279795,"2026-04-10","2026-04-13","2026-04-15",待验收,质量合格,"2025-02-24",Active,PO-202604-0136,"",""
PR0000297,GR-202604-0078,"2026-04-02",SUP-001,SUP-001,芯源微电子股份有限公司,M0099,PART-RES-SMD-0402,"0402贴片电阻",WH002,东莞天翼电子材料仓库,1506,213.9,322133.4,USD,0.13,月结45天,韵达快递,LOG20221216266313,"2026-04-09","2026-04-12","2026-04-14",验收中,"","2025-12-13",Active,PO-202604-0112,"",""
PR0000298,GR-202604-0081,"2026-04-02",SUP-001,SUP-001,芯源微电子股份有限公司,M0099,PART-RES-SMD-0402,"0402贴片电阻",WH002,东莞天翼电子材料仓库,1124,196.55,220922.2,USD,0.13,月结45天,韵达快递,LOG20221214884219,"2026-04-09","2026-04-12","2026-04-14",已验收,"","2025-12-11",Active,PO-202604-0112,"",""
PR0000299,GR-202604-0083,"2026-04-02",SUP-001,SUP-001,芯源微电子股份有限公司,M0099,PART-RES-SMD-0402,"0402贴片电阻",WH002,东莞天翼电子材料仓库,1441,208.91,301039.31,USD,0.13,月结45天,中铁快运,LOG20221224289656,"2026-04-09","2026-04-12","2026-04-14",已验收,"","2025-12-22",Active,PO-202604-0112,"",""
PR0000300,GR-202604-0168,"2026-04-02",SUP-003,SUP-003,意法半导体（ST）亚太区,M0100,PART-CAP-SMD-0402,"0402贴片电容",WH002,东莞天翼电子材料仓库,1378,1227.44,1691412.32,CNY,0.13,月结30天,顺丰速运,LOG20230110858249,"2026-04-09","2026-04-12","2026-04-14",验收中,需加急处理,"2025-01-07",Active,PO-202604-0131,"",""
PR0000301,GR-202604-0147,"2026-04-02",SUP-003,SUP-003,意法半导体（ST）亚太区,M0100,PART-CAP-SMD-0402,"0402贴片电容",WH002,东莞天翼电子材料仓库,1773,1355.84,2403904.32,CNY,0.13,月结30天,韵达快递,LOG20230107117433,"2026-04-09","2026-04-12","2026-04-14",已验收,"","2025-01-06",Active,PO-202604-0131,"",""
PR0000302,GR-202604-0047,"2026-04-02",SUP-001,SUP-001,芯源微电子股份有限公司,M0101,PART-MCU-STM32H743,STM32H743高性能芯片,WH002,东莞天翼电子材料仓库,936,2633.07,2464553.52,CNY,0.13,月结60天,顺丰速运,LOG20221221410406,"2026-04-09","2026-04-12","2026-04-14",已验收,"","2025-12-19",Active,PO-202604-0101,"",""
PR0000303,GR-202604-0020,"2026-04-02",SUP-001,SUP-001,芯源微电子股份有限公司,M0101,PART-MCU-STM32H743,STM32H743高性能芯片,WH002,东莞天翼电子材料仓库,1191,2699.39,3214973.49,CNY,0.13,月结60天,德邦物流,LOG20221219676685,"2026-04-09","2026-04-12","2026-04-14",待验收,质量合格,"2025-12-16",Active,PO-202604-0101,"",""
PR0000304,GR-202604-0063,"2026-04-02",SUP-001,SUP-001,芯源微电子股份有限公司,M0101,PART-MCU-STM32H743,STM32H743高性能芯片,WH002,东莞天翼电子材料仓库,488,2964.21,1446534.48,CNY,0.13,月结60天,德邦物流,LOG20221225831000,"2026-04-09","2026-04-12","2026-04-14",已验收,"","2025-12-22",Active,PO-202604-0101,"",""
PR0000305,GR-202604-0135,"2026-04-02",SUP-009,SUP-009,深圳华强PCB制造厂,M0102,PART-PCB-FC-6L,"6层飞控PCB板",WH002,东莞天翼电子材料仓库,1457,3677.46,5358059.22,CNY,0.13,月结30天,中铁快运,LOG20230123735389,"2026-04-09","2026-04-12","2026-04-14",已验收,"","2025-01-20",Active,PO-202604-0122,"",""
PR0000306,GR-202604-0114,"2026-04-02",SUP-009,SUP-009,深圳华强PCB制造厂,M0102,PART-PCB-FC-6L,"6层飞控PCB板",WH002,东莞天翼电子材料仓库,2779,3452.66,9594942.14,CNY,0.13,月结30天,中通快递,LOG20230106183179,"2026-04-09","2026-04-12","2026-04-14",已验收,"","2025-01-05",Active,PO-202604-0122,"",""
PR0000307,GR-202604-0289,"2026-04-04",SUP-001,SUP-001,芯源微电子股份有限公司,M0103,PART-CRYSTAL-25M,"25MHz晶振",WH002,东莞天翼电子材料仓库,977,4021.71,3929210.67,CNY,0.13,"预付30%,货到付清",安能物流,LOG20230311634537,"2026-04-11","2026-04-14","2026-04-16",已验收,"","2025-03-10",Active,PO-202604-0150,"",""
PR0000308,GR-202604-0300,"2026-04-04",SUP-001,SUP-001,芯源微电子股份有限公司,M0103,PART-CRYSTAL-25M,"25MHz晶振",WH002,东莞天翼电子材料仓库,1210,4140.89,5010476.9,CNY,0.13,"预付30%,货到付清",京东物流,LOG20230303290624,"2026-04-11","2026-04-14","2026-04-16",验收中,部分延期,"2025-03-02",Active,PO-202604-0150,"",""
PR0000309,GR-202604-0332,"2026-04-04",SUP-001,SUP-001,芯源微电子股份有限公司,M0103,PART-CRYSTAL-25M,"25MHz晶振",WH002,东莞天翼电子材料仓库,832,3908.65,3251996.8,CNY,0.13,"预付30%,货到付清",圆通速递,LOG20230314432450,"2026-04-11","2026-04-14","2026-04-16",验收中,质量合格,"2025-03-13",Active,PO-202604-0150,"",""
PR0000310,GR-202604-0261,"2026-04-04",SUP-001,SUP-001,芯源微电子股份有限公司,M0103,PART-CRYSTAL-25M,"25MHz晶振",WH002,东莞天翼电子材料仓库,1325,4123.44,5463558.0,CNY,0.13,"预付30%,货到付清",申通快递,LOG20230310508987,"2026-04-11","2026-04-14","2026-04-16",已验收,"","2025-03-09",Active,PO-202604-0150,"",""
PR0000311,GR-202604-0024,"2026-04-04",SUP-003,SUP-003,意法半导体（ST）亚太区,M0104,PART-POWER-REG-5V-3A,"5V 3A稳压模块",WH002,东莞天翼电子材料仓库,1518,825.41,1252972.38,USD,0.13,月结45天,德邦物流,LOG20221223300752,"2026-04-11","2026-04-14","2026-04-16",已验收,"","2025-12-22",Active,PO-202604-0100,"",""
PR0000312,GR-202604-0019,"2026-04-04",SUP-003,SUP-003,意法半导体（ST）亚太区,M0104,PART-POWER-REG-5V-3A,"5V 3A稳压模块",WH002,东莞天翼电子材料仓库,1007,968.67,975450.69,USD,0.13,月结45天,顺丰速运,LOG20221219821975,"2026-04-11","2026-04-14","2026-04-16",已验收,"","2025-12-16",Active,PO-202604-0100,"",""
PR0000313,GR-202604-0057,"2026-04-04",SUP-003,SUP-003,意法半导体（ST）亚太区,M0104,PART-POWER-REG-5V-3A,"5V 3A稳压模块",WH002,东莞天翼电子材料仓库,854,857.38,732202.52,USD,0.13,月结45天,申通快递,LOG20221224320112,"2026-04-11","2026-04-14","2026-04-16",待验收,"","2025-12-23",Active,PO-202604-0100,"",""
PR0000314,GR-202604-0070,"2026-04-04",SUP-003,SUP-003,意法半导体（ST）亚太区,M0104,PART-POWER-REG-5V-3A,"5V 3A稳压模块",WH002,东莞天翼电子材料仓库,1071,850.83,911238.93,USD,0.13,月结45天,顺丰速运,LOG20221228341473,"2026-04-11","2026-04-14","2026-04-16",验收中,提前交付,"2025-12-27",Active,PO-202604-0100,"",""
PR0000315,GR-202604-0298,"2026-04-02",SUP-042,SUP-042,深圳线缆连接器公司,M0105,PART-CONN-GH-1.25-6P,GH1.25 6PIN连接器,WH002,东莞天翼电子材料仓库,1291,3800.19,4906045.29,CNY,0.13,月结30天,中铁快运,LOG20230325637696,"2026-04-09","2026-04-12","2026-04-14",已验收,提前交付,"2025-03-22",Active,PO-202604-0161,"",""
PR0000316,GR-202604-0291,"2026-04-02",SUP-042,SUP-042,深圳线缆连接器公司,M0105,PART-CONN-GH-1.25-6P,GH1.25 6PIN连接器,WH002,东莞天翼电子材料仓库,1974,3383.19,6678417.06,CNY,0.13,月结30天,百世快递,LOG20230307904460,"2026-04-09","2026-04-12","2026-04-14",已验收,"","2025-03-06",Active,PO-202604-0161,"",""
PR0000317,GR-202604-0218,"2026-04-03",SUP-001,SUP-001,芯源微电子股份有限公司,M0106,PART-RES-SMD-0201,"0201贴片电阻",WH002,东莞天翼电子材料仓库,1097,4125.41,4525574.77,CNY,0.13,月结60天,中铁快运,LOG20230223379578,"2026-04-10","2026-04-13","2026-04-15",已验收,"","2025-02-20",Active,PO-202604-0135,"",""
PR0000318,GR-202604-0192,"2026-04-03",SUP-001,SUP-001,芯源微电子股份有限公司,M0106,PART-RES-SMD-0201,"0201贴片电阻",WH002,东莞天翼电子材料仓库,2000,4013.81,8027620.0,CNY,0.13,月结60天,申通快递,LOG20230214267401,"2026-04-10","2026-04-13","2026-04-15",已验收,需加急处理,"2025-02-11",Active,PO-202604-0135,"",""
PR0000319,GR-202604-0032,"2026-04-02",SUP-002,SUP-002,德州仪器（TI）中国代理,M0107,PART-CAP-SMD-0201,"0201贴片电容",WH002,东莞天翼电子材料仓库,1273,1221.65,1555160.45,CNY,0.13,月结30天,中铁快运,LOG20221221426254,"2026-04-09","2026-04-12","2026-04-14",待验收,"","2025-12-19",Active,PO-202604-0106,"",""
PR0000320,GR-202604-0065,"2026-04-02",SUP-002,SUP-002,德州仪器（TI）中国代理,M0107,PART-CAP-SMD-0201,"0201贴片电容",WH002,东莞天翼电子材料仓库,860,1341.57,1153750.2,CNY,0.13,月结30天,顺丰速运,LOG20221218426186,"2026-04-09","2026-04-12","2026-04-14",验收中,"","2025-12-16",Active,PO-202604-0106,"",""
PR0000321,GR-202604-0034,"2026-04-02",SUP-002,SUP-002,德州仪器（TI）中国代理,M0107,PART-CAP-SMD-0201,"0201贴片电容",WH002,东莞天翼电子材料仓库,2081,1188.86,2474017.66,CNY,0.13,月结30天,中通快递,LOG20221230478779,"2026-04-09","2026-04-12","2026-04-14",已验收,"","2025-12-28",Active,PO-202604-0106,"",""
PR0000322,GR-202604-0009,"2026-04-03",SUP-003,SUP-003,意法半导体（ST）亚太区,M0108,PART-MCU-STM32H753,STM32H753双核芯片,WH002,东莞天翼电子材料仓库,955,536.06,511937.3,USD,0.13,月结45天,韵达快递,LOG20221231859997,"2026-04-09","2026-04-12","2026-04-14",已验收,历史到货-原采购订单PO-202604-0082超量，已解除采购订单关联,"2025-12-28",Active,"","",""
PR0000323,GR-202604-0127,"2026-04-03",SUP-003,SUP-003,意法半导体（ST）亚太区,M0108,PART-MCU-STM32H753,STM32H753双核芯片,WH002,东莞天翼电子材料仓库,1779,509.51,906418.29,USD,0.13,月结45天,顺丰速运,LOG20230111245595,"2026-04-09","2026-04-12","2026-04-14",已验收,历史到货-原采购订单PO-202604-0082超量，已解除采购订单关联,"2025-01-08",Active,"","",""
PR0000324,GR-202605-0003,"2026-05-04",SUP-009,SUP-009,深圳华强PCB制造厂,M0109,PART-PCB-FC-8L,"8层飞控PCB板",WH002,东莞天翼电子材料仓库,1796,2457.88,4414352.48,CNY,0.13,月结30天,韵达快递,LOG20221228428920,"2026-05-10","2026-05-13","2026-05-15",已验收,历史到货-原采购订单PO-202605-0114超量，已解除采购订单关联,"2025-12-25",Active,"","",""
PR0000325,GR-202605-0002,"2026-05-04",SUP-009,SUP-009,深圳华强PCB制造厂,M0109,PART-PCB-FC-8L,"8层飞控PCB板",WH002,东莞天翼电子材料仓库,1570,2513.63,3946399.1,CNY,0.13,月结30天,德邦物流,LOG20221218348403,"2026-05-10","2026-05-13","2026-05-15",待验收,历史到货-原采购订单PO-202605-0114超量，已解除采购订单关联,"2025-12-17",Active,"","",""
PR0000326,GR-202605-0001,"2026-05-04",SUP-009,SUP-009,深圳华强PCB制造厂,M0109,PART-PCB-FC-8L,"8层飞控PCB板",WH002,东莞天翼电子材料仓库,865,2438.16,2109008.4,CNY,0.13,月结30天,安能物流,LOG20221212470881,"2026-05-10","2026-05-13","2026-05-15",已验收,历史到货-原采购订单PO-202605-0114超量，已解除采购订单关联,"2025-12-11",Active,"","",""
PR0000327,GR-202604-0254,"2026-04-04",SUP-001,SUP-001,芯源微电子股份有限公司,M0110,PART-FPGA-ICE40,ICE40 FPGA,WH002,东莞天翼电子材料仓库,885,1697.77,1502526.45,CNY,0.13,月结45天,百世快递,LOG20230204898576,"2026-04-11","2026-04-14","2026-04-16",已验收,历史到货-原采购订单PO-202604-0041超量，已解除采购订单关联,"2025-02-03",Active,"","",""
PR0000328,GR-202604-0221,"2026-04-04",SUP-001,SUP-001,芯源微电子股份有限公司,M0110,PART-FPGA-ICE40,ICE40 FPGA,WH002,东莞天翼电子材料仓库,980,1589.0,1557220.0,CNY,0.13,月结45天,安能物流,LOG20230212109319,"2026-04-11","2026-04-14","2026-04-16",已验收,需加急处理;历史到货-原采购订单PO-202604-0041超量，已解除采购订单关联,"2025-02-10",Active,"","",""
PR0000329,GR-202604-0188,"2026-04-04",SUP-001,SUP-001,芯源微电子股份有限公司,M0110,PART-FPGA-ICE40,ICE40 FPGA,WH002,东莞天翼电子材料仓库,801,1922.56,1539970.56,CNY,0.13,月结45天,京东物流,LOG20230208101579,"2026-04-11","2026-04-14","2026-04-16",已验收,历史到货-原采购订单PO-202604-0041超量，已解除采购订单关联,"2025-02-05",Active,"","",""
PR0000330,GR-202604-0219,"2026-04-04",SUP-001,SUP-001,芯源微电子股份有限公司,M0110,PART-FPGA-ICE40,ICE40 FPGA,WH002,东莞天翼电子材料仓库,153,1778.76,272150.28,CNY,0.13,月结45天,安能物流,LOG20230206100797,"2026-04-11","2026-04-14","2026-04-16",待验收,"","2025-02-03",Active,PO-202604-0041,"",""
PR0000331,GR-202604-0049,"2026-04-04",SUP-042,SUP-042,深圳线缆连接器公司,M0111,PART-CONN-GH-1.25-10P,GH1.25 10PIN连接器,WH002,东莞天翼电子材料仓库,1784,1257.95,2244182.8,CNY,0.13,月结45天,圆通速递,LOG20221213599141,"2026-04-10","2026-04-13","2026-04-15",已验收,历史到货-原采购订单PO-202604-0084超量，已解除采购订单关联,"2025-12-10",Active,"","",""
PR0000332,GR-202604-0079,"2026-04-04",SUP-042,SUP-042,深圳线缆连接器公司,M0111,PART-CONN-GH-1.25-10P,GH1.25 10PIN连接器,WH002,东莞天翼电子材料仓库,2339,1226.11,2867871.29,CNY,0.13,月结45天,申通快递,LOG20221220524853,"2026-04-10","2026-04-13","2026-04-15",已验收,历史到货-原采购订单PO-202604-0084超量，已解除采购订单关联,"2025-12-18",Active,"","",""
PR0000333,GR-202604-0326,"2026-04-03",SUP-028,SUP-028,台州塑料注塑成型公司,M0112,RAW-ABS-PELLET,ABS塑料粒子,WH005,广州天翼原材料集散中心,905,1820.54,1647588.7,CNY,0.13,款到发货,顺丰速运,LOG20230322986185,"2026-04-10","2026-04-13","2026-04-15",已验收,"","2025-03-21",Active,PO-202604-0152,"",""
PR0000334,GR-202604-0265,"2026-04-03",SUP-028,SUP-028,台州塑料注塑成型公司,M0112,RAW-ABS-PELLET,ABS塑料粒子,WH005,广州天翼原材料集散中心,1097,2099.76,2303436.72,CNY,0.13,款到发货,顺丰速运,LOG20230304319741,"2026-04-10","2026-04-13","2026-04-15",已验收,"","2025-03-03",Active,PO-202604-0152,"",""
PR0000335,GR-202604-0288,"2026-04-03",SUP-028,SUP-028,台州塑料注塑成型公司,M0112,RAW-ABS-PELLET,ABS塑料粒子,WH005,广州天翼原材料集散中心,761,2090.72,1591037.92,CNY,0.13,款到发货,韵达快递,LOG20230314265468,"2026-04-10","2026-04-13","2026-04-15",已验收,"","2025-03-13",Active,PO-202604-0152,"",""
PR0000336,GR-202604-0276,"2026-04-03",SUP-028,SUP-028,台州塑料注塑成型公司,M0112,RAW-ABS-PELLET,ABS塑料粒子,WH005,广州天翼原材料集散中心,1319,1837.62,2423820.78,CNY,0.13,款到发货,中通快递,LOG20230319185341,"2026-04-10","2026-04-13","2026-04-15",已验收,"","2025-03-16",Active,PO-202604-0152,"",""
PR0000337,GR-202604-0356,"2026-04-04",SUP-025,SUP-025,东莞碳纤维复合材料厂,M0113,RAW-CF-PLATE-3MM,"3mm碳纤维板",WH005,广州天翼原材料集散中心,2495,4497.68,11221711.6,CNY,0.13,月结30天,京东物流,LOG20230407216772,"2026-04-11","2026-04-14","2026-04-16",已验收,"","2025-04-05",Active,PO-202604-0168,"",""
PR0000338,GR-202604-0336,"2026-04-04",SUP-025,SUP-025,东莞碳纤维复合材料厂,M0113,RAW-CF-PLATE-3MM,"3mm碳纤维板",WH005,广州天翼原材料集散中心,2480,5000.31,12400768.8,CNY,0.13,月结30天,京东物流,LOG20230327716173,"2026-04-11","2026-04-14","2026-04-16",验收中,"","2025-03-26",Active,PO-202604-0168,"",""
PR0000339,GR-202604-0176,"2026-04-04",SUP-040,SUP-040,深圳标准紧固件公司,M0114,PART-SCREW-M2.5-8,M2.5x8螺钉,WH002,东莞天翼电子材料仓库,1555,2380.29,3701350.95,CNY,0.13,月结30天,顺丰速运,LOG20230121513104,"2026-04-11","2026-04-14","2026-04-16",已验收,"","2025-01-18",Active,PO-202604-0118,"",""
PR0000340,GR-202604-0107,"2026-04-04",SUP-040,SUP-040,深圳标准紧固件公司,M0114,PART-SCREW-M2.5-8,M2.5x8螺钉,WH002,东莞天翼电子材料仓库,1431,2449.86,3505749.66,CNY,0.13,月结30天,德邦物流,LOG20230110145019,"2026-04-11","2026-04-14","2026-04-16",待验收,"","2025-01-07",Active,PO-202604-0118,"",""
PR0000341,GR-202604-0003,"2026-04-04",SUP-025,SUP-025,东莞碳纤维复合材料厂,M0115,RAW-CF-TUBE-16MM,"16mm碳纤维管",WH005,广州天翼原材料集散中心,3656,2430.76,8886858.56,CNY,0.13,"预付30%,货到付清",圆通速递,LOG20221222851387,"2026-04-11","2026-04-14","2026-04-16",已验收,"","2025-12-19",Active,PO-202604-0094,"",""
PR0000342,GR-202604-0008,"2026-04-04",SUP-025,SUP-025,东莞碳纤维复合材料厂,M0115,RAW-CF-TUBE-16MM,"16mm碳纤维管",WH005,广州天翼原材料集散中心,2722,2877.76,7833262.72,CNY,0.13,"预付30%,货到付清",京东物流,LOG20221219866987,"2026-04-11","2026-04-14","2026-04-16",已验收,"","2025-12-16",Active,PO-202604-0094,"",""
PR0000343,GR-202604-0286,"2026-04-02",SUP-009,SUP-009,深圳华强PCB制造厂,M0116,PART-PCB-2L,"2层PCB板",WH002,东莞天翼电子材料仓库,1381,4466.37,6168056.97,CNY,0.13,月结30天,百世快递,LOG20230322189425,"2026-04-09","2026-04-12","2026-04-14",已验收,历史到货-原采购订单PO-202604-0088超量，已解除采购订单关联,"2025-03-21",Active,"","",""
PR0000344,GR-202604-0295,"2026-04-02",SUP-009,SUP-009,深圳华强PCB制造厂,M0116,PART-PCB-2L,"2层PCB板",WH002,东莞天翼电子材料仓库,1005,4170.32,4191171.6,CNY,0.13,月结30天,安能物流,LOG20230316305913,"2026-04-09","2026-04-12","2026-04-14",已验收,历史到货-原采购订单PO-202604-0088超量，已解除采购订单关联,"2025-03-15",Active,"","",""
PR0000345,GR-202604-0329,"2026-04-02",SUP-009,SUP-009,深圳华强PCB制造厂,M0116,PART-PCB-2L,"2层PCB板",WH002,东莞天翼电子材料仓库,1240,4610.31,5716784.4,CNY,0.13,月结30天,安能物流,LOG20230402814675,"2026-04-09","2026-04-12","2026-04-14",验收中,历史到货-原采购订单PO-202604-0088超量，已解除采购订单关联,"2025-03-31",Active,"","",""
PR0000346,GR-202604-0335,"2026-04-02",SUP-009,SUP-009,深圳华强PCB制造厂,M0116,PART-PCB-2L,"2层PCB板",WH002,东莞天翼电子材料仓库,746,4529.11,3378716.06,CNY,0.13,月结30天,京东物流,LOG20230328603043,"2026-04-09","2026-04-12","2026-04-14",已验收,历史到货-原采购订单PO-202604-0088超量，已解除采购订单关联,"2025-03-25",Active,"","",""
PR0000347,GR-202604-0187,"2026-04-04",SUP-002,SUP-002,德州仪器（TI）中国代理,M0117,PART-MOSFET-DUAL,双路MOSFET,WH002,东莞天翼电子材料仓库,926,4775.13,4421770.38,CNY,0.13,款到发货,京东物流,LOG20230121597539,"2026-04-11","2026-04-14","2026-04-16",已验收,提前交付;历史到货-原采购订单PO-202604-0089超量，已解除采购订单关联,"2025-01-19",Active,"","",""
PR0000348,GR-202604-0130,"2026-04-04",SUP-002,SUP-002,德州仪器（TI）中国代理,M0117,PART-MOSFET-DUAL,双路MOSFET,WH002,东莞天翼电子材料仓库,613,4859.3,2978750.9,CNY,0.13,款到发货,德邦物流,LOG20230123742335,"2026-04-11","2026-04-14","2026-04-16",已验收,"","2025-01-21",Active,PO-202604-0089,"",""
PR0000349,GR-202604-0178,"2026-04-04",SUP-002,SUP-002,德州仪器（TI）中国代理,M0117,PART-MOSFET-DUAL,双路MOSFET,WH002,东莞天翼电子材料仓库,523,4795.24,2507910.52,CNY,0.13,款到发货,百世快递,LOG20230116117733,"2026-04-11","2026-04-14","2026-04-16",已验收,需加急处理;历史到货-原采购订单PO-202604-0089超量，已解除采购订单关联,"2025-01-13",Active,"","",""
PR0000350,GR-202604-0096,"2026-04-04",SUP-002,SUP-002,德州仪器（TI）中国代理,M0117,PART-MOSFET-DUAL,双路MOSFET,WH002,东莞天翼电子材料仓库,886,4899.53,4340983.58,CNY,0.13,款到发货,中通快递,LOG20230113682556,"2026-04-11","2026-04-14","2026-04-16",已验收,部分延期;历史到货-原采购订单PO-202604-0089超量，已解除采购订单关联,"2025-01-11",Active,"","",""
PR0000351,GR-202604-0296,"2026-04-02",SUP-003,SUP-003,意法半导体（ST）亚太区,M0118,PART-MCU-STM32F103,STM32F103控制芯片,WH002,东莞天翼电子材料仓库,1159,3227.17,3740290.03,USD,0.13,月结45天,中铁快运,LOG20230325950139,"2026-04-09","2026-04-12","2026-04-14",待验收,历史到货-原采购订单PO-202604-0090超量，已解除采购订单关联,"2025-03-23",Active,"","",""
PR0000352,GR-202604-0324,"2026-04-02",SUP-003,SUP-003,意法半导体（ST）亚太区,M0118,PART-MCU-STM32F103,STM32F103控制芯片,WH002,东莞天翼电子材料仓库,735,3214.39,2362576.65,USD,0.13,月结45天,百世快递,LOG20230330807888,"2026-04-09","2026-04-12","2026-04-14",已验收,历史到货-原采购订单PO-202604-0090超量，已解除采购订单关联,"2025-03-27",Active,"","",""
PR0000353,GR-202604-0305,"2026-04-02",SUP-003,SUP-003,意法半导体（ST）亚太区,M0118,PART-MCU-STM32F103,STM32F103控制芯片,WH002,东莞天翼电子材料仓库,1063,3220.2,3423072.6,USD,0.13,月结45天,圆通速递,LOG20230323741034,"2026-04-09","2026-04-12","2026-04-14",已验收,历史到货-原采购订单PO-202604-0090超量，已解除采购订单关联,"2025-03-21",Active,"","",""
PR0000354,GR-202604-0062,"2026-04-04",SUP-031,SUP-031,台积电（TSMC）,M0119,RAW-SI-WAFER-8IN,"8英寸硅晶圆",WH005,广州天翼原材料集散中心,1998,1545.0,3086910.0,CNY,0.13,月结30天,中铁快运,LOG20221224147569,"2026-04-11","2026-04-14","2026-04-16",验收中,"","2025-12-22",Active,PO-202604-0110,"",""
PR0000355,GR-202604-0121,"2026-04-04",SUP-031,SUP-031,台积电（TSMC）,M0119,RAW-SI-WAFER-8IN,"8英寸硅晶圆",WH005,广州天翼原材料集散中心,3211,1632.15,5240833.65,CNY,0.13,月结30天,韵达快递,LOG20230104443356,"2026-04-11","2026-04-14","2026-04-16",已验收,"","2025-01-02",Active,PO-202604-0110,"",""
PR0000356,GR-202604-0089,"2026-04-03",SUP-031,SUP-031,台积电（TSMC）,M0120,RAW-SI-WAFER-12IN,"12英寸硅晶圆",WH005,广州天翼原材料集散中心,1439,605.13,870782.07,CNY,0.13,款到发货,安能物流,LOG20230130412889,"2026-04-09","2026-04-12","2026-04-14",已验收,提前交付;历史到货-原采购订单PO-202604-0005超量，已解除采购订单关联,"2025-01-29",Active,"","",""
PR0000357,GR-202604-0194,"2026-04-03",SUP-031,SUP-031,台积电（TSMC）,M0120,RAW-SI-WAFER-12IN,"12英寸硅晶圆",WH005,广州天翼原材料集散中心,1296,628.68,814769.28,CNY,0.13,款到发货,中通快递,LOG20230203523854,"2026-04-09","2026-04-12","2026-04-14",待验收,历史到货-原采购订单PO-202604-0005超量，已解除采购订单关联,"2025-02-02",Active,"","",""
PR0000358,GR-202604-0087,"2026-04-03",SUP-031,SUP-031,台积电（TSMC）,M0120,RAW-SI-WAFER-12IN,"12英寸硅晶圆",WH005,广州天翼原材料集散中心,1498,639.72,958300.56,CNY,0.13,款到发货,安能物流,LOG20230121287890,"2026-04-09","2026-04-12","2026-04-14",已验收,历史到货-原采购订单PO-202604-0005超量，已解除采购订单关联,"2025-01-20",Active,"","",""
PR0000359,GR-202604-0104,"2026-04-03",SUP-031,SUP-031,台积电（TSMC）,M0120,RAW-SI-WAFER-12IN,"12英寸硅晶圆",WH005,广州天翼原材料集散中心,1888,616.38,1163725.44,CNY,0.13,款到发货,韵达快递,LOG20230203947055,"2026-04-09","2026-04-12","2026-04-14",验收中,历史到货-原采购订单PO-202604-0005超量，已解除采购订单关联,"2025-01-31",Active,"","",""
PR0000360,GR-202604-0277,"2026-04-04",SUP-029,SUP-029,包头稀土高新材料公司,M0121,RAW-NEODYMIUM,钕铁硼磁性材料,WH005,广州天翼原材料集散中心,3910,1192.12,4661189.2,USD,0.13,月结45天,百世快递,LOG20230304292562,"2026-04-10","2026-04-13","2026-04-15",已验收,历史到货-原采购订单PO-202604-0003超量，已解除采购订单关联,"2025-03-03",Active,"","",""
PR0000361,GR-202604-0340,"2026-04-04",SUP-029,SUP-029,包头稀土高新材料公司,M0121,RAW-NEODYMIUM,钕铁硼磁性材料,WH005,广州天翼原材料集散中心,3238,1238.63,4010683.94,USD,0.13,月结45天,京东物流,LOG20230323988885,"2026-04-10","2026-04-13","2026-04-15",验收中,质量合格;历史到货-原采购订单PO-202604-0003超量，已解除采购订单关联,"2025-03-21",Active,"","",""
PR0000362,GR-202604-0357,"2026-04-04",SUP-033,SUP-033,江铜集团铜材公司,M0122,RAW-COPPER-WIRE,铜漆包线,WH005,广州天翼原材料集散中心,1634,2681.18,4381048.12,USD,0.13,月结45天,京东物流,LOG20230404899628,"2026-04-11","2026-04-14","2026-04-16",已验收,历史到货-原采购订单PO-202604-0004超量，已解除采购订单关联,"2025-04-03",Active,"","",""
PR0000363,GR-202604-0269,"2026-04-04",SUP-033,SUP-033,江铜集团铜材公司,M0122,RAW-COPPER-WIRE,铜漆包线,WH005,广州天翼原材料集散中心,2406,2617.28,6297175.68,USD,0.13,月结45天,安能物流,LOG20230331141230,"2026-04-11","2026-04-14","2026-04-16",已验收,历史到货-原采购订单PO-202604-0004超量，已解除采购订单关联,"2025-03-30",Active,"","",""
PR0000364,GR-202604-0348,"2026-04-04",SUP-033,SUP-033,江铜集团铜材公司,M0122,RAW-COPPER-WIRE,铜漆包线,WH005,广州天翼原材料集散中心,2440,2722.64,6643241.6,USD,0.13,月结45天,中通快递,LOG20230408615975,"2026-04-11","2026-04-14","2026-04-16",已验收,历史到货-原采购订单PO-202604-0004超量，已解除采购订单关联,"2025-04-05",Active,"","",""
PR0000365,GR-202604-0126,"2026-04-03",SUP-027,SUP-027,深圳铝合金精密加工厂,M0123,RAW-AL-ALLOY,铝合金材料,WH005,广州天翼原材料集散中心,1531,3924.27,6008057.37,CNY,0.13,款到发货,中铁快运,LOG20230109611232,"2026-04-10","2026-04-13","2026-04-15",验收中,历史到货-原采购订单PO-202604-0086超量，已解除采购订单关联,"2025-01-06",Active,"","",""
PR0000366,GR-202604-0099,"2026-04-03",SUP-027,SUP-027,深圳铝合金精密加工厂,M0123,RAW-AL-ALLOY,铝合金材料,WH005,广州天翼原材料集散中心,1322,3911.32,5170765.04,CNY,0.13,款到发货,申通快递,LOG20230110668946,"2026-04-10","2026-04-13","2026-04-15",已验收,历史到货-原采购订单PO-202604-0086超量，已解除采购订单关联,"2025-01-08",Active,"","",""
PR0000367,GR-202604-0145,"2026-04-03",SUP-027,SUP-027,深圳铝合金精密加工厂,M0123,RAW-AL-ALLOY,铝合金材料,WH005,广州天翼原材料集散中心,1223,3625.35,4433803.05,CNY,0.13,款到发货,中铁快运,LOG20230119912323,"2026-04-10","2026-04-13","2026-04-15",已验收,历史到货-原采购订单PO-202604-0086超量，已解除采购订单关联,"2025-01-17",Active,"","",""
PR0000368,GR-202604-0129,"2026-04-03",SUP-027,SUP-027,深圳铝合金精密加工厂,M0123,RAW-AL-ALLOY,铝合金材料,WH005,广州天翼原材料集散中心,2746,3919.79,10763743.34,CNY,0.13,款到发货,安能物流,LOG20230110910045,"2026-04-10","2026-04-13","2026-04-15",验收中,历史到货-原采购订单PO-202604-0086超量，已解除采购订单关联,"2025-01-08",Active,"","",""
PR0000369,GR-202604-0123,"2026-04-04",SUP-017,SUP-017,宁德时代新能源科技,M0124,RAW-LIPO-CELL,锂聚合物电芯,WH005,广州天翼原材料集散中心,2971,931.89,2768645.19,CNY,0.13,款到发货,京东物流,LOG20230116571540,"2026-04-11","2026-04-14","2026-04-16",已验收,历史到货-原采购订单PO-202604-0039超量，已解除采购订单关联,"2025-01-14",Active,"","",""
PR0000370,GR-202604-0109,"2026-04-04",SUP-017,SUP-017,宁德时代新能源科技,M0124,RAW-LIPO-CELL,锂聚合物电芯,WH005,广州天翼原材料集散中心,1330,923.91,1228800.3,CNY,0.13,款到发货,韵达快递,LOG20230109253774,"2026-04-11","2026-04-14","2026-04-16",已验收,历史到货-原采购订单PO-202604-0039超量，已解除采购订单关联,"2025-01-08",Active,"","",""
PR0000371,GR-202604-0143,"2026-04-04",SUP-017,SUP-017,宁德时代新能源科技,M0124,RAW-LIPO-CELL,锂聚合物电芯,WH005,广州天翼原材料集散中心,2295,948.82,2177541.9,CNY,0.13,款到发货,安能物流,LOG20230116233561,"2026-04-11","2026-04-14","2026-04-16",已验收,历史到货-原采购订单PO-202604-0039超量，已解除采购订单关联,"2025-01-15",Active,"","",""
PR0000372,GR-202604-0115,"2026-04-04",SUP-010,SUP-010,生益科技股份有限公司,M0125,RAW-FR4-CCL,FR4覆铜板,WH005,广州天翼原材料集散中心,1819,4239.2,7711104.8,CNY,0.13,月结45天,中通快递,LOG20230113788655,"2026-04-10","2026-04-13","2026-04-15",已验收,历史到货-原采购订单PO-202604-0006超量，已解除采购订单关联,"2025-01-11",Active,"","",""
PR0000373,GR-202604-0182,"2026-04-04",SUP-010,SUP-010,生益科技股份有限公司,M0125,RAW-FR4-CCL,FR4覆铜板,WH005,广州天翼原材料集散中心,1261,4778.15,6025247.15,CNY,0.13,月结45天,百世快递,LOG20230113293583,"2026-04-10","2026-04-13","2026-04-15",待验收,提前交付;历史到货-原采购订单PO-202604-0006超量，已解除采购订单关联,"2025-01-10",Active,"","",""
PR0000374,GR-202604-0077,"2026-04-04",SUP-010,SUP-010,生益科技股份有限公司,M0125,RAW-FR4-CCL,FR4覆铜板,WH005,广州天翼原材料集散中心,1522,4755.04,7237170.88,CNY,0.13,月结45天,京东物流,LOG20230102947931,"2026-04-10","2026-04-13","2026-04-15",待验收,历史到货-原采购订单PO-202604-0006超量，已解除采购订单关联,"2025-12-31",Active,"","",""
PR0000375,GR-202604-0165,"2026-04-04",SUP-010,SUP-010,生益科技股份有限公司,M0125,RAW-FR4-CCL,FR4覆铜板,WH005,广州天翼原材料集散中心,907,4214.92,3822932.44,CNY,0.13,月结45天,中通快递,LOG20230107543894,"2026-04-10","2026-04-13","2026-04-15",已验收,质量合格;历史到货-原采购订单PO-202604-0006超量，已解除采购订单关联,"2025-01-05",Active,"","",""
PR0000376,GR-202604-0359,"2026-04-04",SUP-020,SUP-020,格氏ace电池科技,M0034,PART-BAT-12S-16000,"12S16000mAh工业电池",WH002,东莞天翼电子材料仓库,260,421.04,,CNY,0.13,月结60天,德邦,LOG2026000376,"2026-04-11","2026-04-17","2026-04-17",已验收,"","2026-04-03",Active,PO-202604-0170,"",""
PR0000377,GR-202604-0360,"2026-04-03",SUP-039,SUP-039,常州雷达测高仪制造厂,M0027,PART-RADAR-ALT,雷达测高仪,WH002,东莞天翼电子材料仓库,260,96.37,,CNY,0.13,月结30天,申通,LOG2026000377,"2026-04-04","2026-04-14","2026-04-14",已验收,"","2026-04-03",Active,PO-202604-0065,"",""
PR0000378,GR-202605-0015,"2026-05-12",SUP-022,SUP-022,豪威科技（OmniVision）,M0022,PART-CAM-FPV,FPV图传相机,WH002,东莞天翼电子材料仓库,483,769.41,,CNY,0.13,月结60天,申通,LOG2026000378,"2026-05-13","2026-05-14","2026-05-17",已验收,历史到货-原采购订单PO-202605-0045超量，已解除采购订单关联,"2026-05-12",Active,"","",""
PR0000379,GR-202605-0016,"2026-05-05",SUP-043,SUP-043,深圳无线通信技术公司,M0025,PART-RC-IND,工业遥控器,WH002,东莞天翼电子材料仓库,483,123.32,,CNY,0.13,月结45天,申通,LOG2026000379,"2026-05-06","2026-05-17","2026-05-10",已验收,历史到货-原采购订单PO-202605-0095超量，已解除采购订单关联,"2026-05-05",Active,"","",""
PR0000380,GR-202604-0361,"2026-04-03",SUP-021,SUP-021,索尼半导体解决方案,M0022,PART-CAM-FPV,FPV图传相机,WH002,东莞天翼电子材料仓库,260,839.84,,CNY,0.13,月结30天,申通,LOG2026000380,"2026-04-04","2026-04-24","2026-04-08",待验收,"","2026-04-03",Active,PO-202604-0028,"",""
PR0000381,GR-202604-0362,"2026-04-07",SUP-017,SUP-017,宁德时代新能源科技,M0124,RAW-LIPO-CELL,锂聚合物电芯,WH002,东莞天翼电子材料仓库,1011,412.85,,CNY,0.13,月结45天,德邦,LOG2026000381,"2026-04-08","2026-04-17","2026-04-17",部分验收,"","2026-04-07",Active,PO-202604-0039,"",""
PR0000382,GR-202605-0017,"2026-05-03",SUP-022,SUP-022,豪威科技（OmniVision）,M0022,PART-CAM-FPV,FPV图传相机,WH002,东莞天翼电子材料仓库,600,1162.8,,CNY,0.13,月结30天,申通,LOG2026000382,"2026-05-04","2026-05-14","2026-05-08",待验收,"","2026-05-03",Active,PO-202605-0045,"",""
PR0000383,GR-202604-0363,"2026-04-03",SUP-027,SUP-027,深圳铝合金精密加工厂,M0123,RAW-AL-ALLOY,铝合金材料,WH002,东莞天翼电子材料仓库,616,180.16,,CNY,0.13,月结60天,申通,LOG2026000383,"2026-04-04","2026-04-17","2026-04-08",部分验收,"","2026-04-03",Active,PO-202604-0086,"",""
PR0000384,GR-202604-0364,"2026-04-03",SUP-012,SUP-012,深圳大疆创新动力系统,M0037,PART-MOTOR-5010-PRO,"5010重载无刷电机",WH002,东莞天翼电子材料仓库,1482,226.93,,CNY,0.13,月结45天,德邦,LOG2026000384,"2026-04-04","2026-04-28","2026-04-28",待验收,历史到货-原采购订单PO-202604-0029超量，已解除采购订单关联,"2026-04-03",Active,"","",""
PR0000385,GR-202604-0365,"2026-04-07",SUP-011,SUP-011,T-Motor无刷电机有限公司,M0085,PART-MOTOR-4114-400KV,"4114 400KV高扭矩电机",WH002,东莞天翼电子材料仓库,2166,994.37,,CNY,0.13,月结60天,德邦,LOG2026000385,"2026-04-08","2026-04-20","2026-04-20",待验收,历史到货-原采购订单PO-202604-0075超量，已解除采购订单关联,"2026-04-07",Active,"","",""
PR0000386,GR-202605-0018,"2026-05-07",SUP-027,SUP-027,深圳铝合金精密加工厂,M0056,COMP-MOTOR-MOUNT-AL-HD,重载铝合金电机座,WH002,东莞天翼电子材料仓库,2400,104.88,,CNY,0.13,月结60天,顺丰,LOG2026000386,"2026-05-08","2026-05-14","2026-05-14",已验收,"","2026-05-07",Active,PO-202605-0099,"",""
PR0000387,GR-202604-0366,"2026-04-12",SUP-043,SUP-043,深圳无线通信技术公司,M0025,PART-RC-IND,工业遥控器,WH002,东莞天翼电子材料仓库,361,24.6,,CNY,0.13,月结45天,德邦,LOG2026000387,"2026-04-13","2026-04-26","2026-04-26",待验收,历史到货-原采购订单PO-202604-0033超量，已解除采购订单关联,"2026-04-12",Active,"","",""
PR0000388,GR-202604-0367,"2026-04-04",SUP-020,SUP-020,格氏ace电池科技,M0034,PART-BAT-12S-16000,"12S16000mAh工业电池",WH002,东莞天翼电子材料仓库,260,421.04,,CNY,0.13,月结60天,中通,LOG2026000388,"2026-04-11","2026-04-17","2026-04-17",待验收,"","2026-04-03",Active,PO-202604-0170,"",""
PR0000389,GR-202604-0368,"2026-04-03",SUP-039,SUP-039,常州雷达测高仪制造厂,M0027,PART-RADAR-ALT,雷达测高仪,WH002,东莞天翼电子材料仓库,260,96.37,,CNY,0.13,月结30天,德邦,LOG2026000389,"2026-04-04","2026-04-14","2026-04-08",待验收,历史到货-原采购订单PO-202604-0065超量，已解除采购订单关联,"2026-04-03",Active,"","",""
PR0000390,GR-202605-0019,"2026-05-12",SUP-022,SUP-022,豪威科技（OmniVision）,M0022,PART-CAM-FPV,FPV图传相机,WH002,东莞天翼电子材料仓库,386,769.41,,CNY,0.13,月结60天,顺丰,LOG2026000390,"2026-05-13","2026-05-14","2026-05-14",部分验收,历史到货-原采购订单PO-202605-0045超量，已解除采购订单关联,"2026-05-12",Active,"","1","2"
PR0000391,GR-202604-0369,"2026-04-07",SUP-026,SUP-026,中航复合材料有限公司,M0036,PART-FRAME-HEX-CF-HD,六轴重载碳纤维机架,WH002,东莞天翼电子材料仓库,247,784.24,,CNY,0.13,月结60天,顺丰,LOG2026000391,"2026-04-08","2026-04-26","2026-04-26",已验收,"","2026-04-07",Active,PO-202604-0026,"",""
PR0000392,GR-202604-0370,"2026-04-09",SUP-016,SUP-016,APC螺旋桨美国公司,M0039,PART-PROP-3016-CF,"3016碳纤螺旋桨",WH002,东莞天翼电子材料仓库,247,660.02,,CNY,0.13,月结60天,中通,LOG2026000392,"2026-04-10","2026-04-14","2026-04-14",待验收,历史到货-原采购订单PO-202604-0031超量，已解除采购订单关联,"2026-04-09",Active,"","1","3"
PR0000393,GR-202605-0020,"2026-05-09",SUP-011,SUP-011,T-Motor无刷电机有限公司,M0037,PART-MOTOR-5010-PRO,"5010重载无刷电机",WH002,东莞天翼电子材料仓库,570,257.02,,CNY,0.13,月结45天,顺丰,LOG2026000393,"2026-05-10","2026-05-20","2026-05-14",待验收,"","2026-05-09",Active,PO-202605-0046,"",""
PR0000394,GR-202605-0021,"2026-05-05",SUP-014,SUP-014,好盈电子科技有限公司,M0038,PART-ESC-60A,"60A电调",WH002,东莞天翼电子材料仓库,600,56.05,,CNY,0.13,月结45天,中通,LOG2026000394,"2026-05-06","2026-05-26","2026-05-26",部分验收,"","2026-05-05",Active,PO-202605-0047,"",""
PR0000395,GR-202604-0371,"2026-04-12",SUP-043,SUP-043,深圳无线通信技术公司,M0025,PART-RC-IND,工业遥控器,WH002,东莞天翼电子材料仓库,361,24.6,,CNY,0.13,月结45天,德邦,LOG2026000395,"2026-04-13","2026-04-26","2026-04-26",已验收,历史到货-原采购订单PO-202604-0033超量，已解除采购订单关联,"2026-04-12",Active,"","",""
PR0000396,GR-202604-0372,"2026-04-09",SUP-039,SUP-039,常州雷达测高仪制造厂,M0027,PART-RADAR-ALT,雷达测高仪,WH002,东莞天翼电子材料仓库,114,386.84,,CNY,0.13,月结30天,中通,LOG2026000396,"2026-04-10","2026-04-20","2026-04-20",已验收,历史到货-原采购订单PO-202604-0065超量，已解除采购订单关联,"2026-04-09",Active,"","",""
PR0000397,GR-202605-0022,"2026-05-03",SUP-043,SUP-043,深圳无线通信技术公司,M0025,PART-RC-IND,工业遥控器,WH002,东莞天翼电子材料仓库,570,102.32,,CNY,0.13,月结45天,中通,LOG2026000397,"2026-05-04","2026-05-17","2026-05-17",已验收,"","2026-05-03",Active,PO-202605-0095,"",""
PR0000398,GR-202604-0373,"2026-04-12",SUP-029,SUP-029,包头稀土高新材料公司,M0121,RAW-NEODYMIUM,钕铁硼磁性材料,WH002,东莞天翼电子材料仓库,70,308.39,,CNY,0.13,月结60天,申通,LOG2026000398,"2026-04-13","2026-04-24","2026-04-24",待验收,"","2026-04-12",Active,PO-202604-0003,"",""
PR0000399,GR-202604-0374,"2026-04-09",SUP-033,SUP-033,江铜集团铜材公司,M0122,RAW-COPPER-WIRE,铜漆包线,WH002,东莞天翼电子材料仓库,126,836.75,,CNY,0.13,月结30天,顺丰,LOG2026000399,"2026-04-10","2026-04-17","2026-04-17",已验收,"","2026-04-09",Active,PO-202604-0004,"",""
PR0000400,GR-202605-0023,"2026-05-07",SUP-038,SUP-038,深圳农业喷洒系统公司,M0035,PART-SPRAYER-20L,"20升智能喷洒系统",WH002,东莞天翼电子材料仓库,497,891.54,,CNY,0.13,月结45天,申通,LOG2026000400,"2026-05-08","2026-05-17","2026-05-17",待验收,历史到货-原采购订单PO-202605-0010超量，已解除采购订单关联,"2026-05-07",Active,"","",""
PR0000401,GR-202605-0024,"2026-05-03",SUP-004,SUP-004,博世传感器技术有限公司,M0073,PART-IMU-ADIS16505,ADIS16505工业级IMU,WH002,东莞天翼电子材料仓库,460,669.87,,CNY,0.13,月结30天,顺丰,LOG2026000401,"2026-05-04","2026-05-17","2026-05-08",待验收,"","2026-05-03",Active,PO-202605-0013,"",""
PR0000402,GR-202605-0025,"2026-05-07",SUP-011,SUP-011,T-Motor无刷电机有限公司,M0085,PART-MOTOR-4114-400KV,"4114 400KV高扭矩电机",WH002,东莞天翼电子材料仓库,786,739.14,,CNY,0.13,月结60天,中通,LOG2026000402,"2026-05-08","2026-05-24","2026-05-24",部分验收,"","2026-05-07",Active,PO-202605-0106,"",""
PR0000403,GR-202605-0026,"2026-05-03",SUP-002,SUP-002,德州仪器（TI）中国代理,M0108,PART-MCU-STM32H753,STM32H753双核芯片,WH002,东莞天翼电子材料仓库,437,207.94,,CNY,0.13,月结45天,中通,LOG2026000403,"2026-05-04","2026-05-14","2026-05-14",待验收,历史到货-原采购订单PO-202605-0113超量，已解除采购订单关联,"2026-05-03",Active,"","1","3"
PR0000404,GR-202605-0027,"2026-05-05",SUP-027,SUP-027,深圳铝合金精密加工厂,M0123,RAW-AL-ALLOY,铝合金材料,WH002,东莞天翼电子材料仓库,552,146.59,,CNY,0.13,月结30天,中通,LOG2026000404,"2026-05-06","2026-05-20","2026-05-10",待验收,历史到货-原采购订单PO-202605-0117超量，已解除采购订单关联,"2026-05-05",Active,"","1","3"
PR0000405,GR-202605-0028,"2026-05-05",SUP-032,SUP-032,中芯国际（SMIC）,M0120,RAW-SI-WAFER-12IN,"12英寸硅晶圆",WH002,东莞天翼电子材料仓库,1,1062.73,,CNY,0.13,月结45天,申通,LOG2026000405,"2026-05-06","2026-05-14","2026-05-14",待验收,"","2026-05-05",Active,PO-202605-0024,"",""
PR0000406,GR-202604-0375,"2026-04-12",SUP-026,SUP-026,中航复合材料有限公司,M0036,PART-FRAME-HEX-CF-HD,六轴重载碳纤维机架,WH002,东莞天翼电子材料仓库,260,48.56,,CNY,0.13,月结30天,德邦,LOG2026000406,"2026-04-13","2026-04-14","2026-04-17",待验收,历史到货-原采购订单PO-202604-0026超量，已解除采购订单关联,"2026-04-12",Active,"","",""
PR0000407,GR-202604-0376,"2026-04-03",SUP-012,SUP-012,深圳大疆创新动力系统,M0037,PART-MOTOR-5010-PRO,"5010重载无刷电机",WH002,东莞天翼电子材料仓库,444,226.93,,CNY,0.13,月结45天,德邦,LOG2026000407,"2026-04-04","2026-04-28","2026-04-08",已验收,"","2026-04-03",Active,PO-202604-0029,"1","2"
PR0000408,GR-202604-0377,"2026-04-12",SUP-039,SUP-039,常州雷达测高仪制造厂,M0027,PART-RADAR-ALT,雷达测高仪,WH002,东莞天翼电子材料仓库,224,1173.3,,CNY,0.13,月结30天,中通,LOG2026000408,"2026-04-13","2026-04-14","2026-04-14",待验收,历史到货-原采购订单PO-202604-0065超量，已解除采购订单关联,"2026-04-12",Active,"","",""
PR0000409,GR-202604-0378,"2026-04-07",SUP-017,SUP-017,宁德时代新能源科技,M0124,RAW-LIPO-CELL,锂聚合物电芯,WH002,东莞天翼电子材料仓库,505,412.85,,CNY,0.13,月结45天,申通,LOG2026000409,"2026-04-08","2026-04-17","2026-04-17",待验收,历史到货-原采购订单PO-202604-0039超量，已解除采购订单关联,"2026-04-07",Active,"","1","3"
PR0000410,GR-202605-0029,"2026-05-03",SUP-009,SUP-009,深圳华强PCB制造厂,M0109,PART-PCB-FC-8L,"8层飞控PCB板",WH002,东莞天翼电子材料仓库,247,565.6,,CNY,0.13,月结60天,德邦,LOG2026000410,"2026-05-10","2026-05-13","2026-05-15",部分验收,"","2026-04-09",Active,PO-202605-0055,"",""
PR0000411,GR-202604-0379,"2026-04-09",SUP-031,SUP-031,台积电（TSMC）,M0120,RAW-SI-WAFER-12IN,"12英寸硅晶圆",WH002,东莞天翼电子材料仓库,1,1188.51,,CNY,0.13,月结30天,顺丰,LOG2026000411,"2026-04-10","2026-04-28","2026-04-14",待验收,历史到货-原采购订单PO-202604-0005超量，已解除采购订单关联,"2026-04-09",Active,"","",""
PR0000412,GR-202605-0030,"2026-05-09",SUP-020,SUP-020,格氏ace电池科技,M0040,PART-BAT-12S-22000,"12S22000mAh重载电池",WH002,东莞天翼电子材料仓库,1200,270.19,,CNY,0.13,月结30天,申通,LOG2026000412,"2026-05-10","2026-05-20","2026-05-20",部分验收,历史到货-原采购订单PO-202604-0032超量，已解除采购订单关联,"2026-05-09",Active,"","",""
PR0000413,GR-202605-0031,"2026-05-12",SUP-044,SUP-044,移远通信股份有限公司,M0075,PART-4G-MODULE,"4G通信模块",WH002,东莞天翼电子材料仓库,570,737.78,,CNY,0.13,月结60天,申通,LOG2026000413,"2026-05-13","2026-05-28","2026-05-17",待验收,历史到货-原采购订单PO-202605-0014超量，已解除采购订单关联,"2026-05-12",Active,"","",""
PR0000414,GR-202605-0032,"2026-05-05",SUP-018,SUP-018,比亚迪电池有限公司,M0124,RAW-LIPO-CELL,锂聚合物电芯,WH002,东莞天翼电子材料仓库,1166,1170.89,,CNY,0.13,月结30天,申通,LOG2026000414,"2026-05-06","2026-05-28","2026-05-28",已验收,历史到货-原采购订单PO-202605-0118超量，已解除采购订单关联,"2026-05-05",Active,"","",""
PR0000415,GR-202605-0033,"2026-05-03",SUP-009,SUP-009,深圳华强PCB制造厂,M0109,PART-PCB-FC-8L,"8层飞控PCB板",WH002,东莞天翼电子材料仓库,600,259.89,,CNY,0.13,月结30天,中通,LOG2026000415,"2026-05-04","2026-05-28","2026-05-28",待验收,历史到货-原采购订单PO-202605-0055超量，已解除采购订单关联,"2026-05-03",Active,"","",""
PR0000416,GR-202605-0034,"2026-05-07",SUP-042,SUP-042,深圳线缆连接器公司,M0111,PART-CONN-GH-1.25-10P,GH1.25 10PIN连接器,WH002,东莞天翼电子材料仓库,2280,1085.06,,CNY,0.13,月结60天,申通,LOG2026000416,"2026-05-08","2026-05-20","2026-05-20",已验收,"","2026-05-07",Active,PO-202605-0057,"1","3"
PR0000417,GR-202605-0035,"2026-05-05",SUP-032,SUP-032,中芯国际（SMIC）,M0120,RAW-SI-WAFER-12IN,"12英寸硅晶圆",WH002,东莞天翼电子材料仓库,0,865.76,,CNY,0.13,月结30天,德邦,LOG2026000417,"2026-05-06","2026-05-17","2026-05-10",部分验收,"","2026-05-05",Active,PO-202605-0024,"1","2"
PR0000418,GR-202604-0380,"2026-04-03",SUP-012,SUP-012,深圳大疆创新动力系统,M0023,ASSY-PWR-TQ,高扭矩动力系统总成,WH002,东莞天翼电子材料仓库,410,917.83,,CNY,0.13,月结60天,申通,LOG2026000418,"2026-04-04","2026-04-17","2026-04-17",已验收,"","2026-04-03",Active,PO-202604-0061,"",""
PR0000419,GR-202604-0381,"2026-04-05",SUP-043,SUP-043,深圳无线通信技术公司,M0025,PART-RC-IND,工业遥控器,WH002,东莞天翼电子材料仓库,361,699.2,,CNY,0.13,月结60天,申通,LOG2026000419,"2026-04-06","2026-04-14","2026-04-10",待验收,历史到货-原采购订单PO-202604-0033超量，已解除采购订单关联,"2026-04-05",Active,"","",""
PR0000420,GR-202605-0036,"2026-05-02",SUP-041,SUP-041,东莞减震件制造厂,M0059,PART-DAMPER-HARD,硬质减震球,WH002,东莞天翼电子材料仓库,1642,400.91,,CNY,0.13,月结45天,申通,LOG2026000420,"2026-05-09","2026-05-12","2026-05-14",待验收,历史到货-原采购订单PO-202605-0101超量，已解除采购订单关联,"2026-04-07",Active,"","1","2"
PR0000421,GR-202604-0382,"2026-04-07",SUP-011,SUP-011,T-Motor无刷电机有限公司,M0085,PART-MOTOR-4114-400KV,"4114 400KV高扭矩电机",WH002,东莞天翼电子材料仓库,649,994.37,,CNY,0.13,月结60天,德邦,LOG2026000421,"2026-04-08","2026-04-20","2026-04-20",部分验收,历史到货-原采购订单PO-202604-0075超量，已解除采购订单关联,"2026-04-07",Active,"","",""
PR0000422,GR-202604-0383,"2026-04-03",SUP-013,SUP-013,美国Castle电调公司,M0086,PART-ESC-50A-FOC,"50A FOC电调",WH002,东莞天翼电子材料仓库,2462,250.44,,CNY,0.13,月结45天,顺丰,LOG2026000422,"2026-04-04","2026-04-28","2026-04-28",部分验收,历史到货-原采购订单PO-202604-0076超量，已解除采购订单关联,"2026-04-03",Active,"","",""
PR0000423,GR-202604-0384,"2026-04-09",SUP-014,SUP-014,好盈电子科技有限公司,M0088,PART-CABLE-ESC-HD,加强型电调线,WH002,东莞天翼电子材料仓库,2462,82.52,,CNY,0.13,月结30天,中通,LOG2026000423,"2026-04-10","2026-04-17","2026-04-14",部分验收,历史到货-原采购订单PO-202604-0078超量，已解除采购订单关联,"2026-04-09",Active,"","",""
PR0000424,GR-202604-0385,"2026-04-05",SUP-018,SUP-018,比亚迪电池有限公司,M0089,PART-BAT-6S-10000,"6S10000mAh智能电池",WH002,东莞天翼电子材料仓库,380,238.51,,CNY,0.13,月结45天,申通,LOG2026000424,"2026-04-06","2026-04-28","2026-04-10",已验收,历史到货-原采购订单PO-202604-0079超量，已解除采购订单关联,"2026-04-05",Active,"","1","2"
PR0000425,GR-202604-0386,"2026-04-03",SUP-027,SUP-027,深圳铝合金精密加工厂,M0123,RAW-AL-ALLOY,铝合金材料,WH002,东莞天翼电子材料仓库,616,180.16,,CNY,0.13,月结60天,德邦,LOG2026000425,"2026-04-04","2026-04-17","2026-04-08",待验收,历史到货-原采购订单PO-202604-0086超量，已解除采购订单关联,"2026-04-03",Active,"","1","2"
PR0000426,GR-202604-0387,"2026-04-03",SUP-031,SUP-031,台积电（TSMC）,M0120,RAW-SI-WAFER-12IN,"12英寸硅晶圆",WH002,东莞天翼电子材料仓库,1,1087.94,,CNY,0.13,月结45天,申通,LOG2026000426,"2026-04-04","2026-04-24","2026-04-24",待验收,"","2026-04-03",Active,PO-202604-0005,"",""
PR0000427,GR-202605-0037,"2026-05-03",SUP-022,SUP-022,豪威科技（OmniVision）,M0022,PART-CAM-FPV,FPV图传相机,WH002,东莞天翼电子材料仓库,600,1162.8,,CNY,0.13,月结30天,中通,LOG2026000427,"2026-05-04","2026-05-14","2026-05-08",已验收,历史到货-原采购订单PO-202605-0045超量，已解除采购订单关联,"2026-05-03",Active,"","",""
PR0000428,GR-202605-0038,"2026-05-09",SUP-011,SUP-011,T-Motor无刷电机有限公司,M0023,ASSY-PWR-TQ,高扭矩动力系统总成,WH002,东莞天翼电子材料仓库,648,683.51,,CNY,0.13,月结60天,申通,LOG2026000428,"2026-05-10","2026-05-20","2026-05-14",已验收,历史到货-原采购订单PO-202605-0009超量，已解除采购订单关联,"2026-05-09",Active,"","1","2"
PR0000429,GR-202605-0039,"2026-05-12",SUP-043,SUP-043,深圳无线通信技术公司,M0025,PART-RC-IND,工业遥控器,WH002,东莞天翼电子材料仓库,480,1111.77,,CNY,0.13,月结30天,德邦,LOG2026000429,"2026-05-13","2026-05-20","2026-05-20",已验收,历史到货-原采购订单PO-202605-0095超量，已解除采购订单关联,"2026-05-12",Active,"","",""
PR0000430,GR-202605-0040,"2026-05-09",SUP-039,SUP-039,常州雷达测高仪制造厂,M0027,PART-RADAR-ALT,雷达测高仪,WH002,东莞天翼电子材料仓库,600,25.08,,CNY,0.13,月结30天,中通,LOG2026000430,"2026-05-10","2026-05-17","2026-05-17",待验收,历史到货-原采购订单PO-202605-0011超量，已解除采购订单关联,"2026-05-09",Active,"","",""
PR0000431,GR-202605-0041,"2026-05-09",SUP-015,SUP-015,深圳碳纤维螺旋桨制造厂,M0087,PART-PROP-1755-CF,"1755碳纤维螺旋桨",WH002,东莞天翼电子材料仓库,3888,419.34,,CNY,0.13,月结60天,顺丰,LOG2026000431,"2026-05-10","2026-05-14","2026-05-14",已验收,历史到货-原采购订单PO-202605-0017超量，已解除采购订单关联,"2026-05-09",Active,"","1","2"
PR0000432,GR-202605-0042,"2026-05-12",SUP-014,SUP-014,好盈电子科技有限公司,M0088,PART-CABLE-ESC-HD,加强型电调线,WH002,东莞天翼电子材料仓库,3420,644.38,,CNY,0.13,月结30天,申通,LOG2026000432,"2026-05-13","2026-05-20","2026-05-20",待验收,历史到货-原采购订单PO-202605-0109超量，已解除采购订单关联,"2026-05-12",Active,"","",""
PR0000433,GR-202605-0043,"2026-05-09",SUP-033,SUP-033,江铜集团铜材公司,M0122,RAW-COPPER-WIRE,铜漆包线,WH002,东莞天翼电子材料仓库,432,1106.05,,CNY,0.13,月结30天,中通,LOG2026000433,"2026-05-10","2026-05-20","2026-05-20",部分验收,历史到货-原采购订单PO-202605-0022超量，已解除采购订单关联,"2026-05-09",Active,"","",""
PR0000434,GR-202605-0044,"2026-05-03",SUP-009,SUP-009,深圳华强PCB制造厂,M0116,PART-PCB-2L,"2层PCB板",WH002,东莞天翼电子材料仓库,180,605.39,,CNY,0.13,月结30天,申通,LOG2026000434,"2026-05-04","2026-05-24","2026-05-24",部分验收,"","2026-05-03",Active,PO-202605-0119,"",""
PR0000435,GR-202605-0045,"2026-05-05",SUP-002,SUP-002,德州仪器（TI）中国代理,M0118,PART-MCU-STM32F103,STM32F103控制芯片,WH002,东莞天翼电子材料仓库,570,652.56,,CNY,0.13,月结60天,顺丰,LOG2026000435,"2026-05-06","2026-05-24","2026-05-24",部分验收,"","2026-05-05",Active,PO-202605-0121,"",""
PR0000436,GR-202605-0046,"2026-05-12",SUP-010,SUP-010,生益科技股份有限公司,M0125,RAW-FR4-CCL,FR4覆铜板,WH002,东莞天翼电子材料仓库,14,278.99,,CNY,0.13,月结30天,德邦,LOG2026000436,"2026-05-13","2026-05-28","2026-05-28",已验收,"","2026-05-12",Active,PO-202605-0025,"1","2"
PR0000437,GR-202604-0388,"2026-04-04",SUP-039,SUP-039,常州雷达测高仪制造厂,M0027,PART-RADAR-ALT,雷达测高仪,WH002,东莞天翼电子材料仓库,124,81.12,,CNY,0.13,月结60天,中通,LOG2026000437,"2026-04-05","2026-04-08","2026-04-09",已验收,历史到货-原采购订单PO-202604-0065超量，已解除采购订单关联,"2026-04-04",Active,"","2","2"
PR0000438,GR-202604-0389,"2026-04-08",SUP-016,SUP-016,APC螺旋桨美国公司,M0087,PART-PROP-1755-CF,"1755碳纤维螺旋桨",WH002,东莞天翼电子材料仓库,494,142.59,,CNY,0.13,月结45天,德邦,LOG2026000438,"2026-04-09","2026-04-12","2026-04-13",待验收,历史到货-原采购订单PO-202604-0077超量，已解除采购订单关联,"2026-04-08",Active,"","2","3"
PR0000439,GR-202604-0390,"2026-04-08",SUP-016,SUP-016,APC螺旋桨美国公司,M0087,PART-PROP-1755-CF,"1755碳纤维螺旋桨",WH002,东莞天翼电子材料仓库,395,542.44,,CNY,0.13,月结60天,申通,LOG2026000439,"2026-04-09","2026-04-12","2026-04-11",已验收,历史到货-原采购订单PO-202604-0077超量，已解除采购订单关联,"2026-04-08",Active,"","3","3"
PR0000440,GR-202605-0047,"2026-05-10",SUP-014,SUP-014,好盈电子科技有限公司,M0088,PART-CABLE-ESC-HD,加强型电调线,WH002,东莞天翼电子材料仓库,874,144.93,,CNY,0.13,月结30天,顺丰,LOG2026000440,"2026-05-11","2026-05-14","2026-05-13",部分验收,"","2026-05-10",Active,PO-202605-0109,"2","3"
PR0000441,GR-202605-0048,"2026-05-06",SUP-003,SUP-003,索尼半导体解决方案,M0108,PART-MCU-STM32H753,STM32H753双核芯片,WH002,东莞天翼电子材料仓库,145,454.6,,CNY,0.13,月结60天,中通,LOG2026000441,"2026-05-07","2026-05-10","2026-05-09",待验收,"","2026-05-06",Active,PO-202605-0019,"2","3"
PR0000442,GR-202605-0049,"2026-05-06",SUP-003,SUP-003,意法半导体（ST）亚太区,M0108,PART-MCU-STM32H753,STM32H753双核芯片,WH002,东莞天翼电子材料仓库,147,197.43,,CNY,0.13,月结60天,申通,LOG2026000442,"2026-05-07","2026-05-10","2026-05-09",已验收,"","2026-05-06",Active,PO-202605-0019,"3","3"
PR0000443,GR-202605-0050,"2026-05-03",SUP-001,SUP-001,索尼半导体解决方案,M0110,PART-FPGA-ICE40,ICE40 FPGA,WH002,东莞天翼电子材料仓库,175,428.21,,CNY,0.13,月结45天,德邦,LOG2026000443,"2026-05-04","2026-05-07","2026-05-06",部分验收,"","2026-05-03",Active,PO-202605-0020,"2","2"
PR0000444,GR-202605-0051,"2026-05-04",SUP-027,SUP-027,深圳铝合金精密加工厂,M0123,RAW-AL-ALLOY,铝合金材料,WH002,东莞天翼电子材料仓库,230,499.97,,CNY,0.13,月结60天,申通,LOG2026000444,"2026-05-05","2026-05-08","2026-05-09",部分验收,"","2026-05-04",Active,PO-202605-0117,"2","3"
PR0000445,GR-202605-0052,"2026-05-04",SUP-027,SUP-027,深圳铝合金精密加工厂,M0123,RAW-AL-ALLOY,铝合金材料,WH002,东莞天翼电子材料仓库,230,276.62,,CNY,0.13,月结30天,申通,LOG2026000445,"2026-05-05","2026-05-08","2026-05-09",部分验收,"","2026-05-04",Active,PO-202605-0117,"3","3"
PR0000446,GR-202604-0391,"2026-04-10",SUP-013,SUP-013,美国Castle电调公司,M0038,PART-ESC-60A,"60A电调",WH002,东莞天翼电子材料仓库,421,618.31,,CNY,0.13,月结45天,德邦,LOG2026000446,"2026-04-11","2026-04-14","2026-04-13",待验收,"","2026-04-10",Active,PO-202604-0030,"2","2"
PR0000447,GR-202604-0392,"2026-04-10",SUP-017,SUP-017,宁德时代新能源科技,M0124,RAW-LIPO-CELL,锂聚合物电芯,WH002,东莞天翼电子材料仓库,337,218.43,,CNY,0.13,月结60天,申通,LOG2026000447,"2026-04-11","2026-04-14","2026-04-15",已验收,历史到货-原采购订单PO-202604-0039超量，已解除采购订单关联,"2026-04-10",Active,"","2","3"
PR0000448,GR-202605-0053,"2026-05-02",SUP-002,SUP-002,德州仪器（TI）中国代理,M0108,PART-MCU-STM32H753,STM32H753双核芯片,WH002,东莞天翼电子材料仓库,300,452.86,,CNY,0.13,月结45天,德邦,LOG2026000448,"2026-05-03","2026-05-06","2026-05-07",已验收,"","2026-05-02",Active,PO-202605-0113,"2","2"
PR0000449,GR-202605-0054,"2026-05-03",SUP-042,SUP-042,深圳线缆连接器公司,M0111,PART-CONN-GH-1.25-10P,GH1.25 10PIN连接器,WH002,东莞天翼电子材料仓库,608,295.1,,CNY,0.13,月结45天,中通,LOG2026000449,"2026-05-04","2026-05-07","2026-05-06",已验收,"","2026-05-03",Active,PO-202605-0021,"3","3"
PR0000450,GR-202605-0055,"2026-05-02",SUP-041,SUP-041,东莞减震件制造厂,M0059,PART-DAMPER-HARD,硬质减震球,WH002,东莞天翼电子材料仓库,656,201.12,,CNY,0.13,月结45天,申通,LOG2026000450,"2026-05-09","2026-05-12","2026-05-14",待验收,历史到货-原采购订单PO-202605-0101超量，已解除采购订单关联,"2026-04-03",Active,"","2","2"
PR0000451,GR-202604-0393,"2026-04-10",SUP-018,SUP-018,比亚迪电池有限公司,M0089,PART-BAT-6S-10000,"6S10000mAh智能电池",WH002,东莞天翼电子材料仓库,190,857.09,,CNY,0.13,月结60天,德邦,LOG2026000451,"2026-04-11","2026-04-14","2026-04-13",已验收,"","2026-04-10",Active,PO-202604-0079,"2","2"
PR0000452,GR-202605-0056,"2026-05-03",SUP-009,SUP-009,深圳华强PCB制造厂,M0109,PART-PCB-FC-8L,"8层飞控PCB板",WH002,东莞天翼电子材料仓库,205,650.25,,CNY,0.13,月结45天,顺丰,LOG2026000452,"2026-05-10","2026-05-13","2026-05-15",已验收,"","2026-04-04",Active,PO-202605-0055,"2","2"
PR0000453,GR-202604-0394,"2026-04-04",SUP-042,SUP-042,深圳线缆连接器公司,M0111,PART-CONN-GH-1.25-10P,GH1.25 10PIN连接器,WH002,东莞天翼电子材料仓库,508,50.25,,CNY,0.13,月结30天,申通,LOG2026000453,"2026-04-05","2026-04-08","2026-04-07",待验收,"","2026-04-04",Active,PO-202604-0084,"3","3"
PR0000454,GR-202604-0395,"2026-04-03",SUP-027,SUP-027,深圳铝合金精密加工厂,M0123,RAW-AL-ALLOY,铝合金材料,WH002,东莞天翼电子材料仓库,308,636.36,,CNY,0.13,月结30天,中通,LOG2026000454,"2026-04-04","2026-04-07","2026-04-08",部分验收,历史到货-原采购订单PO-202604-0086超量，已解除采购订单关联,"2026-04-03",Active,"","2","2"
PR0000455,GR-202604-0396,"2026-04-04",SUP-010,SUP-010,生益科技股份有限公司,M0125,RAW-FR4-CCL,FR4覆铜板,WH002,东莞天翼电子材料仓库,11,185.06,,CNY,0.13,月结60天,中通,LOG2026000455,"2026-04-05","2026-04-08","2026-04-09",已验收,"","2026-04-04",Active,PO-202604-0006,"2","3"
PR0000456,GR-202604-0397,"2026-04-04",SUP-010,SUP-010,生益科技股份有限公司,M0125,RAW-FR4-CCL,FR4覆铜板,WH002,东莞天翼电子材料仓库,11,599.67,,CNY,0.13,月结30天,德邦,LOG2026000456,"2026-04-05","2026-04-08","2026-04-09",部分验收,"","2026-04-04",Active,PO-202604-0006,"3","3"
PR0000457,GR-202605-0057,"2026-05-08",SUP-011,SUP-011,T-Motor无刷电机有限公司,M0023,ASSY-PWR-TQ,高扭矩动力系统总成,WH002,东莞天翼电子材料仓库,324,457.67,,CNY,0.13,月结45天,德邦,LOG2026000457,"2026-05-09","2026-05-12","2026-05-11",待验收,"","2026-05-08",Active,PO-202605-0009,"2","2"
PR0000458,GR-202605-0058,"2026-05-10",SUP-029,SUP-029,包头稀土高新材料公司,M0121,RAW-NEODYMIUM,钕铁硼磁性材料,WH002,东莞天翼电子材料仓库,54,627.96,,CNY,0.13,月结30天,德邦,LOG2026000458,"2026-05-11","2026-05-14","2026-05-13",待验收,历史到货-原采购订单PO-202604-0003超量，已解除采购订单关联,"2026-05-10",Active,"","3","3"
PR0000459,GR-202605-0059,"2026-05-02",SUP-010,SUP-010,生益科技股份有限公司,M0125,RAW-FR4-CCL,FR4覆铜板,WH002,东莞天翼电子材料仓库,7,553.88,,CNY,0.13,月结30天,申通,LOG2026000459,"2026-05-03","2026-05-06","2026-05-05",部分验收,"","2026-05-02",Active,PO-202605-0123,"2","2"
PR0000460,GR-202509-0001,"2025-09-26",SUP-003,SUP-003,意法半导体（ST）亚太区,M0021,ASSY-FC-RTK,RTK高精度飞控总成,WH003,深圳天翼配件仓库,68,133.0,9044.0,CNY,0.13,月结60天,京东物流,TRK202509000460,"2025-09-28","2025-10-01","2025-09-30",合格,新增补强采购到货,"2025-09-26",Closed,PO-202509-0124,B1,"2"
PR0000461,GR-202509-0002,"2025-09-25",SUP-001,SUP-001,芯源微电子股份有限公司,M0021,ASSY-FC-RTK,RTK高精度飞控总成,WH004,惠州天翼机电半成品仓库,30,146.0,4380.0,CNY,0.13,款到发货,德邦物流,TRK202509000461,"2025-09-27","2025-09-30","2025-10-02",合格,新增补强采购到货,"2025-09-25",Active,PO-202509-0125,B2,"1"
PR0000462,GR-202509-0003,"2025-09-27",SUP-002,SUP-002,德州仪器（TI）中国代理,M0021,ASSY-FC-RTK,RTK高精度飞控总成,WH002,东莞天翼电子材料仓库,30,159.0,4770.0,CNY,0.13,月结30天,顺丰速运,TRK202509000462,"2025-09-29","2025-10-02","2025-10-01",合格,新增补强采购到货,"2025-09-27",Closed,PO-202509-0126,B3,"2"
PR0000463,GR-202509-0004,"2025-09-26",SUP-003,SUP-003,意法半导体（ST）亚太区,M0021,ASSY-FC-RTK,RTK高精度飞控总成,WH003,深圳天翼配件仓库,119,172.0,20468.0,CNY,0.13,月结60天,京东物流,TRK202509000463,"2025-09-28","2025-10-01","2025-10-03",待检,新增补强采购到货,"2025-09-26",Active,PO-202509-0127,B4,"1"
PR0000464,GR-202509-0005,"2025-09-25",SUP-001,SUP-001,芯源微电子股份有限公司,M0021,ASSY-FC-RTK,RTK高精度飞控总成,WH004,惠州天翼机电半成品仓库,39,185.0,7215.0,CNY,0.13,款到发货,德邦物流,TRK202509000464,"2025-09-27","2025-09-30","2025-09-29",合格,新增补强采购到货,"2025-09-25",Closed,PO-202509-0128,B5,"2"
PR0000465,GR-202604-0398,"2026-04-08",SUP-038,SUP-038,深圳农业喷洒系统公司,M0035,PART-SPRAYER-20L,"20升智能喷洒系统",WH002,东莞天翼电子材料仓库,497,2993.27,1487655.19,CNY,0.13,月结30天,顺丰速运,SF20260408191161,"2026-04-05","2026-04-10","2026-04-08",已验收,"","2026-04-08",Active,PO-202605-0010,"1","1"
PR0000466,GR-202604-0399,"2026-04-08",SUP-043,SUP-043,深圳无线通信技术公司,M0025,PART-RC-IND,工业遥控器,WH002,东莞天翼电子材料仓库,281,506.09,142211.28999999998,CNY,0.13,款到发货,顺丰速运,SF20260408719176,"2026-04-05","2026-04-10","2026-04-08",已验收,"","2026-04-08",Active,PO-202604-0033,"1","1"
PR0000467,GR-202604-0400,"2026-04-08",SUP-043,SUP-043,深圳无线通信技术公司,M0025,PART-RC-IND,工业遥控器,WH002,东莞天翼电子材料仓库,361,506.09,182698.49,CNY,0.13,款到发货,顺丰速运,SF20260408542417,"2026-04-05","2026-04-10","2026-04-08",已验收,"","2026-04-08",Active,PO-202604-0063,"1","1"
PR0000468,GR-202604-0401,"2026-04-08",SUP-003,SUP-003,意法半导体（ST）亚太区,M0118,PART-MCU-STM32F103,STM32F103控制芯片,WH002,东莞天翼电子材料仓库,380,2578.58,979860.4,CNY,0.13,款到发货,顺丰速运,SF20260408133326,"2026-04-05","2026-04-10","2026-04-08",已验收,"","2026-04-08",Active,PO-202604-0090,"1","1"
