"sales_order_id","sales_order_number","document_date","customer_id","customer_name","line_number","product_id","product_code","product_name","quantity","unit","standard_price","discount_rate","actual_price","subtotal_amount","order_status","document_status","transaction_type","sales_department","salesperson","planned_delivery_date","is_urgent","contract_number","project_name","end_customer","quotation_number","notes","created_date","status"
SO0000001,SO-202303-00001,"2025-03-21","10001",广州绿野农技技术有限公司,10,P0006,UAV-JF-ENT-AG,UAV-JF-ENT-AG,14,台,22999,"4.0%",22079,309107,已发货,已确认,项目销售,销售一部,贾斌,"2025-05-12",否,HT-2023-256,广州绿野农技技术有限公司设备采购项目,广州绿野农技技术有限公司,QT-202303-00001,"","2025-03-21",Active
SO0000002,SO-202303-00001,"2025-03-21","10001",广州绿野农技技术有限公司,20,P0009,UAV-BF-IND-H20,UAV-BF-IND-H20,10,台,45999,"6.9%",42825,428251,已发货,已确认,项目销售,销售一部,贾斌,"2025-05-16",否,HT-2023-256,广州绿野农技技术有限公司设备采购项目,广州绿野农技技术有限公司,QT-202303-00001,"","2025-03-21",Active
SO0000003,SO-202303-00001,"2025-03-21","10001",广州绿野农技技术有限公司,30,P0010,UAV-BF-IND-H30,UAV-BF-IND-H30,18,台,58999,"7.6%",54515,981271,已发货,已确认,项目销售,销售一部,贾斌,"2025-04-13",否,HT-2023-256,广州绿野农技技术有限公司设备采购项目,广州绿野农技技术有限公司,QT-202303-00001,"","2025-03-21",Active
SO0000004,SO-202304-00002,"2025-04-24","10001",广州绿野农技技术有限公司,10,P0009,UAV-BF-IND-H20,UAV-BF-IND-H20,1,台,45999,"0.0%",45999,45999,已发货,已确认,直销,销售一部,曹磊,"2025-06-23",否,"","",广州绿野农技技术有限公司,QT-202304-00574,"","2025-04-24",Active
SO0000005,SO-202405-00003,"2025-05-09","10001",广州绿野农技技术有限公司,10,P0009,UAV-BF-IND-H20,UAV-BF-IND-H20,20,台,45999,"9.5%",41629,832582,已发货,已确认,项目销售,销售一部,钱进,"2025-06-30",否,HT-2024-093,"2024年北京市农业项目",广州绿野农技技术有限公司,QT-202405-00003,"","2025-05-09",Active
SO0000006,SO-202405-00003,"2025-05-09","10001",广州绿野农技技术有限公司,20,P0006,UAV-JF-ENT-AG,UAV-JF-ENT-AG,11,台,22999,"4.3%",22010,242110,已发货,已确认,项目销售,销售一部,钱进,"2025-07-04",否,HT-2024-093,"2024年北京市农业项目",广州绿野农技技术有限公司,QT-202405-00003,"","2025-05-09",Active
SO0000007,SO-202405-00003,"2025-05-09","10001",广州绿野农技技术有限公司,30,P0010,UAV-BF-IND-H30,UAV-BF-IND-H30,8,台,58999,"0.0%",58999,471992,已发货,已确认,项目销售,销售一部,钱进,"2025-06-06",否,HT-2024-093,"2024年北京市农业项目",广州绿野农技技术有限公司,QT-202405-00003,"","2025-05-09",Active
SO0000008,SO-202404-00004,"2025-04-30","10002",西安沃土植保科技有限公司,10,P0006,UAV-JF-ENT-AG,UAV-JF-ENT-AG,5,台,22999,"0.0%",22999,114995,已取消,已取消,直销,销售一部,袁琳,"2025-06-28",否,"","",西安沃土植保科技有限公司,QT-202404-00527,"","2025-04-30",Active
SO0000009,SO-202302-00005,"2025-02-27","10002",西安沃土植保科技有限公司,10,P0006,UAV-JF-ENT-AG,UAV-JF-ENT-AG,4,台,22999,"0.0%",22999,91996,已发货,已确认,项目销售,销售一部,周杰,"2025-03-16",否,HT-2023-182,"2023年重庆市农业项目",西安沃土植保科技有限公司,QT-202302-00389,"","2025-02-27",Active
SO0000010,SO-202302-00005,"2025-02-27","10002",西安沃土植保科技有限公司,20,P0009,UAV-BF-IND-H20,UAV-BF-IND-H20,9,台,45999,"0.0%",45999,413991,已发货,已确认,项目销售,销售一部,周杰,"2025-04-19",否,HT-2023-182,"2023年重庆市农业项目",西安沃土植保科技有限公司,QT-202302-00389,"","2025-02-27",Active
SO0000011,SO-202302-00005,"2025-02-27","10002",西安沃土植保科技有限公司,30,P0010,UAV-BF-IND-H30,UAV-BF-IND-H30,11,台,58999,"4.8%",56167,617838,已发货,已确认,项目销售,销售一部,周杰,"2025-03-19",否,HT-2023-182,"2023年重庆市农业项目",西安沃土植保科技有限公司,QT-202302-00389,"","2025-02-27",Active
SO0000012,SO-202412-00006,"2025-12-15","10002",西安沃土植保科技有限公司,10,P0006,UAV-JF-ENT-AG,UAV-JF-ENT-AG,11,台,22999,"7.6%",21251,233762,已发货,已确认,项目销售,销售一部,钱进,"2025-12-18",否,HT-2024-486,重庆市种植大户应用项目,西安沃土植保科技有限公司,QT-202412-00517,"","2025-12-15",Active
SO0000013,SO-202412-00006,"2025-12-15","10002",西安沃土植保科技有限公司,20,P0010,UAV-BF-IND-H30,UAV-BF-IND-H30,10,台,58999,"6.6%",55105,551051,已发货,已确认,项目销售,销售一部,钱进,"2025-12-18",否,HT-2024-486,重庆市种植大户应用项目,西安沃土植保科技有限公司,QT-202412-00517,"","2025-12-15",Active
SO0000014,SO-202412-00006,"2025-12-15","10002",西安沃土植保科技有限公司,30,P0009,UAV-BF-IND-H20,UAV-BF-IND-H20,5,台,45999,"0.0%",45999,229995,已发货,已确认,项目销售,销售一部,钱进,"2025-12-18",否,HT-2024-486,重庆市种植大户应用项目,西安沃土植保科技有限公司,QT-202412-00517,"","2025-12-15",Active
SO0000015,SO-202405-00007,"2025-05-19","10002",西安沃土植保科技有限公司,10,P0006,UAV-JF-ENT-AG,UAV-JF-ENT-AG,5,台,22999,"0.0%",22999,114995,已发货,已确认,直销,销售一部,谢文,"2025-07-01",是,"","",西安沃土植保科技有限公司,QT-202405-00531,"","2025-05-19",Active
SO0000016,SO-202405-00007,"2025-05-19","10002",西安沃土植保科技有限公司,20,P0009,UAV-BF-IND-H20,UAV-BF-IND-H20,2,台,45999,"0.0%",45999,91998,已发货,已确认,直销,销售一部,谢文,"2025-07-09",是,"","",西安沃土植保科技有限公司,QT-202405-00531,"","2025-05-19",Active
SO0000017,SO-202305-00008,"2025-05-02","10002",西安沃土植保科技有限公司,10,P0010,UAV-BF-IND-H30,UAV-BF-IND-H30,11,台,58999,"4.5%",56344,619784,已发货,已确认,项目销售,销售一部,孙丽,"2025-06-28",否,HT-2023-368,"2023年重庆市农业项目",西安沃土植保科技有限公司,QT-202305-00008,"","2025-05-02",Active
SO0000018,SO-202305-00008,"2025-05-02","10002",西安沃土植保科技有限公司,20,P0009,UAV-BF-IND-H20,UAV-BF-IND-H20,6,台,45999,"0.0%",45999,275994,已发货,已确认,项目销售,销售一部,孙丽,"2025-06-01",否,HT-2023-368,"2023年重庆市农业项目",西安沃土植保科技有限公司,QT-202305-00008,"","2025-05-02",Active
SO0000019,SO-202305-00008,"2025-05-02","10002",西安沃土植保科技有限公司,30,P0006,UAV-JF-ENT-AG,UAV-JF-ENT-AG,3,台,22999,"0.0%",22999,68997,已发货,已确认,项目销售,销售一部,孙丽,"2025-05-29",否,HT-2023-368,"2023年重庆市农业项目",西安沃土植保科技有限公司,QT-202305-00008,"","2025-05-02",Active
SO0000020,SO-202305-00009,"2025-05-26","10003",青岛田园农科有限公司,10,P0009,UAV-BF-IND-H20,UAV-BF-IND-H20,11,台,45999,"5.3%",43561,479172,已发货,已确认,项目销售,销售一部,赵敏,"2025-06-27",否,HT-2023-192,沈阳市种植大户应用项目,青岛田园农科有限公司,QT-202305-00009,"","2025-05-26",Active
SO0000021,SO-202305-00009,"2025-05-26","10003",青岛田园农科有限公司,20,P0006,UAV-JF-ENT-AG,UAV-JF-ENT-AG,5,台,22999,"0.0%",22999,114995,已发货,已确认,项目销售,销售一部,赵敏,"2025-07-19",否,HT-2023-192,沈阳市种植大户应用项目,青岛田园农科有限公司,QT-202305-00009,"","2025-05-26",Active
SO0000022,SO-202305-00009,"2025-05-26","10003",青岛田园农科有限公司,30,P0010,UAV-BF-IND-H30,UAV-BF-IND-H30,18,台,58999,"9.4%",53453,962156,已发货,已确认,项目销售,销售一部,赵敏,"2025-06-26",否,HT-2023-192,沈阳市种植大户应用项目,青岛田园农科有限公司,QT-202305-00009,"","2025-05-26",Active
SO0000023,SO-202303-00010,"2025-03-19","10003",青岛田园农科有限公司,10,P0009,UAV-BF-IND-H20,UAV-BF-IND-H20,19,台,45999,"9.3%",41721,792701,已取消,已取消,项目销售,销售一部,蒋敏,"2025-04-19",否,HT-2023-090,沈阳市种植大户应用项目,青岛田园农科有限公司,QT-202303-00593,"","2025-03-19",Active
SO0000024,SO-202303-00010,"2025-03-19","10003",青岛田园农科有限公司,20,P0006,UAV-JF-ENT-AG,UAV-JF-ENT-AG,13,台,22999,"6.6%",21481,279254,已取消,已取消,项目销售,销售一部,蒋敏,"2025-05-17",否,HT-2023-090,沈阳市种植大户应用项目,青岛田园农科有限公司,QT-202303-00593,"","2025-03-19",Active
SO0000025,SO-202303-00010,"2025-03-19","10003",青岛田园农科有限公司,30,P0010,UAV-BF-IND-H30,UAV-BF-IND-H30,9,台,58999,"0.0%",58999,530991,已取消,已取消,项目销售,销售一部,蒋敏,"2025-05-07",否,HT-2023-090,沈阳市种植大户应用项目,青岛田园农科有限公司,QT-202303-00593,"","2025-03-19",Active
SO0000026,SO-202401-00011,"2025-01-23","10003",青岛田园农科有限公司,10,P0006,UAV-JF-ENT-AG,UAV-JF-ENT-AG,14,台,22999,"7.0%",21389,299447,已发货,已确认,项目销售,销售一部,郑海,"2025-03-20",否,HT-2024-374,"2024年沈阳市农业项目",青岛田园农科有限公司,QT-202401-00564,"","2025-01-23",Active
SO0000027,SO-202401-00011,"2025-01-23","10003",青岛田园农科有限公司,20,P0009,UAV-BF-IND-H20,UAV-BF-IND-H20,10,台,45999,"6.6%",42963,429631,已发货,已确认,项目销售,销售一部,郑海,"2025-02-16",否,HT-2024-374,"2024年沈阳市农业项目",青岛田园农科有限公司,QT-202401-00564,"","2025-01-23",Active
SO0000028,SO-202401-00011,"2025-01-23","10003",青岛田园农科有限公司,30,P0010,UAV-BF-IND-H30,UAV-BF-IND-H30,15,台,58999,"2.1%",57760,866400,已发货,已确认,项目销售,销售一部,郑海,"2025-03-05",否,HT-2024-374,"2024年沈阳市农业项目",青岛田园农科有限公司,QT-202401-00564,"","2025-01-23",Active
SO0000029,SO-202405-00012,"2025-05-17","10003",青岛田园农科有限公司,10,P0006,UAV-JF-ENT-AG,UAV-JF-ENT-AG,1,台,22999,"0.0%",22999,22999,已发货,已确认,直销,销售一部,贾斌,"2025-06-18",否,"","",青岛田园农科有限公司,QT-202405-00532,"","2025-05-17",Active
SO0000030,SO-202405-00012,"2025-05-17","10003",青岛田园农科有限公司,20,P0010,UAV-BF-IND-H30,UAV-BF-IND-H30,1,台,58999,"0.0%",58999,58999,已发货,已确认,直销,销售一部,贾斌,"2025-07-05",否,"","",青岛田园农科有限公司,QT-202405-00532,"","2025-05-17",Active
SO0000031,SO-202404-00013,"2025-04-14","10003",青岛田园农科有限公司,10,P0010,UAV-BF-IND-H30,UAV-BF-IND-H30,7,台,58999,"0.0%",58999,412993,已发货,已确认,项目销售,销售一部,陈静,"2025-05-20",否,HT-2024-363,沈阳市种植大户应用项目,青岛田园农科有限公司,QT-202404-00013,"","2025-04-14",Active
SO0000032,SO-202404-00013,"2025-04-14","10003",青岛田园农科有限公司,20,P0009,UAV-BF-IND-H20,UAV-BF-IND-H20,7,台,45999,"0.0%",45999,321993,已发货,已确认,项目销售,销售一部,陈静,"2025-05-22",否,HT-2024-363,沈阳市种植大户应用项目,青岛田园农科有限公司,QT-202404-00013,"","2025-04-14",Active
SO0000033,SO-202305-00014,"2025-05-29","10003",青岛田园农科有限公司,10,P0009,UAV-BF-IND-H20,UAV-BF-IND-H20,2,台,45999,"0.0%",45999,91998,已发货,已确认,直销,销售一部,钱进,"2025-06-30",否,"","",青岛田园农科有限公司,QT-202305-00599,"","2025-05-29",Active
SO0000034,SO-202305-00014,"2025-05-29","10003",青岛田园农科有限公司,20,P0006,UAV-JF-ENT-AG,UAV-JF-ENT-AG,1,台,22999,"0.0%",22999,22999,已发货,已确认,直销,销售一部,钱进,"2025-06-19",否,"","",青岛田园农科有限公司,QT-202305-00599,"","2025-05-29",Active
SO0000035,SO-202403-00015,"2025-03-22","10003",青岛田园农科有限公司,10,P0006,UAV-JF-ENT-AG,UAV-JF-ENT-AG,1,台,22999,"0.0%",22999,22999,已发货,已确认,直销,销售一部,姚强,"2025-04-13",否,"","",青岛田园农科有限公司,QT-202403-00541,"","2025-03-22",Active
SO0000036,SO-202403-00015,"2025-03-22","10003",青岛田园农科有限公司,20,P0009,UAV-BF-IND-H20,UAV-BF-IND-H20,2,台,45999,"0.0%",45999,91998,已发货,已确认,直销,销售一部,姚强,"2025-05-09",否,"","",青岛田园农科有限公司,QT-202403-00541,"","2025-03-22",Active
SO0000037,SO-202303-00016,"2025-03-11","10004",上海绿野农业服务有限公司,10,P0010,UAV-BF-IND-H30,UAV-BF-IND-H30,1,台,58999,"0.0%",58999,58999,已发货,已确认,直销,销售一部,郑海,"2025-04-28",否,"","",上海绿野农业服务有限公司,QT-202303-00016,"","2025-03-11",Active
SO0000038,SO-202303-00016,"2025-03-11","10004",上海绿野农业服务有限公司,20,P0009,UAV-BF-IND-H20,UAV-BF-IND-H20,3,台,45999,"0.0%",45999,137997,已发货,已确认,直销,销售一部,郑海,"2025-05-09",否,"","",上海绿野农业服务有限公司,QT-202303-00016,"","2025-03-11",Active
SO0000039,SO-202303-00017,"2025-03-11","10004",上海绿野农业服务有限公司,10,P0010,UAV-BF-IND-H30,UAV-BF-IND-H30,6,台,58999,"0.0%",58999,353994,已取消,已取消,项目销售,销售一部,孙丽,"2025-04-05",否,HT-2023-361,"2023年苏州市农业项目",上海绿野农业服务有限公司,QT-202303-00017,"","2025-03-11",Active
SO0000040,SO-202303-00017,"2025-03-11","10004",上海绿野农业服务有限公司,20,P0009,UAV-BF-IND-H20,UAV-BF-IND-H20,15,台,45999,"2.4%",44895,673425,已取消,已取消,项目销售,销售一部,孙丽,"2025-04-19",否,HT-2023-361,"2023年苏州市农业项目",上海绿野农业服务有限公司,QT-202303-00017,"","2025-03-11",Active
SO0000041,SO-202303-00017,"2025-03-11","10004",上海绿野农业服务有限公司,30,P0006,UAV-JF-ENT-AG,UAV-JF-ENT-AG,5,台,22999,"0.0%",22999,114995,已取消,已取消,项目销售,销售一部,孙丽,"2025-04-17",否,HT-2023-361,"2023年苏州市农业项目",上海绿野农业服务有限公司,QT-202303-00017,"","2025-03-11",Active
SO0000042,SO-202403-00018,"2025-03-13","10005",西安惠农农科科技有限公司,10,P0010,UAV-BF-IND-H30,UAV-BF-IND-H30,5,台,58999,"12.4%",51683,258416,已发货,已确认,直销,销售一部,杨帆,"2025-05-10",否,"","",西安惠农农科科技有限公司,QT-202403-00018,"","2025-03-13",Active
SO0000043,SO-202403-00018,"2025-03-13","10005",西安惠农农科科技有限公司,20,P0009,UAV-BF-IND-H20,UAV-BF-IND-H20,5,台,45999,"8.4%",42135,210675,已发货,已确认,直销,销售一部,杨帆,"2025-04-06",否,"","",西安惠农农科科技有限公司,QT-202403-00018,"","2025-03-13",Active
SO0000044,SO-202403-00018,"2025-03-13","10005",西安惠农农科科技有限公司,30,P0006,UAV-JF-ENT-AG,UAV-JF-ENT-AG,9,台,22999,"9.3%",20860,187741,已发货,已确认,直销,销售一部,杨帆,"2025-04-14",否,"","",西安惠农农科科技有限公司,QT-202403-00018,"","2025-03-13",Active
SO0000045,SO-202403-00019,"2025-03-07","10005",西安惠农农科科技有限公司,10,P0010,UAV-BF-IND-H30,UAV-BF-IND-H30,12,台,58999,"8.2%",54161,649933,已发货,已确认,项目销售,销售一部,袁琳,"2025-04-17",否,HT-2024-045,西安惠农农科科技有限公司设备采购项目,西安惠农农科科技有限公司,QT-202403-00019,"","2025-03-07",Active
SO0000046,SO-202403-00019,"2025-03-07","10005",西安惠农农科科技有限公司,20,P0009,UAV-BF-IND-H20,UAV-BF-IND-H20,19,台,45999,"13.2%",39927,758615,已发货,已确认,项目销售,销售一部,袁琳,"2025-04-13",否,HT-2024-045,西安惠农农科科技有限公司设备采购项目,西安惠农农科科技有限公司,QT-202403-00019,"","2025-03-07",Active
SO0000047,SO-202304-00020,"2025-04-08","10005",西安惠农农科科技有限公司,10,P0010,UAV-BF-IND-H30,UAV-BF-IND-H30,9,台,58999,"9.8%",53217,478954,已发货,已确认,直销,销售一部,姚强,"2025-06-07",否,"","",西安惠农农科科技有限公司,QT-202303-00618,"","2025-04-08",Active
SO0000048,SO-202304-00020,"2025-04-08","10005",西安惠农农科科技有限公司,20,P0009,UAV-BF-IND-H20,UAV-BF-IND-H20,6,台,45999,"11.9%",40525,243151,已发货,已确认,直销,销售一部,姚强,"2025-04-28",否,"","",西安惠农农科科技有限公司,QT-202303-00618,"","2025-04-08",Active
SO0000049,SO-202304-00020,"2025-04-08","10005",西安惠农农科科技有限公司,30,P0006,UAV-JF-ENT-AG,UAV-JF-ENT-AG,7,台,22999,"10.9%",20492,143445,已发货,已确认,直销,销售一部,姚强,"2025-05-13",否,"","",西安惠农农科科技有限公司,QT-202303-00618,"","2025-04-08",Active
SO0000050,SO-202404-00021,"2025-04-17","10005",西安惠农农科科技有限公司,10,P0010,UAV-BF-IND-H30,UAV-BF-IND-H30,7,台,58999,"7.7%",54456,381193,已发货,已确认,项目销售,销售一部,钱进,"2025-05-07",否,HT-2024-429,西安惠农农科科技有限公司设备采购项目,西安惠农农科科技有限公司,QT-202404-00528,"","2025-04-17",Active
SO0000051,SO-202404-00021,"2025-04-17","10005",西安惠农农科科技有限公司,20,P0006,UAV-JF-ENT-AG,UAV-JF-ENT-AG,5,台,22999,"9.2%",20883,104415,已发货,已确认,项目销售,销售一部,钱进,"2025-05-07",否,HT-2024-429,西安惠农农科科技有限公司设备采购项目,西安惠农农科科技有限公司,QT-202404-00528,"","2025-04-17",Active
SO0000052,SO-202404-00022,"2025-04-14","10005",西安惠农农科科技有限公司,10,P0010,UAV-BF-IND-H30,UAV-BF-IND-H30,18,台,58999,"8.2%",54161,974899,已发货,已确认,项目销售,销售一部,袁琳,"2025-05-07",否,HT-2024-495,株洲市种植大户应用项目,西安惠农农科科技有限公司,QT-202404-00529,"","2025-04-14",Active
SO0000053,SO-202404-00022,"2025-04-14","10005",西安惠农农科科技有限公司,20,P0009,UAV-BF-IND-H20,UAV-BF-IND-H20,20,台,45999,"10.0%",41399,827982,已发货,已确认,项目销售,销售一部,袁琳,"2025-06-11",否,HT-2024-495,株洲市种植大户应用项目,西安惠农农科科技有限公司,QT-202404-00529,"","2025-04-14",Active
SO0000054,SO-202404-00022,"2025-04-14","10005",西安惠农农科科技有限公司,30,P0006,UAV-JF-ENT-AG,UAV-JF-ENT-AG,13,台,22999,"6.1%",21596,280749,已发货,已确认,项目销售,销售一部,袁琳,"2025-06-12",否,HT-2024-495,株洲市种植大户应用项目,西安惠农农科科技有限公司,QT-202404-00529,"","2025-04-14",Active
SO0000055,SO-202403-00023,"2025-03-11","10005",西安惠农农科科技有限公司,10,P0009,UAV-BF-IND-H20,UAV-BF-IND-H20,11,台,45999,"5.9%",43285,476136,已发货,已确认,项目销售,销售一部,李娜,"2025-03-26",否,HT-2024-318,"2024年株洲市农业项目",西安惠农农科科技有限公司,QT-202403-00542,"","2025-03-11",Active
SO0000056,SO-202403-00023,"2025-03-11","10005",西安惠农农科科技有限公司,20,P0006,UAV-JF-ENT-AG,UAV-JF-ENT-AG,14,台,22999,"10.8%",20515,287212,已发货,已确认,项目销售,销售一部,李娜,"2025-04-29",否,HT-2024-318,"2024年株洲市农业项目",西安惠农农科科技有限公司,QT-202403-00542,"","2025-03-11",Active
SO0000057,SO-202306-00024,"2025-06-21","10005",西安惠农农科科技有限公司,10,P0009,UAV-BF-IND-H20,UAV-BF-IND-H20,10,台,45999,"5.4%",43515,435151,已发货,已确认,直销,销售一部,杨帆,"2025-08-18",否,"","",西安惠农农科科技有限公司,QT-202306-00024,"","2025-06-21",Active
SO0000058,SO-202306-00024,"2025-06-21","10005",西安惠农农科科技有限公司,20,P0006,UAV-JF-ENT-AG,UAV-JF-ENT-AG,6,台,22999,"13.3%",19940,119641,已发货,已确认,直销,销售一部,杨帆,"2025-07-29",否,"","",西安惠农农科科技有限公司,QT-202306-00024,"","2025-06-21",Active
SO0000059,SO-202306-00024,"2025-06-21","10005",西安惠农农科科技有限公司,30,P0010,UAV-BF-IND-H30,UAV-BF-IND-H30,5,台,58999,"9.9%",53158,265791,已发货,已确认,直销,销售一部,杨帆,"2025-07-09",否,"","",西安惠农农科科技有限公司,QT-202306-00024,"","2025-06-21",Active
SO0000060,SO-202304-00025,"2025-04-11","10005",西安惠农农科科技有限公司,10,P0009,UAV-BF-IND-H20,UAV-BF-IND-H20,16,台,45999,"5.3%",43561,696977,已发货,已确认,项目销售,销售一部,王强,"2025-05-17",否,HT-2023-235,"2023年株洲市农业项目",西安惠农农科科技有限公司,QT-202304-00025,"","2025-04-11",Active
SO0000061,SO-202304-00025,"2025-04-11","10005",西安惠农农科科技有限公司,20,P0010,UAV-BF-IND-H30,UAV-BF-IND-H30,12,台,58999,"6.7%",55046,660553,已发货,已确认,项目销售,销售一部,王强,"2025-05-03",否,HT-2023-235,"2023年株洲市农业项目",西安惠农农科科技有限公司,QT-202304-00025,"","2025-04-11",Active
SO0000062,SO-202304-00025,"2025-04-11","10005",西安惠农农科科技有限公司,30,P0006,UAV-JF-ENT-AG,UAV-JF-ENT-AG,7,台,22999,"12.0%",20239,141674,已发货,已确认,项目销售,销售一部,王强,"2025-05-14",否,HT-2023-235,"2023年株洲市农业项目",西安惠农农科科技有限公司,QT-202304-00025,"","2025-04-11",Active
SO0000063,SO-202305-00026,"2025-05-15","10005",西安惠农农科科技有限公司,10,P0006,UAV-JF-ENT-AG,UAV-JF-ENT-AG,6,台,22999,"5.8%",21665,129990,已发货,已确认,项目销售,销售一部,赵敏,"2025-07-10",否,HT-2023-177,西安惠农农科科技有限公司设备采购项目,西安惠农农科科技有限公司,QT-202305-00600,"","2025-05-15",Active
SO0000064,SO-202305-00026,"2025-05-15","10005",西安惠农农科科技有限公司,20,P0010,UAV-BF-IND-H30,UAV-BF-IND-H30,6,台,58999,"5.6%",55695,334170,已发货,已确认,项目销售,销售一部,赵敏,"2025-07-08",否,HT-2023-177,西安惠农农科科技有限公司设备采购项目,西安惠农农科科技有限公司,QT-202305-00600,"","2025-05-15",Active
SO0000065,SO-202305-00026,"2025-05-15","10005",西安惠农农科科技有限公司,30,P0009,UAV-BF-IND-H20,UAV-BF-IND-H20,20,台,45999,"14.4%",39375,787503,已发货,已确认,项目销售,销售一部,赵敏,"2025-05-30",否,HT-2023-177,西安惠农农科科技有限公司设备采购项目,西安惠农农科科技有限公司,QT-202305-00600,"","2025-05-15",Active
SO0000066,SO-202305-00027,"2025-05-01","10005",西安惠农农科科技有限公司,10,P0009,UAV-BF-IND-H20,UAV-BF-IND-H20,8,台,45999,"14.9%",39145,313161,已发货,已确认,项目销售,销售一部,陈静,"2025-05-27",否,HT-2023-020,西安惠农农科科技有限公司设备采购项目,西安惠农农科科技有限公司,QT-202305-00027,"","2025-05-01",Active
SO0000067,SO-202305-00027,"2025-05-01","10005",西安惠农农科科技有限公司,20,P0010,UAV-BF-IND-H30,UAV-BF-IND-H30,17,台,58999,"11.5%",52214,887640,已发货,已确认,项目销售,销售一部,陈静,"2025-05-22",否,HT-2023-020,西安惠农农科科技有限公司设备采购项目,西安惠农农科科技有限公司,QT-202305-00027,"","2025-05-01",Active
SO0000068,SO-202305-00027,"2025-05-01","10005",西安惠农农科科技有限公司,30,P0006,UAV-JF-ENT-AG,UAV-JF-ENT-AG,9,台,22999,"10.1%",20676,186085,已发货,已确认,项目销售,销售一部,陈静,"2025-05-21",否,HT-2023-020,西安惠农农科科技有限公司设备采购项目,西安惠农农科科技有限公司,QT-202305-00027,"","2025-05-01",Active
SO0000069,SO-202310-00028,"2025-10-03","10005",西安惠农农科科技有限公司,10,P0009,UAV-BF-IND-H20,UAV-BF-IND-H20,5,台,45999,"13.4%",39835,199176,已发货,已确认,项目销售,销售一部,钱进,"2025-11-29",否,HT-2023-252,株洲市种植大户应用项目,西安惠农农科科技有限公司,QT-202309-00541,"","2025-10-03",Active
SO0000070,SO-202310-00028,"2025-10-03","10005",西安惠农农科科技有限公司,20,P0006,UAV-JF-ENT-AG,UAV-JF-ENT-AG,7,台,22999,"12.7%",20078,140547,已发货,已确认,项目销售,销售一部,钱进,"2025-11-12",否,HT-2023-252,株洲市种植大户应用项目,西安惠农农科科技有限公司,QT-202309-00541,"","2025-10-03",Active
SO0000071,SO-202310-00028,"2025-10-03","10005",西安惠农农科科技有限公司,30,P0010,UAV-BF-IND-H30,UAV-BF-IND-H30,16,台,58999,"12.0%",51919,830706,已发货,已确认,项目销售,销售一部,钱进,"2025-11-14",否,HT-2023-252,株洲市种植大户应用项目,西安惠农农科科技有限公司,QT-202309-00541,"","2025-10-03",Active
SO0000072,SO-202311-00029,"2025-11-25","10005",西安惠农农科科技有限公司,10,P0010,UAV-BF-IND-H30,UAV-BF-IND-H30,19,台,58999,"8.4%",54043,1026819,已发货,已确认,项目销售,销售一部,吴磊,"2025-11-28",否,HT-2023-422,西安惠农农科科技有限公司设备采购项目,西安惠农农科科技有限公司,QT-202311-00508,"","2025-11-25",Active
SO0000073,SO-202311-00029,"2025-11-25","10005",西安惠农农科科技有限公司,20,P0009,UAV-BF-IND-H20,UAV-BF-IND-H20,10,台,45999,"13.6%",39743,397431,已发货,已确认,项目销售,销售一部,吴磊,"2025-11-28",否,HT-2023-422,西安惠农农科科技有限公司设备采购项目,西安惠农农科科技有限公司,QT-202311-00508,"","2025-11-25",Active
SO0000074,SO-202311-00029,"2025-11-25","10005",西安惠农农科科技有限公司,30,P0006,UAV-JF-ENT-AG,UAV-JF-ENT-AG,3,台,22999,"11.4%",20377,61131,已发货,已确认,项目销售,销售一部,吴磊,"2025-11-28",否,HT-2023-422,西安惠农农科科技有限公司设备采购项目,西安惠农农科科技有限公司,QT-202311-00508,"","2025-11-25",Active
SO0000075,SO-202406-00030,"2025-06-11","10005",西安惠农农科科技有限公司,10,P0006,UAV-JF-ENT-AG,UAV-JF-ENT-AG,3,台,22999,"13.7%",19848,59544,已发货,已确认,项目销售,销售一部,陈静,"2025-07-22",否,HT-2024-269,株洲市种植大户应用项目,西安惠农农科科技有限公司,QT-202406-00030,"","2025-06-11",Active
SO0000076,SO-202406-00030,"2025-06-11","10005",西安惠农农科科技有限公司,20,P0010,UAV-BF-IND-H30,UAV-BF-IND-H30,15,台,58999,"6.0%",55459,831886,已发货,已确认,项目销售,销售一部,陈静,"2025-07-06",否,HT-2024-269,株洲市种植大户应用项目,西安惠农农科科技有限公司,QT-202406-00030,"","2025-06-11",Active
SO0000077,SO-202406-00030,"2025-06-11","10005",西安惠农农科科技有限公司,30,P0009,UAV-BF-IND-H20,UAV-BF-IND-H20,11,台,45999,"5.5%",43469,478160,已发货,已确认,项目销售,销售一部,陈静,"2025-08-07",否,HT-2024-269,株洲市种植大户应用项目,西安惠农农科科技有限公司,QT-202406-00030,"","2025-06-11",Active
SO0000078,SO-202303-00031,"2025-03-01","10005",西安惠农农科科技有限公司,10,P0006,UAV-JF-ENT-AG,UAV-JF-ENT-AG,11,台,22999,"10.0%",20699,227690,已发货,已确认,项目销售,销售一部,周杰,"2025-04-28",否,HT-2023-189,西安惠农农科科技有限公司设备采购项目,西安惠农农科科技有限公司,QT-202302-00395,"","2025-03-01",Active
SO0000079,SO-202303-00031,"2025-03-01","10005",西安惠农农科科技有限公司,20,P0009,UAV-BF-IND-H20,UAV-BF-IND-H20,9,台,45999,"11.8%",40571,365140,已发货,已确认,项目销售,销售一部,周杰,"2025-04-10",否,HT-2023-189,西安惠农农科科技有限公司设备采购项目,西安惠农农科科技有限公司,QT-202302-00395,"","2025-03-01",Active
SO0000080,SO-202303-00031,"2025-03-01","10005",西安惠农农科科技有限公司,30,P0010,UAV-BF-IND-H30,UAV-BF-IND-H30,17,台,58999,"13.7%",50916,865574,已发货,已确认,项目销售,销售一部,周杰,"2025-03-22",否,HT-2023-189,西安惠农农科科技有限公司设备采购项目,西安惠农农科科技有限公司,QT-202302-00395,"","2025-03-01",Active
SO0000081,SO-202405-00032,"2025-05-16","10006",青岛农翼农技股份有限公司,10,P0006,UAV-JF-ENT-AG,UAV-JF-ENT-AG,2,台,22999,"0.0%",22999,45998,已发货,已确认,直销,销售一部,陈静,"2025-06-22",否,"","",青岛农翼农技股份有限公司,QT-202405-00533,"","2025-05-16",Active
SO0000082,SO-202310-00033,"2025-10-19","10006",青岛农翼农技股份有限公司,10,P0010,UAV-BF-IND-H30,UAV-BF-IND-H30,2,台,58999,"0.0%",58999,117998,已发货,已确认,直销,销售一部,张伟,"2025-11-06",否,"","",青岛农翼农技股份有限公司,QT-202310-00559,"","2025-10-19",Active
SO0000083,SO-202304-00034,"2025-04-23","10007",长沙沃土农服股份有限公司,10,P0009,UAV-BF-IND-H20,UAV-BF-IND-H20,20,台,45999,"12.1%",40433,808662,已发货,已确认,项目销售,销售一部,张伟,"2025-06-08",否,HT-2023-115,长沙沃土农服股份有限公司设备采购项目,长沙沃土农服股份有限公司,QT-202304-00575,"","2025-04-23",Active
SO0000084,SO-202304-00034,"2025-04-23","10007",长沙沃土农服股份有限公司,20,P0006,UAV-JF-ENT-AG,UAV-JF-ENT-AG,4,台,22999,"7.4%",21297,85188,已发货,已确认,项目销售,销售一部,张伟,"2025-05-23",否,HT-2023-115,长沙沃土农服股份有限公司设备采购项目,长沙沃土农服股份有限公司,QT-202304-00575,"","2025-04-23",Active
SO0000085,SO-202304-00034,"2025-04-23","10007",长沙沃土农服股份有限公司,30,P0010,UAV-BF-IND-H30,UAV-BF-IND-H30,9,台,58999,"7.7%",54456,490105,已发货,已确认,项目销售,销售一部,张伟,"2025-05-19",否,HT-2023-115,长沙沃土农服股份有限公司设备采购项目,长沙沃土农服股份有限公司,QT-202304-00575,"","2025-04-23",Active
SO0000086,SO-202403-00035,"2025-03-09","10007",长沙沃土农服股份有限公司,10,P0009,UAV-BF-IND-H20,UAV-BF-IND-H20,7,台,45999,"5.1%",43653,305571,已发货,已确认,直销,销售一部,冯涛,"2025-04-08",否,"","",长沙沃土农服股份有限公司,QT-202403-00035,"","2025-03-09",Active
SO0000087,SO-202403-00035,"2025-03-09","10007",长沙沃土农服股份有限公司,20,P0006,UAV-JF-ENT-AG,UAV-JF-ENT-AG,9,台,22999,"13.0%",20009,180082,已发货,已确认,直销,销售一部,冯涛,"2025-05-08",否,"","",长沙沃土农服股份有限公司,QT-202403-00035,"","2025-03-09",Active
SO0000088,SO-202405-00036,"2025-05-24","10007",长沙沃土农服股份有限公司,10,P0010,UAV-BF-IND-H30,UAV-BF-IND-H30,11,台,58999,"5.1%",55990,615891,已发货,已确认,项目销售,销售一部,谢文,"2025-07-15",否,HT-2024-033,长沙沃土农服股份有限公司设备采购项目,长沙沃土农服股份有限公司,QT-202405-00534,"","2025-05-24",Active
SO0000089,SO-202405-00036,"2025-05-24","10007",长沙沃土农服股份有限公司,20,P0006,UAV-JF-ENT-AG,UAV-JF-ENT-AG,13,台,22999,"8.7%",20998,272975,已发货,已确认,项目销售,销售一部,谢文,"2025-06-22",否,HT-2024-033,长沙沃土农服股份有限公司设备采购项目,长沙沃土农服股份有限公司,QT-202405-00534,"","2025-05-24",Active
SO0000090,SO-202405-00037,"2025-05-23","10007",长沙沃土农服股份有限公司,10,P0006,UAV-JF-ENT-AG,UAV-JF-ENT-AG,3,台,22999,"12.3%",20170,60510,已发货,已确认,项目销售,销售一部,杨帆,"2025-06-19",否,HT-2024-411,宁波市植保服务应用项目,长沙沃土农服股份有限公司,QT-202405-00535,"","2025-05-23",Active
SO0000091,SO-202405-00037,"2025-05-23","10007",长沙沃土农服股份有限公司,20,P0009,UAV-BF-IND-H20,UAV-BF-IND-H20,9,台,45999,"10.7%",41077,369694,已发货,已确认,项目销售,销售一部,杨帆,"2025-07-16",否,HT-2024-411,宁波市植保服务应用项目,长沙沃土农服股份有限公司,QT-202405-00535,"","2025-05-23",Active
SO0000092,SO-202403-00038,"2025-03-04","10007",长沙沃土农服股份有限公司,10,P0006,UAV-JF-ENT-AG,UAV-JF-ENT-AG,9,台,22999,"9.8%",20745,186706,已发货,已确认,项目销售,销售一部,郑海,"2025-05-02",否,HT-2024-363,宁波市植保服务应用项目,长沙沃土农服股份有限公司,QT-202402-00576,"","2025-03-04",Active
SO0000093,SO-202403-00038,"2025-03-04","10007",长沙沃土农服股份有限公司,20,P0010,UAV-BF-IND-H30,UAV-BF-IND-H30,12,台,58999,"12.8%",51447,617366,已发货,已确认,项目销售,销售一部,郑海,"2025-04-15",否,HT-2024-363,宁波市植保服务应用项目,长沙沃土农服股份有限公司,QT-202402-00576,"","2025-03-04",Active
SO0000094,SO-202403-00038,"2025-03-04","10007",长沙沃土农服股份有限公司,30,P0009,UAV-BF-IND-H20,UAV-BF-IND-H20,20,台,45999,"14.4%",39375,787503,已发货,已确认,项目销售,销售一部,郑海,"2025-04-15",否,HT-2024-363,宁波市植保服务应用项目,长沙沃土农服股份有限公司,QT-202402-00576,"","2025-03-04",Active
SO0000095,SO-202410-00039,"2025-10-15","10007",长沙沃土农服股份有限公司,10,P0009,UAV-BF-IND-H20,UAV-BF-IND-H20,13,台,45999,"11.4%",40755,529816,已发货,已确认,项目销售,销售一部,姚强,"2025-11-21",否,HT-2024-337,宁波市植保服务应用项目,长沙沃土农服股份有限公司,QT-202410-00532,"","2025-10-15",Active
SO0000096,SO-202410-00039,"2025-10-15","10007",长沙沃土农服股份有限公司,20,P0006,UAV-JF-ENT-AG,UAV-JF-ENT-AG,14,台,22999,"10.8%",20515,287212,已发货,已确认,项目销售,销售一部,姚强,"2025-11-19",否,HT-2024-337,宁波市植保服务应用项目,长沙沃土农服股份有限公司,QT-202410-00532,"","2025-10-15",Active
SO0000097,SO-202407-00040,"2025-07-26","10007",长沙沃土农服股份有限公司,10,P0006,UAV-JF-ENT-AG,UAV-JF-ENT-AG,3,台,22999,"14.5%",19664,58992,已发货,已确认,直销,销售一部,陈静,"2025-08-30",否,"","",长沙沃土农服股份有限公司,QT-202407-00542,"","2025-07-26",Active
SO0000098,SO-202407-00040,"2025-07-26","10007",长沙沃土农服股份有限公司,20,P0010,UAV-BF-IND-H30,UAV-BF-IND-H30,6,台,58999,"12.1%",51860,311161,已发货,已确认,直销,销售一部,陈静,"2025-08-27",否,"","",长沙沃土农服股份有限公司,QT-202407-00542,"","2025-07-26",Active
SO0000099,SO-202304-00041,"2025-04-30","10007",长沙沃土农服股份有限公司,10,P0009,UAV-BF-IND-H20,UAV-BF-IND-H20,13,台,45999,"5.5%",43469,565098,已发货,已确认,项目销售,销售一部,姚强,"2025-06-07",否,HT-2023-242,"2023年宁波市农业项目",长沙沃土农服股份有限公司,QT-202304-00576,"","2025-04-30",Active
SO0000100,SO-202304-00041,"2025-04-30","10007",长沙沃土农服股份有限公司,20,P0006,UAV-JF-ENT-AG,UAV-JF-ENT-AG,8,台,22999,"12.0%",20239,161913,已发货,已确认,项目销售,销售一部,姚强,"2025-05-21",否,HT-2023-242,"2023年宁波市农业项目",长沙沃土农服股份有限公司,QT-202304-00576,"","2025-04-30",Active
SO0000101,SO-202303-00042,"2025-03-08","10007",长沙沃土农服股份有限公司,10,P0006,UAV-JF-ENT-AG,UAV-JF-ENT-AG,8,台,22999,"7.6%",21251,170009,已发货,已确认,直销,销售一部,刘洋,"2025-04-15",否,"","",长沙沃土农服股份有限公司,QT-202302-00396,"","2025-03-08",Active
SO0000102,SO-202303-00042,"2025-03-08","10007",长沙沃土农服股份有限公司,20,P0010,UAV-BF-IND-H30,UAV-BF-IND-H30,8,台,58999,"12.6%",51565,412521,已发货,已确认,直销,销售一部,刘洋,"2025-04-09",否,"","",长沙沃土农服股份有限公司,QT-202302-00396,"","2025-03-08",Active
SO0000103,SO-202303-00042,"2025-03-08","10007",长沙沃土农服股份有限公司,30,P0009,UAV-BF-IND-H20,UAV-BF-IND-H20,6,台,45999,"9.2%",41767,250603,已发货,已确认,直销,销售一部,刘洋,"2025-03-28",否,"","",长沙沃土农服股份有限公司,QT-202302-00396,"","2025-03-08",Active
SO0000104,SO-202303-00043,"2025-03-24","10007",长沙沃土农服股份有限公司,10,P0006,UAV-JF-ENT-AG,UAV-JF-ENT-AG,3,台,22999,"9.1%",20906,62718,已取消,已取消,项目销售,销售一部,姚强,"2025-05-19",否,HT-2023-232,长沙沃土农服股份有限公司设备采购项目,长沙沃土农服股份有限公司,QT-202303-00594,"","2025-03-24",Active
SO0000105,SO-202303-00043,"2025-03-24","10007",长沙沃土农服股份有限公司,20,P0010,UAV-BF-IND-H30,UAV-BF-IND-H30,11,台,58999,"13.1%",51270,563971,已取消,已取消,项目销售,销售一部,姚强,"2025-05-06",否,HT-2023-232,长沙沃土农服股份有限公司设备采购项目,长沙沃土农服股份有限公司,QT-202303-00594,"","2025-03-24",Active
SO0000106,SO-202303-00044,"2025-03-13","10007",长沙沃土农服股份有限公司,10,P0006,UAV-JF-ENT-AG,UAV-JF-ENT-AG,7,台,22999,"7.7%",21228,148597,已发货,已确认,项目销售,销售一部,贾斌,"2025-04-09",否,HT-2023-003,"2023年宁波市农业项目",长沙沃土农服股份有限公司,QT-202303-00595,"","2025-03-13",Active
SO0000107,SO-202303-00044,"2025-03-13","10007",长沙沃土农服股份有限公司,20,P0009,UAV-BF-IND-H20,UAV-BF-IND-H20,9,台,45999,"14.6%",39283,353548,已发货,已确认,项目销售,销售一部,贾斌,"2025-04-09",否,HT-2023-003,"2023年宁波市农业项目",长沙沃土农服股份有限公司,QT-202303-00595,"","2025-03-13",Active
SO0000108,SO-202406-00045,"2025-06-27","10008",南京绿野农资服务有限公司,10,P0010,UAV-BF-IND-H30,UAV-BF-IND-H30,16,台,58999,"10.5%",52804,844866,已发货,已确认,项目销售,销售一部,杨帆,"2025-08-26",否,HT-2024-450,南京绿野农资服务有限公司设备采购项目,南京绿野农资服务有限公司,QT-202406-00390,"","2025-06-27",Active
SO0000109,SO-202406-00045,"2025-06-27","10008",南京绿野农资服务有限公司,20,P0009,UAV-BF-IND-H20,UAV-BF-IND-H20,8,台,45999,"5.9%",43285,346280,已发货,已确认,项目销售,销售一部,杨帆,"2025-07-16",否,HT-2024-450,南京绿野农资服务有限公司设备采购项目,南京绿野农资服务有限公司,QT-202406-00390,"","2025-06-27",Active
SO0000110,SO-202406-00045,"2025-06-27","10008",南京绿野农资服务有限公司,30,P0006,UAV-JF-ENT-AG,UAV-JF-ENT-AG,10,台,22999,"10.8%",20515,205151,已发货,已确认,项目销售,销售一部,杨帆,"2025-08-13",否,HT-2024-450,南京绿野农资服务有限公司设备采购项目,南京绿野农资服务有限公司,QT-202406-00390,"","2025-06-27",Active
SO0000111,SO-202303-00046,"2025-03-23","10008",南京绿野农资服务有限公司,10,P0006,UAV-JF-ENT-AG,UAV-JF-ENT-AG,14,台,22999,"5.3%",21780,304921,已发货,已确认,项目销售,销售一部,李娜,"2025-04-25",否,HT-2023-173,南京绿野农资服务有限公司设备采购项目,南京绿野农资服务有限公司,QT-202303-00596,"","2025-03-23",Active
SO0000112,SO-202303-00046,"2025-03-23","10008",南京绿野农资服务有限公司,20,P0009,UAV-BF-IND-H20,UAV-BF-IND-H20,6,台,45999,"5.4%",43515,261090,已发货,已确认,项目销售,销售一部,李娜,"2025-04-10",否,HT-2023-173,南京绿野农资服务有限公司设备采购项目,南京绿野农资服务有限公司,QT-202303-00596,"","2025-03-23",Active
SO0000113,SO-202303-00047,"2025-03-26","10008",南京绿野农资服务有限公司,10,P0010,UAV-BF-IND-H30,UAV-BF-IND-H30,7,台,58999,"13.3%",51152,358065,已发货,已确认,项目销售,销售一部,冯涛,"2025-05-12",否,HT-2023-012,济南市农业合作社应用项目,南京绿野农资服务有限公司,QT-202303-00597,"","2025-03-26",Active
SO0000114,SO-202303-00047,"2025-03-26","10008",南京绿野农资服务有限公司,20,P0009,UAV-BF-IND-H20,UAV-BF-IND-H20,17,台,45999,"9.4%",41675,708477,已发货,已确认,项目销售,销售一部,冯涛,"2025-05-04",否,HT-2023-012,济南市农业合作社应用项目,南京绿野农资服务有限公司,QT-202303-00597,"","2025-03-26",Active
SO0000115,SO-202303-00047,"2025-03-26","10008",南京绿野农资服务有限公司,30,P0006,UAV-JF-ENT-AG,UAV-JF-ENT-AG,9,台,22999,"8.9%",20952,188569,已发货,已确认,项目销售,销售一部,冯涛,"2025-04-23",否,HT-2023-012,济南市农业合作社应用项目,南京绿野农资服务有限公司,QT-202303-00597,"","2025-03-26",Active
SO0000116,SO-202401-00048,"2025-01-20","10008",南京绿野农资服务有限公司,10,P0006,UAV-JF-ENT-AG,UAV-JF-ENT-AG,12,台,22999,"8.0%",21159,253909,已发货,已确认,项目销售,销售一部,吴磊,"2025-03-07",否,HT-2024-335,"2024年济南市农业项目",南京绿野农资服务有限公司,QT-202401-00048,"","2025-01-20",Active
SO0000117,SO-202401-00048,"2025-01-20","10008",南京绿野农资服务有限公司,20,P0010,UAV-BF-IND-H30,UAV-BF-IND-H30,19,台,58999,"10.0%",53099,1008883,已发货,已确认,项目销售,销售一部,吴磊,"2025-03-08",否,HT-2024-335,"2024年济南市农业项目",南京绿野农资服务有限公司,QT-202401-00048,"","2025-01-20",Active
SO0000118,SO-202401-00048,"2025-01-20","10008",南京绿野农资服务有限公司,30,P0009,UAV-BF-IND-H20,UAV-BF-IND-H20,13,台,45999,"12.0%",40479,526229,已发货,已确认,项目销售,销售一部,吴磊,"2025-02-18",否,HT-2024-335,"2024年济南市农业项目",南京绿野农资服务有限公司,QT-202401-00048,"","2025-01-20",Active
SO0000119,SO-202403-00049,"2025-03-16","10008",南京绿野农资服务有限公司,10,P0010,UAV-BF-IND-H30,UAV-BF-IND-H30,5,台,58999,"12.8%",51447,257236,已发货,已确认,直销,销售一部,姚强,"2025-05-04",否,"","",南京绿野农资服务有限公司,QT-202403-00543,"","2025-03-16",Active
SO0000120,SO-202403-00049,"2025-03-16","10008",南京绿野农资服务有限公司,20,P0009,UAV-BF-IND-H20,UAV-BF-IND-H20,6,台,45999,"12.1%",40433,242599,已发货,已确认,直销,销售一部,姚强,"2025-05-10",否,"","",南京绿野农资服务有限公司,QT-202403-00543,"","2025-03-16",Active
SO0000121,SO-202403-00049,"2025-03-16","10008",南京绿野农资服务有限公司,30,P0006,UAV-JF-ENT-AG,UAV-JF-ENT-AG,5,台,22999,"5.6%",21711,108555,已发货,已确认,直销,销售一部,姚强,"2025-04-17",否,"","",南京绿野农资服务有限公司,QT-202403-00543,"","2025-03-16",Active
SO0000122,SO-202412-00050,"2025-12-18","10008",南京绿野农资服务有限公司,10,P0009,UAV-BF-IND-H20,UAV-BF-IND-H20,11,台,45999,"9.7%",41537,456908,已发货,已确认,项目销售,销售一部,刘洋,"2025-12-21",否,HT-2024-145,"2024年济南市农业项目",南京绿野农资服务有限公司,QT-202412-00050,"","2025-12-18",Active
SO0000123,SO-202412-00050,"2025-12-18","10008",南京绿野农资服务有限公司,20,P0006,UAV-JF-ENT-AG,UAV-JF-ENT-AG,13,台,22999,"11.5%",20354,264604,已发货,已确认,项目销售,销售一部,刘洋,"2025-12-21",否,HT-2024-145,"2024年济南市农业项目",南京绿野农资服务有限公司,QT-202412-00050,"","2025-12-18",Active
SO0000124,SO-202412-00050,"2025-12-18","10008",南京绿野农资服务有限公司,30,P0010,UAV-BF-IND-H30,UAV-BF-IND-H30,16,台,58999,"11.8%",52037,832594,已发货,已确认,项目销售,销售一部,刘洋,"2025-12-21",否,HT-2024-145,"2024年济南市农业项目",南京绿野农资服务有限公司,QT-202412-00050,"","2025-12-18",Active
SO0000125,SO-202304-00051,"2025-04-04","10008",南京绿野农资服务有限公司,10,P0009,UAV-BF-IND-H20,UAV-BF-IND-H20,7,台,45999,"11.8%",40571,283998,已发货,已确认,直销,销售一部,钱进,"2025-04-22",否,"","",南京绿野农资服务有限公司,QT-202304-00051,"","2025-04-04",Active
SO0000126,SO-202304-00051,"2025-04-04","10008",南京绿野农资服务有限公司,20,P0006,UAV-JF-ENT-AG,UAV-JF-ENT-AG,3,台,22999,"6.8%",21435,64305,已发货,已确认,直销,销售一部,钱进,"2025-05-03",否,"","",南京绿野农资服务有限公司,QT-202304-00051,"","2025-04-04",Active
SO0000127,SO-202304-00051,"2025-04-04","10008",南京绿野农资服务有限公司,30,P0010,UAV-BF-IND-H30,UAV-BF-IND-H30,7,台,58999,"13.2%",51211,358478,已发货,已确认,直销,销售一部,钱进,"2025-04-20",否,"","",南京绿野农资服务有限公司,QT-202304-00051,"","2025-04-04",Active
SO0000128,SO-202303-00052,"2025-03-13","10008",南京绿野农资服务有限公司,10,P0010,UAV-BF-IND-H30,UAV-BF-IND-H30,13,台,58999,"6.3%",55282,718667,已发货,已确认,项目销售,销售一部,袁琳,"2025-05-07",否,HT-2023-371,济南市农业合作社应用项目,南京绿野农资服务有限公司,QT-202303-00598,"","2025-03-13",Active
SO0000129,SO-202303-00052,"2025-03-13","10008",南京绿野农资服务有限公司,20,P0009,UAV-BF-IND-H20,UAV-BF-IND-H20,11,台,45999,"6.8%",42871,471582,已发货,已确认,项目销售,销售一部,袁琳,"2025-04-11",否,HT-2023-371,济南市农业合作社应用项目,南京绿野农资服务有限公司,QT-202303-00598,"","2025-03-13",Active
SO0000130,SO-202310-00053,"2025-10-31","10009",长沙农兴农机服务有限公司,10,P0009,UAV-BF-IND-H20,UAV-BF-IND-H20,5,台,45999,"0.0%",45999,229995,已发货,已确认,直销,销售一部,吴磊,"2025-12-25",否,"","",长沙农兴农机服务有限公司,QT-202310-00560,"","2025-10-31",Active
SO0000131,SO-202310-00053,"2025-10-31","10009",长沙农兴农机服务有限公司,20,P0006,UAV-JF-ENT-AG,UAV-JF-ENT-AG,4,台,22999,"0.0%",22999,91996,已发货,已确认,直销,销售一部,吴磊,"2025-11-24",否,"","",长沙农兴农机服务有限公司,QT-202310-00560,"","2025-10-31",Active
SO0000132,SO-202403-00054,"2025-03-12","10009",长沙农兴农机服务有限公司,10,P0006,UAV-JF-ENT-AG,UAV-JF-ENT-AG,3,台,22999,"0.0%",22999,68997,已发货,已确认,直销,销售一部,赵敏,"2025-04-05",否,"","",长沙农兴农机服务有限公司,QT-202403-00544,"","2025-03-12",Active
SO0000133,SO-202403-00054,"2025-03-12","10009",长沙农兴农机服务有限公司,20,P0009,UAV-BF-IND-H20,UAV-BF-IND-H20,4,台,45999,"0.0%",45999,183996,已发货,已确认,直销,销售一部,赵敏,"2025-04-01",否,"","",长沙农兴农机服务有限公司,QT-202403-00544,"","2025-03-12",Active
SO0000134,SO-202404-00055,"2025-04-15","10009",长沙农兴农机服务有限公司,10,P0006,UAV-JF-ENT-AG,UAV-JF-ENT-AG,2,台,22999,"0.0%",22999,45998,已发货,已确认,直销,销售一部,贾斌,"2025-05-11",否,"","",长沙农兴农机服务有限公司,QT-202404-00055,"","2025-04-15",Active
SO0000135,SO-202404-00055,"2025-04-15","10009",长沙农兴农机服务有限公司,20,P0009,UAV-BF-IND-H20,UAV-BF-IND-H20,2,台,45999,"0.0%",45999,91998,已发货,已确认,直销,销售一部,贾斌,"2025-06-05",否,"","",长沙农兴农机服务有限公司,QT-202404-00055,"","2025-04-15",Active
SO0000136,SO-202404-00056,"2025-04-28","10009",长沙农兴农机服务有限公司,10,P0010,UAV-BF-IND-H30,UAV-BF-IND-H30,5,台,58999,"0.0%",58999,294995,已发货,已确认,项目销售,销售一部,冯涛,"2025-06-01",否,HT-2024-333,"2024年西安市农业项目",长沙农兴农机服务有限公司,QT-202404-00530,"","2025-04-28",Active
SO0000137,SO-202404-00056,"2025-04-28","10009",长沙农兴农机服务有限公司,20,P0006,UAV-JF-ENT-AG,UAV-JF-ENT-AG,5,台,22999,"0.0%",22999,114995,已发货,已确认,项目销售,销售一部,冯涛,"2025-05-24",否,HT-2024-333,"2024年西安市农业项目",长沙农兴农机服务有限公司,QT-202404-00530,"","2025-04-28",Active
SO0000138,SO-202404-00056,"2025-04-28","10009",长沙农兴农机服务有限公司,30,P0009,UAV-BF-IND-H20,UAV-BF-IND-H20,17,台,45999,"4.5%",43929,746794,已发货,已确认,项目销售,销售一部,冯涛,"2025-05-25",否,HT-2024-333,"2024年西安市农业项目",长沙农兴农机服务有限公司,QT-202404-00530,"","2025-04-28",Active
SO0000139,SO-202306-00057,"2025-06-13","10010",武汉农兴农业科技有限公司,10,P0006,UAV-JF-ENT-AG,UAV-JF-ENT-AG,1,台,22999,"0.0%",22999,22999,已发货,已确认,直销,销售一部,赵敏,"2025-07-25",否,"","",武汉农兴农业科技有限公司,"","","2025-06-13",Active
SO0000140,SO-202409-00058,"2025-09-18","10010",武汉农兴农业科技有限公司,10,P0009,UAV-BF-IND-H20,UAV-BF-IND-H20,9,台,45999,"0.0%",45999,413991,已发货,已确认,项目销售,销售一部,张伟,"2025-10-03",否,HT-2024-457,"2024年上海市农业项目",武汉农兴农业科技有限公司,QT-202409-00058,"","2025-09-18",Active
SO0000141,SO-202409-00058,"2025-09-18","10010",武汉农兴农业科技有限公司,20,P0010,UAV-BF-IND-H30,UAV-BF-IND-H30,8,台,58999,"0.0%",58999,471992,已发货,已确认,项目销售,销售一部,张伟,"2025-10-27",否,HT-2024-457,"2024年上海市农业项目",武汉农兴农业科技有限公司,QT-202409-00058,"","2025-09-18",Active
SO0000142,SO-202409-00058,"2025-09-18","10010",武汉农兴农业科技有限公司,30,P0006,UAV-JF-ENT-AG,UAV-JF-ENT-AG,9,台,22999,"0.0%",22999,206991,已发货,已确认,项目销售,销售一部,张伟,"2025-10-04",否,HT-2024-457,"2024年上海市农业项目",武汉农兴农业科技有限公司,QT-202409-00058,"","2025-09-18",Active
SO0000143,SO-202303-00059,"2025-03-07","10010",武汉农兴农业科技有限公司,10,P0006,UAV-JF-ENT-AG,UAV-JF-ENT-AG,5,台,22999,"0.0%",22999,114995,已发货,已确认,项目销售,销售一部,吴磊,"2025-04-06",否,HT-2023-348,上海市农业科技公司应用项目,武汉农兴农业科技有限公司,QT-202302-00397,"","2025-03-07",Active
SO0000144,SO-202303-00059,"2025-03-07","10010",武汉农兴农业科技有限公司,20,P0010,UAV-BF-IND-H30,UAV-BF-IND-H30,7,台,58999,"0.0%",58999,412993,已发货,已确认,项目销售,销售一部,吴磊,"2025-04-08",否,HT-2023-348,上海市农业科技公司应用项目,武汉农兴农业科技有限公司,QT-202302-00397,"","2025-03-07",Active
SO0000145,SO-202404-00060,"2025-04-01","10011",郑州农丰农机技术有限公司,10,P0010,UAV-BF-IND-H30,UAV-BF-IND-H30,8,台,58999,"9.6%",53335,426681,已发货,已确认,项目销售,销售一部,钱进,"2025-05-07",否,HT-2024-457,西安市植保服务应用项目,郑州农丰农机技术有限公司,QT-202403-00561,"","2025-04-01",Active
SO0000146,SO-202404-00060,"2025-04-01","10011",郑州农丰农机技术有限公司,20,P0006,UAV-JF-ENT-AG,UAV-JF-ENT-AG,14,台,22999,"14.2%",19733,276264,已发货,已确认,项目销售,销售一部,钱进,"2025-04-24",否,HT-2024-457,西安市植保服务应用项目,郑州农丰农机技术有限公司,QT-202403-00561,"","2025-04-01",Active
SO0000147,SO-202404-00060,"2025-04-01","10011",郑州农丰农机技术有限公司,30,P0009,UAV-BF-IND-H20,UAV-BF-IND-H20,20,台,45999,"7.4%",42595,851901,已发货,已确认,项目销售,销售一部,钱进,"2025-05-14",否,HT-2024-457,西安市植保服务应用项目,郑州农丰农机技术有限公司,QT-202403-00561,"","2025-04-01",Active
SO0000148,SO-202404-00061,"2025-04-30","10011",郑州农丰农机技术有限公司,10,P0009,UAV-BF-IND-H20,UAV-BF-IND-H20,9,台,45999,"12.6%",40203,361828,已发货,已确认,项目销售,销售一部,陈静,"2025-06-18",否,HT-2024-026,西安市植保服务应用项目,郑州农丰农机技术有限公司,QT-202404-00531,"","2025-04-30",Active
SO0000149,SO-202404-00061,"2025-04-30","10011",郑州农丰农机技术有限公司,20,P0010,UAV-BF-IND-H30,UAV-BF-IND-H30,13,台,58999,"8.7%",53866,700259,已发货,已确认,项目销售,销售一部,陈静,"2025-05-22",否,HT-2024-026,西安市植保服务应用项目,郑州农丰农机技术有限公司,QT-202404-00531,"","2025-04-30",Active
SO0000150,SO-202404-00061,"2025-04-30","10011",郑州农丰农机技术有限公司,30,P0006,UAV-JF-ENT-AG,UAV-JF-ENT-AG,3,台,22999,"6.8%",21435,64305,已发货,已确认,项目销售,销售一部,陈静,"2025-05-21",否,HT-2024-026,西安市植保服务应用项目,郑州农丰农机技术有限公司,QT-202404-00531,"","2025-04-30",Active
SO0000151,SO-202304-00062,"2025-04-01","10011",郑州农丰农机技术有限公司,10,P0006,UAV-JF-ENT-AG,UAV-JF-ENT-AG,3,台,22999,"5.9%",21642,64926,已发货,已确认,项目销售,销售一部,韩雪,"2025-04-17",否,HT-2023-162,"2023年西安市农业项目",郑州农丰农机技术有限公司,QT-202303-00619,"","2025-04-01",Active
SO0000152,SO-202304-00062,"2025-04-01","10011",郑州农丰农机技术有限公司,20,P0009,UAV-BF-IND-H20,UAV-BF-IND-H20,12,台,45999,"10.7%",41077,492925,已发货,已确认,项目销售,销售一部,韩雪,"2025-04-25",否,HT-2023-162,"2023年西安市农业项目",郑州农丰农机技术有限公司,QT-202303-00619,"","2025-04-01",Active
SO0000153,SO-202304-00062,"2025-04-01","10011",郑州农丰农机技术有限公司,30,P0010,UAV-BF-IND-H30,UAV-BF-IND-H30,16,台,58999,"8.4%",54043,864689,已发货,已确认,项目销售,销售一部,韩雪,"2025-04-30",否,HT-2023-162,"2023年西安市农业项目",郑州农丰农机技术有限公司,QT-202303-00619,"","2025-04-01",Active
SO0000154,SO-202304-00063,"2025-04-23","10011",郑州农丰农机技术有限公司,10,P0010,UAV-BF-IND-H30,UAV-BF-IND-H30,10,台,58999,"5.1%",55990,559901,已发货,已确认,项目销售,销售一部,谢文,"2025-05-22",否,HT-2023-327,郑州农丰农机技术有限公司设备采购项目,郑州农丰农机技术有限公司,QT-202304-00577,"","2025-04-23",Active
SO0000155,SO-202304-00063,"2025-04-23","10011",郑州农丰农机技术有限公司,20,P0006,UAV-JF-ENT-AG,UAV-JF-ENT-AG,4,台,22999,"5.4%",21757,87028,已发货,已确认,项目销售,销售一部,谢文,"2025-05-26",否,HT-2023-327,郑州农丰农机技术有限公司设备采购项目,郑州农丰农机技术有限公司,QT-202304-00577,"","2025-04-23",Active
SO0000156,SO-202304-00063,"2025-04-23","10011",郑州农丰农机技术有限公司,30,P0009,UAV-BF-IND-H20,UAV-BF-IND-H20,16,台,45999,"14.2%",39467,631474,已发货,已确认,项目销售,销售一部,谢文,"2025-05-29",否,HT-2023-327,郑州农丰农机技术有限公司设备采购项目,郑州农丰农机技术有限公司,QT-202304-00577,"","2025-04-23",Active
SO0000157,SO-202401-00064,"2025-01-08","10011",郑州农丰农机技术有限公司,10,P0009,UAV-BF-IND-H20,UAV-BF-IND-H20,3,台,45999,"9.0%",41859,125577,已发货,已确认,直销,销售一部,李娜,"2025-02-03",否,"","",郑州农丰农机技术有限公司,QT-202312-00599,"","2025-01-08",Active
SO0000158,SO-202401-00064,"2025-01-08","10011",郑州农丰农机技术有限公司,20,P0006,UAV-JF-ENT-AG,UAV-JF-ENT-AG,9,台,22999,"9.7%",20768,186913,已发货,已确认,直销,销售一部,李娜,"2025-03-01",否,"","",郑州农丰农机技术有限公司,QT-202312-00599,"","2025-01-08",Active
SO0000159,SO-202305-00065,"2025-05-25","10011",郑州农丰农机技术有限公司,10,P0010,UAV-BF-IND-H30,UAV-BF-IND-H30,14,台,58999,"8.8%",53807,753299,已发货,已确认,项目销售,销售一部,张伟,"2025-06-27",否,HT-2023-268,郑州农丰农机技术有限公司设备采购项目,郑州农丰农机技术有限公司,QT-202305-00601,"","2025-05-25",Active
SO0000160,SO-202305-00065,"2025-05-25","10011",郑州农丰农机技术有限公司,20,P0009,UAV-BF-IND-H20,UAV-BF-IND-H20,16,台,45999,"6.2%",43147,690353,已发货,已确认,项目销售,销售一部,张伟,"2025-06-26",否,HT-2023-268,郑州农丰农机技术有限公司设备采购项目,郑州农丰农机技术有限公司,QT-202305-00601,"","2025-05-25",Active
SO0000161,SO-202305-00065,"2025-05-25","10011",郑州农丰农机技术有限公司,30,P0006,UAV-JF-ENT-AG,UAV-JF-ENT-AG,10,台,22999,"8.4%",21067,210671,已发货,已确认,项目销售,销售一部,张伟,"2025-06-25",否,HT-2023-268,郑州农丰农机技术有限公司设备采购项目,郑州农丰农机技术有限公司,QT-202305-00601,"","2025-05-25",Active
SO0000162,SO-202402-00066,"2025-02-24","10011",郑州农丰农机技术有限公司,10,P0006,UAV-JF-ENT-AG,UAV-JF-ENT-AG,15,台,22999,"8.4%",21067,316006,已发货,已确认,项目销售,销售一部,赵敏,"2025-03-30",否,HT-2024-111,郑州农丰农机技术有限公司设备采购项目,郑州农丰农机技术有限公司,QT-202402-00572,"","2025-02-24",Active
SO0000163,SO-202402-00066,"2025-02-24","10011",郑州农丰农机技术有限公司,20,P0010,UAV-BF-IND-H30,UAV-BF-IND-H30,9,台,58999,"11.1%",52450,472051,已发货,已确认,项目销售,销售一部,赵敏,"2025-04-09",否,HT-2024-111,郑州农丰农机技术有限公司设备采购项目,郑州农丰农机技术有限公司,QT-202402-00572,"","2025-02-24",Active
SO0000164,SO-202302-00067,"2025-02-17","10011",郑州农丰农机技术有限公司,10,P0006,UAV-JF-ENT-AG,UAV-JF-ENT-AG,14,台,22999,"12.2%",20193,282704,已发货,已确认,项目销售,销售一部,袁琳,"2025-03-09",否,HT-2023-259,"2023年西安市农业项目",郑州农丰农机技术有限公司,QT-202302-00390,"","2025-02-17",Active
SO0000165,SO-202302-00067,"2025-02-17","10011",郑州农丰农机技术有限公司,20,P0009,UAV-BF-IND-H20,UAV-BF-IND-H20,15,台,45999,"5.1%",43653,654796,已发货,已确认,项目销售,销售一部,袁琳,"2025-03-15",否,HT-2023-259,"2023年西安市农业项目",郑州农丰农机技术有限公司,QT-202302-00390,"","2025-02-17",Active
SO0000166,SO-202404-00068,"2025-04-25","10011",郑州农丰农机技术有限公司,10,P0009,UAV-BF-IND-H20,UAV-BF-IND-H20,9,台,45999,"10.2%",41307,371764,已发货,已确认,直销,销售一部,曹磊,"2025-06-05",否,"","",郑州农丰农机技术有限公司,QT-202404-00532,"","2025-04-25",Active
SO0000167,SO-202404-00068,"2025-04-25","10011",郑州农丰农机技术有限公司,20,P0010,UAV-BF-IND-H30,UAV-BF-IND-H30,8,台,58999,"13.6%",50975,407801,已发货,已确认,直销,销售一部,曹磊,"2025-06-20",否,"","",郑州农丰农机技术有限公司,QT-202404-00532,"","2025-04-25",Active
SO0000168,SO-202404-00068,"2025-04-25","10011",郑州农丰农机技术有限公司,30,P0006,UAV-JF-ENT-AG,UAV-JF-ENT-AG,6,台,22999,"11.2%",20423,122539,已发货,已确认,直销,销售一部,曹磊,"2025-06-14",否,"","",郑州农丰农机技术有限公司,QT-202404-00532,"","2025-04-25",Active
SO0000169,SO-202404-00069,"2025-04-19","10012",厦门绿洲农资科技有限公司,10,P0010,UAV-BF-IND-H30,UAV-BF-IND-H30,17,台,58999,"9.3%",53512,909706,已发货,已确认,项目销售,销售一部,贾斌,"2025-06-18",否,HT-2024-494,厦门绿洲农资科技有限公司设备采购项目,厦门绿洲农资科技有限公司,QT-202404-00533,"","2025-04-19",Active
SO0000170,SO-202404-00069,"2025-04-19","10012",厦门绿洲农资科技有限公司,20,P0009,UAV-BF-IND-H20,UAV-BF-IND-H20,18,台,45999,"5.8%",43331,779959,已发货,已确认,项目销售,销售一部,贾斌,"2025-06-17",否,HT-2024-494,厦门绿洲农资科技有限公司设备采购项目,厦门绿洲农资科技有限公司,QT-202404-00533,"","2025-04-19",Active
SO0000171,SO-202404-00069,"2025-04-19","10012",厦门绿洲农资科技有限公司,30,P0006,UAV-JF-ENT-AG,UAV-JF-ENT-AG,15,台,22999,"4.0%",22079,331186,已发货,已确认,项目销售,销售一部,贾斌,"2025-06-17",否,HT-2024-494,厦门绿洲农资科技有限公司设备采购项目,厦门绿洲农资科技有限公司,QT-202404-00533,"","2025-04-19",Active
SO0000172,SO-202405-00070,"2025-05-17","10012",厦门绿洲农资科技有限公司,10,P0006,UAV-JF-ENT-AG,UAV-JF-ENT-AG,3,台,22999,"0.0%",22999,68997,已发货,已确认,直销,销售一部,谢文,"2025-06-01",否,"","",厦门绿洲农资科技有限公司,QT-202405-00070,"","2025-05-17",Active
SO0000173,SO-202412-00071,"2025-12-04","10012",厦门绿洲农资科技有限公司,10,P0006,UAV-JF-ENT-AG,UAV-JF-ENT-AG,5,台,22999,"0.0%",22999,114995,已发货,已确认,项目销售,销售一部,钱进,"2025-12-26",否,HT-2024-500,"2024年北京市农业项目",厦门绿洲农资科技有限公司,QT-202412-00071,"","2025-12-04",Active
SO0000174,SO-202412-00071,"2025-12-04","10012",厦门绿洲农资科技有限公司,20,P0009,UAV-BF-IND-H20,UAV-BF-IND-H20,6,台,45999,"0.0%",45999,275994,已发货,已确认,项目销售,销售一部,钱进,"2025-12-07",否,HT-2024-500,"2024年北京市农业项目",厦门绿洲农资科技有限公司,QT-202412-00071,"","2025-12-04",Active
SO0000175,SO-202412-00071,"2025-12-04","10012",厦门绿洲农资科技有限公司,30,P0010,UAV-BF-IND-H30,UAV-BF-IND-H30,16,台,58999,"3.2%",57111,913776,已发货,已确认,项目销售,销售一部,钱进,"2025-12-27",否,HT-2024-500,"2024年北京市农业项目",厦门绿洲农资科技有限公司,QT-202412-00071,"","2025-12-04",Active
SO0000176,SO-202405-00072,"2025-05-14","10013",沈阳农达农业有限公司,10,P0009,UAV-BF-IND-H20,UAV-BF-IND-H20,5,台,45999,"0.0%",45999,229995,已发货,已确认,直销,销售一部,谢文,"2025-06-24",否,"","",沈阳农达农业有限公司,QT-202405-00072,"","2025-05-14",Active
SO0000177,SO-202405-00072,"2025-05-14","10013",沈阳农达农业有限公司,20,P0006,UAV-JF-ENT-AG,UAV-JF-ENT-AG,2,台,22999,"0.0%",22999,45998,已发货,已确认,直销,销售一部,谢文,"2025-06-11",否,"","",沈阳农达农业有限公司,QT-202405-00072,"","2025-05-14",Active
SO0000178,SO-202303-00073,"2025-03-08","10013",沈阳农达农业有限公司,10,P0006,UAV-JF-ENT-AG,UAV-JF-ENT-AG,2,台,22999,"0.0%",22999,45998,已发货,已确认,直销,销售一部,杨帆,"2025-03-30",否,"","",沈阳农达农业有限公司,QT-202303-00073,"","2025-03-08",Active
SO0000179,SO-202412-00074,"2025-12-08","10013",沈阳农达农业有限公司,10,P0009,UAV-BF-IND-H20,UAV-BF-IND-H20,1,台,45999,"0.0%",45999,45999,已发货,已确认,直销,销售一部,郑海,"2025-12-11",是,"","",沈阳农达农业有限公司,QT-202411-00582,"","2025-12-08",Active
SO0000180,SO-202407-00075,"2025-07-28","10014",深圳农达农机股份有限公司,10,P0009,UAV-BF-IND-H20,UAV-BF-IND-H20,1,台,45999,"0.0%",45999,45999,已发货,已确认,直销,销售一部,冯涛,"2025-09-23",否,"","",深圳农达农机股份有限公司,QT-202407-00543,"","2025-07-28",Active
SO0000181,SO-202407-00075,"2025-07-28","10014",深圳农达农机股份有限公司,20,P0006,UAV-JF-ENT-AG,UAV-JF-ENT-AG,5,台,22999,"0.0%",22999,114995,已发货,已确认,直销,销售一部,冯涛,"2025-08-16",否,"","",深圳农达农机股份有限公司,QT-202407-00543,"","2025-07-28",Active
SO0000182,SO-202402-00076,"2025-02-01","10014",深圳农达农机股份有限公司,10,P0010,UAV-BF-IND-H30,UAV-BF-IND-H30,9,台,58999,"0.0%",58999,530991,已发货,已确认,项目销售,销售一部,蒋敏,"2025-03-10",否,HT-2024-007,济南市农业合作社应用项目,深圳农达农机股份有限公司,QT-202401-00572,"","2025-02-01",Active
SO0000183,SO-202402-00076,"2025-02-01","10014",深圳农达农机股份有限公司,20,P0006,UAV-JF-ENT-AG,UAV-JF-ENT-AG,5,台,22999,"0.0%",22999,114995,已发货,已确认,项目销售,销售一部,蒋敏,"2025-02-21",否,HT-2024-007,济南市农业合作社应用项目,深圳农达农机股份有限公司,QT-202401-00572,"","2025-02-01",Active
SO0000184,SO-202402-00076,"2025-02-01","10014",深圳农达农机股份有限公司,30,P0009,UAV-BF-IND-H20,UAV-BF-IND-H20,12,台,45999,"9.4%",41675,500101,已发货,已确认,项目销售,销售一部,蒋敏,"2025-03-23",否,HT-2024-007,济南市农业合作社应用项目,深圳农达农机股份有限公司,QT-202401-00572,"","2025-02-01",Active
SO0000185,SO-202410-00077,"2025-10-10","10015",重庆绿地植保科技有限公司,10,P0006,UAV-JF-ENT-AG,UAV-JF-ENT-AG,14,台,22999,"13.6%",19871,278196,已发货,已确认,项目销售,销售一部,钱进,"2025-11-27",否,HT-2024-100,重庆绿地植保科技有限公司设备采购项目,重庆绿地植保科技有限公司,QT-202409-00591,"","2025-10-10",Active
SO0000186,SO-202410-00077,"2025-10-10","10015",重庆绿地植保科技有限公司,20,P0010,UAV-BF-IND-H30,UAV-BF-IND-H30,14,台,58999,"10.3%",52922,740909,已发货,已确认,项目销售,销售一部,钱进,"2025-11-15",否,HT-2024-100,重庆绿地植保科技有限公司设备采购项目,重庆绿地植保科技有限公司,QT-202409-00591,"","2025-10-10",Active
SO0000187,SO-202410-00077,"2025-10-10","10015",重庆绿地植保科技有限公司,30,P0009,UAV-BF-IND-H20,UAV-BF-IND-H20,19,台,45999,"7.2%",42687,811054,已发货,已确认,项目销售,销售一部,钱进,"2025-12-08",否,HT-2024-100,重庆绿地植保科技有限公司设备采购项目,重庆绿地植保科技有限公司,QT-202409-00591,"","2025-10-10",Active
SO0000188,SO-202303-00078,"2025-03-24","10015",重庆绿地植保科技有限公司,10,P0009,UAV-BF-IND-H20,UAV-BF-IND-H20,9,台,45999,"14.4%",39375,354376,已发货,已确认,项目销售,销售一部,冯涛,"2025-05-19",否,HT-2023-434,重庆绿地植保科技有限公司设备采购项目,重庆绿地植保科技有限公司,QT-202303-00599,"","2025-03-24",Active
SO0000189,SO-202303-00078,"2025-03-24","10015",重庆绿地植保科技有限公司,20,P0006,UAV-JF-ENT-AG,UAV-JF-ENT-AG,3,台,22999,"9.0%",20929,62787,已发货,已确认,项目销售,销售一部,冯涛,"2025-04-19",否,HT-2023-434,重庆绿地植保科技有限公司设备采购项目,重庆绿地植保科技有限公司,QT-202303-00599,"","2025-03-24",Active
SO0000190,SO-202403-00079,"2025-03-20","10015",重庆绿地植保科技有限公司,10,P0006,UAV-JF-ENT-AG,UAV-JF-ENT-AG,13,台,22999,"5.5%",21734,282543,已发货,已确认,项目销售,销售一部,贾斌,"2025-05-03",否,HT-2024-252,郑州市农场主应用项目,重庆绿地植保科技有限公司,QT-202403-00545,"","2025-03-20",Active
SO0000191,SO-202403-00079,"2025-03-20","10015",重庆绿地植保科技有限公司,20,P0009,UAV-BF-IND-H20,UAV-BF-IND-H20,13,台,45999,"5.8%",43331,563304,已发货,已确认,项目销售,销售一部,贾斌,"2025-05-06",否,HT-2024-252,郑州市农场主应用项目,重庆绿地植保科技有限公司,QT-202403-00545,"","2025-03-20",Active
SO0000192,SO-202403-00079,"2025-03-20","10015",重庆绿地植保科技有限公司,30,P0010,UAV-BF-IND-H30,UAV-BF-IND-H30,14,台,58999,"7.9%",54338,760733,已发货,已确认,项目销售,销售一部,贾斌,"2025-05-01",否,HT-2024-252,郑州市农场主应用项目,重庆绿地植保科技有限公司,QT-202403-00545,"","2025-03-20",Active
SO0000193,SO-202303-00080,"2025-03-30","10015",重庆绿地植保科技有限公司,10,P0009,UAV-BF-IND-H20,UAV-BF-IND-H20,9,台,45999,"7.6%",42503,382528,已发货,已确认,项目销售,销售一部,曹磊,"2025-05-09",否,HT-2023-048,重庆绿地植保科技有限公司设备采购项目,重庆绿地植保科技有限公司,QT-202303-00600,"","2025-03-30",Active
SO0000194,SO-202303-00080,"2025-03-30","10015",重庆绿地植保科技有限公司,20,P0006,UAV-JF-ENT-AG,UAV-JF-ENT-AG,12,台,22999,"14.4%",19687,236246,已发货,已确认,项目销售,销售一部,曹磊,"2025-05-09",否,HT-2023-048,重庆绿地植保科技有限公司设备采购项目,重庆绿地植保科技有限公司,QT-202303-00600,"","2025-03-30",Active
SO0000195,SO-202303-00080,"2025-03-30","10015",重庆绿地植保科技有限公司,30,P0010,UAV-BF-IND-H30,UAV-BF-IND-H30,10,台,58999,"6.8%",54987,549871,已发货,已确认,项目销售,销售一部,曹磊,"2025-05-19",否,HT-2023-048,重庆绿地植保科技有限公司设备采购项目,重庆绿地植保科技有限公司,QT-202303-00600,"","2025-03-30",Active
SO0000196,SO-202304-00081,"2025-04-08","10015",重庆绿地植保科技有限公司,10,P0010,UAV-BF-IND-H30,UAV-BF-IND-H30,20,台,58999,"11.9%",51978,1039562,已取消,已取消,项目销售,销售一部,贾斌,"2025-06-03",否,HT-2023-005,"2023年郑州市农业项目",重庆绿地植保科技有限公司,QT-202304-00081,"","2025-04-08",Active
SO0000197,SO-202304-00081,"2025-04-08","10015",重庆绿地植保科技有限公司,20,P0009,UAV-BF-IND-H20,UAV-BF-IND-H20,17,台,45999,"6.7%",42917,729590,已取消,已取消,项目销售,销售一部,贾斌,"2025-05-03",否,HT-2023-005,"2023年郑州市农业项目",重庆绿地植保科技有限公司,QT-202304-00081,"","2025-04-08",Active
SO0000198,SO-202409-00082,"2025-09-28","10015",重庆绿地植保科技有限公司,10,P0009,UAV-BF-IND-H20,UAV-BF-IND-H20,11,台,45999,"12.3%",40341,443752,已发货,已确认,项目销售,销售一部,周杰,"2025-10-19",否,HT-2024-059,重庆绿地植保科技有限公司设备采购项目,重庆绿地植保科技有限公司,QT-202409-00587,"","2025-09-28",Active
SO0000199,SO-202409-00082,"2025-09-28","10015",重庆绿地植保科技有限公司,20,P0010,UAV-BF-IND-H30,UAV-BF-IND-H30,7,台,58999,"11.4%",52273,365912,已发货,已确认,项目销售,销售一部,周杰,"2025-11-03",否,HT-2024-059,重庆绿地植保科技有限公司设备采购项目,重庆绿地植保科技有限公司,QT-202409-00587,"","2025-09-28",Active
SO0000200,SO-202405-00083,"2025-05-06","10015",重庆绿地植保科技有限公司,10,P0006,UAV-JF-ENT-AG,UAV-JF-ENT-AG,5,台,22999,"9.6%",20791,103956,已发货,已确认,直销,销售一部,曹磊,"2025-05-25",否,"","",重庆绿地植保科技有限公司,QT-202405-00083,"","2025-05-06",Active
SO0000201,SO-202405-00083,"2025-05-06","10015",重庆绿地植保科技有限公司,20,P0009,UAV-BF-IND-H20,UAV-BF-IND-H20,6,台,45999,"9.0%",41859,251155,已发货,已确认,直销,销售一部,曹磊,"2025-06-09",否,"","",重庆绿地植保科技有限公司,QT-202405-00083,"","2025-05-06",Active
SO0000202,SO-202305-00084,"2025-05-09","10015",重庆绿地植保科技有限公司,10,P0010,UAV-BF-IND-H30,UAV-BF-IND-H30,12,台,58999,"12.3%",51742,620905,已发货,已确认,项目销售,销售一部,王强,"2025-06-29",否,HT-2023-428,"2023年郑州市农业项目",重庆绿地植保科技有限公司,QT-202304-00592,"","2025-05-09",Active
SO0000203,SO-202305-00084,"2025-05-09","10015",重庆绿地植保科技有限公司,20,P0006,UAV-JF-ENT-AG,UAV-JF-ENT-AG,12,台,22999,"14.6%",19641,235694,已发货,已确认,项目销售,销售一部,王强,"2025-06-23",否,HT-2023-428,"2023年郑州市农业项目",重庆绿地植保科技有限公司,QT-202304-00592,"","2025-05-09",Active
SO0000204,SO-202305-00084,"2025-05-09","10015",重庆绿地植保科技有限公司,30,P0009,UAV-BF-IND-H20,UAV-BF-IND-H20,6,台,45999,"14.5%",39329,235975,已发货,已确认,项目销售,销售一部,王强,"2025-05-29",否,HT-2023-428,"2023年郑州市农业项目",重庆绿地植保科技有限公司,QT-202304-00592,"","2025-05-09",Active
SO0000205,SO-202403-00085,"2025-03-21","10015",重庆绿地植保科技有限公司,10,P0006,UAV-JF-ENT-AG,UAV-JF-ENT-AG,9,台,22999,"10.0%",20699,186292,已发货,已确认,直销,销售一部,王强,"2025-04-25",否,"","",重庆绿地植保科技有限公司,QT-202403-00546,"","2025-03-21",Active
SO0000206,SO-202403-00085,"2025-03-21","10015",重庆绿地植保科技有限公司,20,P0009,UAV-BF-IND-H20,UAV-BF-IND-H20,9,台,45999,"7.7%",42457,382114,已发货,已确认,直销,销售一部,王强,"2025-04-13",否,"","",重庆绿地植保科技有限公司,QT-202403-00546,"","2025-03-21",Active
SO0000207,SO-202403-00085,"2025-03-21","10015",重庆绿地植保科技有限公司,30,P0010,UAV-BF-IND-H30,UAV-BF-IND-H30,4,台,58999,"11.7%",52096,208384,已发货,已确认,直销,销售一部,王强,"2025-05-07",否,"","",重庆绿地植保科技有限公司,QT-202403-00546,"","2025-03-21",Active
SO0000208,SO-202305-00086,"2025-05-14","10015",重庆绿地植保科技有限公司,10,P0010,UAV-BF-IND-H30,UAV-BF-IND-H30,5,台,58999,"9.1%",53630,268150,已发货,已确认,项目销售,销售一部,吴磊,"2025-06-22",否,HT-2023-200,郑州市农场主应用项目,重庆绿地植保科技有限公司,QT-202305-00086,"","2025-05-14",Active
SO0000209,SO-202305-00086,"2025-05-14","10015",重庆绿地植保科技有限公司,20,P0006,UAV-JF-ENT-AG,UAV-JF-ENT-AG,10,台,22999,"9.1%",20906,209061,已发货,已确认,项目销售,销售一部,吴磊,"2025-05-31",否,HT-2023-200,郑州市农场主应用项目,重庆绿地植保科技有限公司,QT-202305-00086,"","2025-05-14",Active
SO0000210,SO-202303-00087,"2025-03-06","10015",重庆绿地植保科技有限公司,10,P0006,UAV-JF-ENT-AG,UAV-JF-ENT-AG,4,台,22999,"6.1%",21596,86384,已发货,已确认,项目销售,销售一部,袁琳,"2025-03-26",否,HT-2023-149,郑州市农场主应用项目,重庆绿地植保科技有限公司,QT-202303-00087,"","2025-03-06",Active
SO0000211,SO-202303-00087,"2025-03-06","10015",重庆绿地植保科技有限公司,20,P0010,UAV-BF-IND-H30,UAV-BF-IND-H30,12,台,58999,"6.2%",55341,664093,已发货,已确认,项目销售,销售一部,袁琳,"2025-05-03",否,HT-2023-149,郑州市农场主应用项目,重庆绿地植保科技有限公司,QT-202303-00087,"","2025-03-06",Active
SO0000212,SO-202303-00087,"2025-03-06","10015",重庆绿地植保科技有限公司,30,P0009,UAV-BF-IND-H20,UAV-BF-IND-H20,9,台,45999,"7.3%",42641,383770,已发货,已确认,项目销售,销售一部,袁琳,"2025-03-31",否,HT-2023-149,郑州市农场主应用项目,重庆绿地植保科技有限公司,QT-202303-00087,"","2025-03-06",Active
SO0000213,SO-202403-00088,"2025-03-24","10015",重庆绿地植保科技有限公司,10,P0009,UAV-BF-IND-H20,UAV-BF-IND-H20,14,台,45999,"11.4%",40755,570572,已发货,已确认,项目销售,销售一部,冯涛,"2025-05-05",否,HT-2024-070,郑州市农场主应用项目,重庆绿地植保科技有限公司,QT-202403-00088,"","2025-03-24",Active
SO0000214,SO-202403-00088,"2025-03-24","10015",重庆绿地植保科技有限公司,20,P0006,UAV-JF-ENT-AG,UAV-JF-ENT-AG,3,台,22999,"6.1%",21596,64788,已发货,已确认,项目销售,销售一部,冯涛,"2025-05-21",否,HT-2024-070,郑州市农场主应用项目,重庆绿地植保科技有限公司,QT-202403-00088,"","2025-03-24",Active
SO0000215,SO-202403-00088,"2025-03-24","10015",重庆绿地植保科技有限公司,30,P0010,UAV-BF-IND-H30,UAV-BF-IND-H30,17,台,58999,"12.6%",51565,876607,已发货,已确认,项目销售,销售一部,冯涛,"2025-05-17",否,HT-2024-070,郑州市农场主应用项目,重庆绿地植保科技有限公司,QT-202403-00088,"","2025-03-24",Active
SO0000216,SO-202311-00089,"2025-11-02","10015",重庆绿地植保科技有限公司,10,P0006,UAV-JF-ENT-AG,UAV-JF-ENT-AG,4,台,22999,"7.0%",21389,85556,已发货,已确认,直销,销售一部,钱进,"2025-11-26",否,"","",重庆绿地植保科技有限公司,QT-202310-00566,"","2025-11-02",Active
SO0000217,SO-202311-00089,"2025-11-02","10015",重庆绿地植保科技有限公司,20,P0010,UAV-BF-IND-H30,UAV-BF-IND-H30,7,台,58999,"9.5%",53394,373759,已发货,已确认,直销,销售一部,钱进,"2025-11-22",否,"","",重庆绿地植保科技有限公司,QT-202310-00566,"","2025-11-02",Active
SO0000218,SO-202311-00089,"2025-11-02","10015",重庆绿地植保科技有限公司,30,P0009,UAV-BF-IND-H20,UAV-BF-IND-H20,10,台,45999,"14.1%",39513,395131,已发货,已确认,直销,销售一部,钱进,"2025-12-07",否,"","",重庆绿地植保科技有限公司,QT-202310-00566,"","2025-11-02",Active
SO0000219,SO-202403-00090,"2025-03-11","10015",重庆绿地植保科技有限公司,10,P0009,UAV-BF-IND-H20,UAV-BF-IND-H20,13,台,45999,"9.2%",41767,542972,已发货,已确认,项目销售,销售一部,杨帆,"2025-04-17",否,HT-2024-263,"2024年郑州市农业项目",重庆绿地植保科技有限公司,QT-202403-00090,"","2025-03-11",Active
SO0000220,SO-202403-00090,"2025-03-11","10015",重庆绿地植保科技有限公司,20,P0006,UAV-JF-ENT-AG,UAV-JF-ENT-AG,4,台,22999,"14.3%",19710,78841,已发货,已确认,项目销售,销售一部,杨帆,"2025-05-10",否,HT-2024-263,"2024年郑州市农业项目",重庆绿地植保科技有限公司,QT-202403-00090,"","2025-03-11",Active
SO0000221,SO-202403-00090,"2025-03-11","10015",重庆绿地植保科技有限公司,30,P0010,UAV-BF-IND-H30,UAV-BF-IND-H30,19,台,58999,"12.4%",51683,981979,已发货,已确认,项目销售,销售一部,杨帆,"2025-04-25",否,HT-2024-263,"2024年郑州市农业项目",重庆绿地植保科技有限公司,QT-202403-00090,"","2025-03-11",Active
SO0000222,SO-202307-00091,"2025-07-18","10015",重庆绿地植保科技有限公司,10,P0009,UAV-BF-IND-H20,UAV-BF-IND-H20,20,台,45999,"14.6%",39283,785663,已发货,已确认,项目销售,销售一部,赵敏,"2025-08-20",否,HT-2023-478,郑州市农场主应用项目,重庆绿地植保科技有限公司,QT-202307-00509,"","2025-07-18",Active
SO0000223,SO-202307-00091,"2025-07-18","10015",重庆绿地植保科技有限公司,20,P0006,UAV-JF-ENT-AG,UAV-JF-ENT-AG,9,台,22999,"10.9%",20492,184429,已发货,已确认,项目销售,销售一部,赵敏,"2025-09-10",否,HT-2023-478,郑州市农场主应用项目,重庆绿地植保科技有限公司,QT-202307-00509,"","2025-07-18",Active
SO0000224,SO-202307-00091,"2025-07-18","10015",重庆绿地植保科技有限公司,30,P0010,UAV-BF-IND-H30,UAV-BF-IND-H30,9,台,58999,"10.6%",52745,474706,已发货,已确认,项目销售,销售一部,赵敏,"2025-09-03",否,HT-2023-478,郑州市农场主应用项目,重庆绿地植保科技有限公司,QT-202307-00509,"","2025-07-18",Active
SO0000225,SO-202309-00092,"2025-09-14","10016",上海沃土农资技术有限公司,10,P0009,UAV-BF-IND-H20,UAV-BF-IND-H20,4,台,45999,"0.0%",45999,183996,已发货,已确认,直销,销售一部,赵敏,"2025-10-31",否,"","",上海沃土农资技术有限公司,QT-202309-00092,"","2025-09-14",Active
SO0000226,SO-202309-00092,"2025-09-14","10016",上海沃土农资技术有限公司,20,P0006,UAV-JF-ENT-AG,UAV-JF-ENT-AG,4,台,22999,"0.0%",22999,91996,已发货,已确认,直销,销售一部,赵敏,"2025-10-15",否,"","",上海沃土农资技术有限公司,QT-202309-00092,"","2025-09-14",Active
SO0000227,SO-202304-00093,"2025-04-13","10016",上海沃土农资技术有限公司,10,P0010,UAV-BF-IND-H30,UAV-BF-IND-H30,12,台,58999,"4.4%",56403,676836,已发货,已确认,项目销售,销售一部,郑海,"2025-06-02",否,HT-2023-249,上海沃土农资技术有限公司设备采购项目,上海沃土农资技术有限公司,QT-202304-00578,"","2025-04-13",Active
SO0000228,SO-202304-00093,"2025-04-13","10016",上海沃土农资技术有限公司,20,P0006,UAV-JF-ENT-AG,UAV-JF-ENT-AG,3,台,22999,"0.0%",22999,68997,已发货,已确认,项目销售,销售一部,郑海,"2025-05-07",否,HT-2023-249,上海沃土农资技术有限公司设备采购项目,上海沃土农资技术有限公司,QT-202304-00578,"","2025-04-13",Active
SO0000229,SO-202306-00094,"2025-06-06","10016",上海沃土农资技术有限公司,10,P0009,UAV-BF-IND-H20,UAV-BF-IND-H20,10,台,45999,"5.4%",43515,435151,已发货,已确认,项目销售,销售一部,袁琳,"2025-06-25",否,HT-2023-220,"2023年襄阳市农业项目",上海沃土农资技术有限公司,QT-202306-00094,"","2025-06-06",Active
SO0000230,SO-202306-00094,"2025-06-06","10016",上海沃土农资技术有限公司,20,P0010,UAV-BF-IND-H30,UAV-BF-IND-H30,12,台,58999,"6.9%",54928,659137,已发货,已确认,项目销售,销售一部,袁琳,"2025-07-20",否,HT-2023-220,"2023年襄阳市农业项目",上海沃土农资技术有限公司,QT-202306-00094,"","2025-06-06",Active
SO0000231,SO-202405-00095,"2025-05-22","10016",上海沃土农资技术有限公司,10,P0009,UAV-BF-IND-H20,UAV-BF-IND-H20,4,台,45999,"0.0%",45999,183996,已发货,已确认,直销,销售一部,吴磊,"2025-07-05",否,"","",上海沃土农资技术有限公司,QT-202405-00536,"","2025-05-22",Active
SO0000232,SO-202405-00096,"2025-05-13","10016",上海沃土农资技术有限公司,10,P0006,UAV-JF-ENT-AG,UAV-JF-ENT-AG,2,台,22999,"0.0%",22999,45998,已发货,已确认,直销,销售一部,谢文,"2025-06-03",否,"","",上海沃土农资技术有限公司,QT-202405-00537,"","2025-05-13",Active
SO0000233,SO-202405-00096,"2025-05-13","10016",上海沃土农资技术有限公司,20,P0010,UAV-BF-IND-H30,UAV-BF-IND-H30,4,台,58999,"0.0%",58999,235996,已发货,已确认,直销,销售一部,谢文,"2025-06-24",否,"","",上海沃土农资技术有限公司,QT-202405-00537,"","2025-05-13",Active
SO0000234,SO-202305-00097,"2025-05-21","10017",深圳沃土农资科技有限公司,10,P0009,UAV-BF-IND-H20,UAV-BF-IND-H20,3,台,45999,"0.0%",45999,137997,已发货,已确认,直销,销售一部,王强,"2025-06-09",否,"","",深圳沃土农资科技有限公司,QT-202305-00602,"","2025-05-21",Active
SO0000235,SO-202407-00098,"2025-07-18","10017",深圳沃土农资科技有限公司,10,P0009,UAV-BF-IND-H20,UAV-BF-IND-H20,20,台,45999,"9.1%",41813,836262,已发货,已确认,项目销售,销售一部,吴磊,"2025-08-31",否,HT-2024-335,"2024年重庆市农业项目",深圳沃土农资科技有限公司,QT-202407-00098,"","2025-07-18",Active
SO0000236,SO-202407-00098,"2025-07-18","10017",深圳沃土农资科技有限公司,20,P0010,UAV-BF-IND-H30,UAV-BF-IND-H30,6,台,58999,"0.0%",58999,353994,已发货,已确认,项目销售,销售一部,吴磊,"2025-09-05",否,HT-2024-335,"2024年重庆市农业项目",深圳沃土农资科技有限公司,QT-202407-00098,"","2025-07-18",Active
SO0000237,SO-202407-00098,"2025-07-18","10017",深圳沃土农资科技有限公司,30,P0006,UAV-JF-ENT-AG,UAV-JF-ENT-AG,5,台,22999,"0.0%",22999,114995,已发货,已确认,项目销售,销售一部,吴磊,"2025-09-01",否,HT-2024-335,"2024年重庆市农业项目",深圳沃土农资科技有限公司,QT-202407-00098,"","2025-07-18",Active
SO0000238,SO-202310-00099,"2025-10-25","10017",深圳沃土农资科技有限公司,10,P0010,UAV-BF-IND-H30,UAV-BF-IND-H30,2,台,58999,"0.0%",58999,117998,已发货,已确认,直销,销售一部,刘洋,"2025-11-29",否,"","",深圳沃土农资科技有限公司,QT-202310-00099,"","2025-10-25",Active
SO0000239,SO-202305-00100,"2025-05-19","10017",深圳沃土农资科技有限公司,10,P0010,UAV-BF-IND-H30,UAV-BF-IND-H30,4,台,58999,"0.0%",58999,235996,已发货,已确认,直销,销售一部,曹磊,"2025-06-06",否,"","",深圳沃土农资科技有限公司,QT-202305-00603,"","2025-05-19",Active
SO0000240,SO-202305-00101,"2025-05-03","10018",郑州绿洲农服技术有限公司,10,P0009,UAV-BF-IND-H20,UAV-BF-IND-H20,2,台,45999,"0.0%",45999,91998,已发货,已确认,直销,销售一部,王强,"2025-05-21",是,"","",郑州绿洲农服技术有限公司,QT-202304-00593,"","2025-05-03",Active
SO0000241,SO-202305-00101,"2025-05-03","10018",郑州绿洲农服技术有限公司,20,P0010,UAV-BF-IND-H30,UAV-BF-IND-H30,2,台,58999,"0.0%",58999,117998,已发货,已确认,直销,销售一部,王强,"2025-05-19",是,"","",郑州绿洲农服技术有限公司,QT-202304-00593,"","2025-05-03",Active
SO0000242,SO-202404-00102,"2025-04-30","10018",郑州绿洲农服技术有限公司,10,P0009,UAV-BF-IND-H20,UAV-BF-IND-H20,2,台,45999,"0.0%",45999,91998,已取消,已取消,直销,销售一部,李娜,"2025-05-20",否,"","",郑州绿洲农服技术有限公司,QT-202404-00102,"","2025-04-30",Active
SO0000243,SO-202404-00102,"2025-04-30","10018",郑州绿洲农服技术有限公司,20,P0010,UAV-BF-IND-H30,UAV-BF-IND-H30,2,台,58999,"0.0%",58999,117998,已取消,已取消,直销,销售一部,李娜,"2025-05-19",否,"","",郑州绿洲农服技术有限公司,QT-202404-00102,"","2025-04-30",Active
SO0000244,SO-202403-00103,"2025-03-23","10018",郑州绿洲农服技术有限公司,10,P0009,UAV-BF-IND-H20,UAV-BF-IND-H20,3,台,45999,"0.0%",45999,137997,已发货,已确认,直销,销售一部,冯涛,"2025-05-22",否,"","",郑州绿洲农服技术有限公司,QT-202403-00103,"","2025-03-23",Active
SO0000245,SO-202403-00103,"2025-03-23","10018",郑州绿洲农服技术有限公司,20,P0006,UAV-JF-ENT-AG,UAV-JF-ENT-AG,4,台,22999,"0.0%",22999,91996,已发货,已确认,直销,销售一部,冯涛,"2025-05-03",否,"","",郑州绿洲农服技术有限公司,QT-202403-00103,"","2025-03-23",Active
SO0000246,SO-202308-00104,"2025-08-17","10018",郑州绿洲农服技术有限公司,10,P0010,UAV-BF-IND-H30,UAV-BF-IND-H30,3,台,58999,"0.0%",58999,176997,已发货,已确认,直销,销售一部,曹磊,"2025-09-12",否,"","",郑州绿洲农服技术有限公司,QT-202308-00338,"","2025-08-17",Active
SO0000247,SO-202403-00105,"2025-03-18","10018",郑州绿洲农服技术有限公司,10,P0006,UAV-JF-ENT-AG,UAV-JF-ENT-AG,4,台,22999,"0.0%",22999,91996,已发货,已确认,直销,销售一部,陈静,"2025-04-23",否,"","",郑州绿洲农服技术有限公司,QT-202403-00105,"","2025-03-18",Active
SO0000248,SO-202305-00106,"2025-05-02","10019",成都益农农机服务有限公司,10,P0006,UAV-JF-ENT-AG,UAV-JF-ENT-AG,3,台,22999,"0.0%",22999,68997,已发货,已确认,直销,销售一部,周杰,"2025-06-12",否,"","",成都益农农机服务有限公司,QT-202304-00594,"","2025-05-02",Active
SO0000249,SO-202305-00106,"2025-05-02","10019",成都益农农机服务有限公司,20,P0010,UAV-BF-IND-H30,UAV-BF-IND-H30,4,台,58999,"0.0%",58999,235996,已发货,已确认,直销,销售一部,周杰,"2025-06-16",否,"","",成都益农农机服务有限公司,QT-202304-00594,"","2025-05-02",Active
SO0000250,SO-202403-00107,"2025-03-21","10019",成都益农农机服务有限公司,10,P0010,UAV-BF-IND-H30,UAV-BF-IND-H30,4,台,58999,"0.0%",58999,235996,已发货,已确认,直销,销售一部,张伟,"2025-04-27",否,"","",成都益农农机服务有限公司,QT-202403-00547,"","2025-03-21",Active
SO0000251,SO-202305-00108,"2025-05-14","10019",成都益农农机服务有限公司,10,P0006,UAV-JF-ENT-AG,UAV-JF-ENT-AG,1,台,22999,"0.0%",22999,22999,已发货,已确认,直销,销售一部,李娜,"2025-07-10",否,"","",成都益农农机服务有限公司,QT-202305-00604,"","2025-05-14",Active
SO0000252,SO-202305-00108,"2025-05-14","10019",成都益农农机服务有限公司,20,P0010,UAV-BF-IND-H30,UAV-BF-IND-H30,5,台,58999,"0.0%",58999,294995,已发货,已确认,直销,销售一部,李娜,"2025-07-07",否,"","",成都益农农机服务有限公司,QT-202305-00604,"","2025-05-14",Active
SO0000253,SO-202411-00109,"2025-11-08","10019",成都益农农机服务有限公司,10,P0009,UAV-BF-IND-H20,UAV-BF-IND-H20,3,台,45999,"0.0%",45999,137997,已发货,已确认,直销,销售一部,郑海,"2025-11-23",否,"","",成都益农农机服务有限公司,QT-202411-00109,"","2025-11-08",Active
SO0000254,SO-202409-00110,"2025-09-07","10019",成都益农农机服务有限公司,10,P0009,UAV-BF-IND-H20,UAV-BF-IND-H20,15,台,45999,"9.1%",41813,627196,已发货,已确认,项目销售,销售一部,刘洋,"2025-11-04",否,HT-2024-338,沈阳市种植大户应用项目,成都益农农机服务有限公司,QT-202408-00528,"","2025-09-07",Active
SO0000255,SO-202409-00110,"2025-09-07","10019",成都益农农机服务有限公司,20,P0006,UAV-JF-ENT-AG,UAV-JF-ENT-AG,9,台,22999,"0.0%",22999,206991,已发货,已确认,项目销售,销售一部,刘洋,"2025-10-08",否,HT-2024-338,沈阳市种植大户应用项目,成都益农农机服务有限公司,QT-202408-00528,"","2025-09-07",Active
SO0000256,SO-202409-00110,"2025-09-07","10019",成都益农农机服务有限公司,30,P0010,UAV-BF-IND-H30,UAV-BF-IND-H30,5,台,58999,"0.0%",58999,294995,已发货,已确认,项目销售,销售一部,刘洋,"2025-10-20",否,HT-2024-338,沈阳市种植大户应用项目,成都益农农机服务有限公司,QT-202408-00528,"","2025-09-07",Active
SO0000257,SO-202409-00111,"2025-09-02","10020",南京田园农科服务有限公司,10,P0010,UAV-BF-IND-H30,UAV-BF-IND-H30,6,台,58999,"12.8%",51447,308683,已发货,已确认,项目销售,销售一部,袁琳,"2025-09-29",否,HT-2024-268,无锡市种植大户应用项目,南京田园农科服务有限公司,QT-202409-00111,"","2025-09-02",Active
SO0000258,SO-202409-00111,"2025-09-02","10020",南京田园农科服务有限公司,20,P0009,UAV-BF-IND-H20,UAV-BF-IND-H20,18,台,45999,"8.0%",42319,761743,已发货,已确认,项目销售,销售一部,袁琳,"2025-09-27",否,HT-2024-268,无锡市种植大户应用项目,南京田园农科服务有限公司,QT-202409-00111,"","2025-09-02",Active
SO0000259,SO-202409-00111,"2025-09-02","10020",南京田园农科服务有限公司,30,P0006,UAV-JF-ENT-AG,UAV-JF-ENT-AG,12,台,22999,"11.2%",20423,245077,已发货,已确认,项目销售,销售一部,袁琳,"2025-10-09",否,HT-2024-268,无锡市种植大户应用项目,南京田园农科服务有限公司,QT-202409-00111,"","2025-09-02",Active
SO0000260,SO-202305-00112,"2025-05-19","10020",南京田园农科服务有限公司,10,P0006,UAV-JF-ENT-AG,UAV-JF-ENT-AG,8,台,22999,"14.8%",19595,156761,已发货,已确认,项目销售,销售一部,谢文,"2025-06-22",否,HT-2023-309,无锡市种植大户应用项目,南京田园农科服务有限公司,QT-202305-00605,"","2025-05-19",Active
SO0000261,SO-202305-00112,"2025-05-19","10020",南京田园农科服务有限公司,20,P0010,UAV-BF-IND-H30,UAV-BF-IND-H30,8,台,58999,"8.0%",54279,434233,已发货,已确认,项目销售,销售一部,谢文,"2025-07-14",否,HT-2023-309,无锡市种植大户应用项目,南京田园农科服务有限公司,QT-202305-00605,"","2025-05-19",Active
SO0000262,SO-202305-00112,"2025-05-19","10020",南京田园农科服务有限公司,30,P0009,UAV-BF-IND-H20,UAV-BF-IND-H20,19,台,45999,"10.9%",40985,778717,已发货,已确认,项目销售,销售一部,谢文,"2025-06-25",否,HT-2023-309,无锡市种植大户应用项目,南京田园农科服务有限公司,QT-202305-00605,"","2025-05-19",Active
SO0000263,SO-202304-00113,"2025-04-18","10020",南京田园农科服务有限公司,10,P0010,UAV-BF-IND-H30,UAV-BF-IND-H30,8,台,58999,"5.7%",55636,445088,已发货,已确认,项目销售,销售一部,曹磊,"2025-06-01",否,HT-2023-180,无锡市种植大户应用项目,南京田园农科服务有限公司,QT-202304-00113,"","2025-04-18",Active
SO0000264,SO-202304-00113,"2025-04-18","10020",南京田园农科服务有限公司,20,P0009,UAV-BF-IND-H20,UAV-BF-IND-H20,18,台,45999,"11.3%",40801,734420,已发货,已确认,项目销售,销售一部,曹磊,"2025-06-07",否,HT-2023-180,无锡市种植大户应用项目,南京田园农科服务有限公司,QT-202304-00113,"","2025-04-18",Active
SO0000265,SO-202304-00113,"2025-04-18","10020",南京田园农科服务有限公司,30,P0006,UAV-JF-ENT-AG,UAV-JF-ENT-AG,12,台,22999,"13.4%",19917,239006,已发货,已确认,项目销售,销售一部,曹磊,"2025-05-30",否,HT-2023-180,无锡市种植大户应用项目,南京田园农科服务有限公司,QT-202304-00113,"","2025-04-18",Active
SO0000266,SO-202303-00114,"2025-03-31","10020",南京田园农科服务有限公司,10,P0009,UAV-BF-IND-H20,UAV-BF-IND-H20,8,台,45999,"5.0%",43699,349592,已发货,已确认,项目销售,销售一部,郑海,"2025-04-21",否,HT-2023-381,"2023年无锡市农业项目",南京田园农科服务有限公司,QT-202303-00601,"","2025-03-31",Active
SO0000267,SO-202303-00114,"2025-03-31","10020",南京田园农科服务有限公司,20,P0010,UAV-BF-IND-H30,UAV-BF-IND-H30,7,台,58999,"8.5%",53984,377889,已发货,已确认,项目销售,销售一部,郑海,"2025-05-24",否,HT-2023-381,"2023年无锡市农业项目",南京田园农科服务有限公司,QT-202303-00601,"","2025-03-31",Active
SO0000268,SO-202303-00114,"2025-03-31","10020",南京田园农科服务有限公司,30,P0006,UAV-JF-ENT-AG,UAV-JF-ENT-AG,9,台,22999,"14.0%",19779,178012,已发货,已确认,项目销售,销售一部,郑海,"2025-05-24",否,HT-2023-381,"2023年无锡市农业项目",南京田园农科服务有限公司,QT-202303-00601,"","2025-03-31",Active
SO0000269,SO-202404-00115,"2025-04-10","10020",南京田园农科服务有限公司,10,P0010,UAV-BF-IND-H30,UAV-BF-IND-H30,6,台,58999,"8.3%",54102,324612,已发货,已确认,项目销售,销售一部,钱进,"2025-05-21",否,HT-2024-275,南京田园农科服务有限公司设备采购项目,南京田园农科服务有限公司,QT-202403-00562,"","2025-04-10",Active
SO0000270,SO-202404-00115,"2025-04-10","10020",南京田园农科服务有限公司,20,P0009,UAV-BF-IND-H20,UAV-BF-IND-H20,11,台,45999,"12.8%",40111,441222,已发货,已确认,项目销售,销售一部,钱进,"2025-05-24",否,HT-2024-275,南京田园农科服务有限公司设备采购项目,南京田园农科服务有限公司,QT-202403-00562,"","2025-04-10",Active
SO0000271,SO-202403-00116,"2025-03-27","10020",南京田园农科服务有限公司,10,P0009,UAV-BF-IND-H20,UAV-BF-IND-H20,10,台,45999,"5.5%",43469,434691,已发货,已确认,直销,销售一部,谢文,"2025-05-03",否,"","",南京田园农科服务有限公司,QT-202403-00548,"","2025-03-27",Active
SO0000272,SO-202403-00116,"2025-03-27","10020",南京田园农科服务有限公司,20,P0006,UAV-JF-ENT-AG,UAV-JF-ENT-AG,10,台,22999,"10.9%",20492,204921,已发货,已确认,直销,销售一部,谢文,"2025-05-22",否,"","",南京田园农科服务有限公司,QT-202403-00548,"","2025-03-27",Active
SO0000273,SO-202403-00116,"2025-03-27","10020",南京田园农科服务有限公司,30,P0010,UAV-BF-IND-H30,UAV-BF-IND-H30,9,台,58999,"14.9%",50208,451873,已发货,已确认,直销,销售一部,谢文,"2025-05-04",否,"","",南京田园农科服务有限公司,QT-202403-00548,"","2025-03-27",Active
SO0000274,SO-202305-00117,"2025-05-22","10020",南京田园农科服务有限公司,10,P0010,UAV-BF-IND-H30,UAV-BF-IND-H30,7,台,58999,"6.2%",55341,387387,已发货,已确认,直销,销售一部,赵敏,"2025-06-22",否,"","",南京田园农科服务有限公司,QT-202305-00606,"","2025-05-22",Active
SO0000275,SO-202305-00117,"2025-05-22","10020",南京田园农科服务有限公司,20,P0009,UAV-BF-IND-H20,UAV-BF-IND-H20,7,台,45999,"6.6%",42963,300741,已发货,已确认,直销,销售一部,赵敏,"2025-07-02",否,"","",南京田园农科服务有限公司,QT-202305-00606,"","2025-05-22",Active
SO0000276,SO-202302-00118,"2025-02-23","10020",南京田园农科服务有限公司,10,P0006,UAV-JF-ENT-AG,UAV-JF-ENT-AG,3,台,22999,"14.7%",19618,58854,已发货,已确认,项目销售,销售一部,陈静,"2025-04-02",否,HT-2023-242,无锡市种植大户应用项目,南京田园农科服务有限公司,QT-202302-00118,"","2025-02-23",Active
SO0000277,SO-202302-00118,"2025-02-23","10020",南京田园农科服务有限公司,20,P0009,UAV-BF-IND-H20,UAV-BF-IND-H20,15,台,45999,"11.6%",40663,609947,已发货,已确认,项目销售,销售一部,陈静,"2025-04-15",否,HT-2023-242,无锡市种植大户应用项目,南京田园农科服务有限公司,QT-202302-00118,"","2025-02-23",Active
SO0000278,SO-202302-00118,"2025-02-23","10020",南京田园农科服务有限公司,30,P0010,UAV-BF-IND-H30,UAV-BF-IND-H30,18,台,58999,"12.6%",51565,928172,已发货,已确认,项目销售,销售一部,陈静,"2025-04-04",否,HT-2023-242,无锡市种植大户应用项目,南京田园农科服务有限公司,QT-202302-00118,"","2025-02-23",Active
SO0000279,SO-202303-00119,"2025-03-12","10020",南京田园农科服务有限公司,10,P0010,UAV-BF-IND-H30,UAV-BF-IND-H30,3,台,58999,"7.0%",54869,164607,已发货,已确认,直销,销售一部,冯涛,"2025-05-02",否,"","",南京田园农科服务有限公司,QT-202303-00602,"","2025-03-12",Active
SO0000280,SO-202303-00119,"2025-03-12","10020",南京田园农科服务有限公司,20,P0009,UAV-BF-IND-H20,UAV-BF-IND-H20,9,台,45999,"13.7%",39697,357274,已发货,已确认,直销,销售一部,冯涛,"2025-05-06",否,"","",南京田园农科服务有限公司,QT-202303-00602,"","2025-03-12",Active
SO0000281,SO-202403-00120,"2025-03-25","10020",南京田园农科服务有限公司,10,P0010,UAV-BF-IND-H30,UAV-BF-IND-H30,15,台,58999,"9.8%",53217,798257,已发货,已确认,项目销售,销售一部,张伟,"2025-05-06",否,HT-2024-018,无锡市种植大户应用项目,南京田园农科服务有限公司,QT-202403-00549,"","2025-03-25",Active
SO0000282,SO-202403-00120,"2025-03-25","10020",南京田园农科服务有限公司,20,P0006,UAV-JF-ENT-AG,UAV-JF-ENT-AG,6,台,22999,"14.0%",19779,118675,已发货,已确认,项目销售,销售一部,张伟,"2025-04-17",否,HT-2024-018,无锡市种植大户应用项目,南京田园农科服务有限公司,QT-202403-00549,"","2025-03-25",Active
SO0000283,SO-202403-00120,"2025-03-25","10020",南京田园农科服务有限公司,30,P0009,UAV-BF-IND-H20,UAV-BF-IND-H20,8,台,45999,"8.7%",41997,335977,已发货,已确认,项目销售,销售一部,张伟,"2025-05-04",否,HT-2024-018,无锡市种植大户应用项目,南京田园农科服务有限公司,QT-202403-00549,"","2025-03-25",Active
SO0000284,SO-202305-00121,"2025-05-24","10020",南京田园农科服务有限公司,10,P0010,UAV-BF-IND-H30,UAV-BF-IND-H30,11,台,58999,"14.1%",50680,557482,已发货,已确认,项目销售,销售一部,陈静,"2025-06-09",否,HT-2023-208,无锡市种植大户应用项目,南京田园农科服务有限公司,QT-202305-00121,"","2025-05-24",Active
SO0000285,SO-202305-00121,"2025-05-24","10020",南京田园农科服务有限公司,20,P0006,UAV-JF-ENT-AG,UAV-JF-ENT-AG,9,台,22999,"14.9%",19572,176149,已发货,已确认,项目销售,销售一部,陈静,"2025-07-15",否,HT-2023-208,无锡市种植大户应用项目,南京田园农科服务有限公司,QT-202305-00121,"","2025-05-24",Active
SO0000286,SO-202305-00121,"2025-05-24","10020",南京田园农科服务有限公司,30,P0009,UAV-BF-IND-H20,UAV-BF-IND-H20,9,台,45999,"14.7%",39237,353134,已发货,已确认,项目销售,销售一部,陈静,"2025-07-23",否,HT-2023-208,无锡市种植大户应用项目,南京田园农科服务有限公司,QT-202305-00121,"","2025-05-24",Active
SO0000287,SO-202304-00122,"2025-04-03","10020",南京田园农科服务有限公司,10,P0010,UAV-BF-IND-H30,UAV-BF-IND-H30,5,台,58999,"7.6%",54515,272575,已发货,已确认,项目销售,销售一部,谢文,"2025-04-26",否,HT-2023-494,南京田园农科服务有限公司设备采购项目,南京田园农科服务有限公司,QT-202303-00620,"","2025-04-03",Active
SO0000288,SO-202304-00122,"2025-04-03","10020",南京田园农科服务有限公司,20,P0009,UAV-BF-IND-H20,UAV-BF-IND-H20,19,台,45999,"8.7%",41997,797945,已发货,已确认,项目销售,销售一部,谢文,"2025-05-10",否,HT-2023-494,南京田园农科服务有限公司设备采购项目,南京田园农科服务有限公司,QT-202303-00620,"","2025-04-03",Active
SO0000289,SO-202304-00123,"2025-04-22","10020",南京田园农科服务有限公司,10,P0006,UAV-JF-ENT-AG,UAV-JF-ENT-AG,6,台,22999,"9.6%",20791,124747,已发货,已确认,项目销售,销售一部,吴磊,"2025-05-22",否,HT-2023-175,"2023年无锡市农业项目",南京田园农科服务有限公司,QT-202304-00579,"","2025-04-22",Active
SO0000290,SO-202304-00123,"2025-04-22","10020",南京田园农科服务有限公司,20,P0010,UAV-BF-IND-H30,UAV-BF-IND-H30,17,台,58999,"7.3%",54692,929765,已发货,已确认,项目销售,销售一部,吴磊,"2025-06-18",否,HT-2023-175,"2023年无锡市农业项目",南京田园农科服务有限公司,QT-202304-00579,"","2025-04-22",Active
SO0000291,SO-202304-00123,"2025-04-22","10020",南京田园农科服务有限公司,30,P0009,UAV-BF-IND-H20,UAV-BF-IND-H20,6,台,45999,"12.3%",40341,242047,已发货,已确认,项目销售,销售一部,吴磊,"2025-05-16",否,HT-2023-175,"2023年无锡市农业项目",南京田园农科服务有限公司,QT-202304-00579,"","2025-04-22",Active
SO0000292,SO-202404-00124,"2025-04-26","10021",青岛沃土植保有限公司,10,P0010,UAV-BF-IND-H30,UAV-BF-IND-H30,5,台,58999,"0.0%",58999,294995,已发货,已确认,直销,销售一部,袁琳,"2025-05-17",否,"","",青岛沃土植保有限公司,QT-202404-00534,"","2025-04-26",Active
SO0000293,SO-202403-00125,"2025-03-04","10021",青岛沃土植保有限公司,10,P0009,UAV-BF-IND-H20,UAV-BF-IND-H20,5,台,45999,"0.0%",45999,229995,已发货,已确认,直销,销售一部,赵敏,"2025-03-26",否,"","",青岛沃土植保有限公司,QT-202402-00577,"","2025-03-04",Active
SO0000294,SO-202402-00126,"2025-02-27","10021",青岛沃土植保有限公司,10,P0006,UAV-JF-ENT-AG,UAV-JF-ENT-AG,7,台,22999,"0.0%",22999,160993,已发货,已确认,项目销售,销售一部,钱进,"2025-03-24",否,HT-2024-135,"2024年株洲市农业项目",青岛沃土植保有限公司,QT-202402-00573,"","2025-02-27",Active
SO0000295,SO-202402-00126,"2025-02-27","10021",青岛沃土植保有限公司,20,P0009,UAV-BF-IND-H20,UAV-BF-IND-H20,7,台,45999,"0.0%",45999,321993,已发货,已确认,项目销售,销售一部,钱进,"2025-03-17",否,HT-2024-135,"2024年株洲市农业项目",青岛沃土植保有限公司,QT-202402-00573,"","2025-02-27",Active
SO0000296,SO-202312-00127,"2025-12-17","10021",青岛沃土植保有限公司,10,P0009,UAV-BF-IND-H20,UAV-BF-IND-H20,8,台,45999,"0.0%",45999,367992,已发货,已确认,项目销售,销售一部,王强,"2025-12-20",否,HT-2023-182,"2023年株洲市农业项目",青岛沃土植保有限公司,QT-202312-00595,"","2025-12-17",Active
SO0000297,SO-202312-00127,"2025-12-17","10021",青岛沃土植保有限公司,20,P0006,UAV-JF-ENT-AG,UAV-JF-ENT-AG,15,台,22999,"9.8%",20745,311177,已发货,已确认,项目销售,销售一部,王强,"2025-12-20",否,HT-2023-182,"2023年株洲市农业项目",青岛沃土植保有限公司,QT-202312-00595,"","2025-12-17",Active
SO0000298,SO-202312-00127,"2025-12-17","10021",青岛沃土植保有限公司,30,P0010,UAV-BF-IND-H30,UAV-BF-IND-H30,20,台,58999,"2.3%",57642,1152840,已发货,已确认,项目销售,销售一部,王强,"2025-12-20",否,HT-2023-182,"2023年株洲市农业项目",青岛沃土植保有限公司,QT-202312-00595,"","2025-12-17",Active
SO0000299,SO-202307-00128,"2025-07-14","10021",青岛沃土植保有限公司,10,P0010,UAV-BF-IND-H30,UAV-BF-IND-H30,15,台,58999,"4.9%",56108,841621,已发货,已确认,项目销售,销售一部,姚强,"2025-08-26",否,HT-2023-447,青岛沃土植保有限公司设备采购项目,青岛沃土植保有限公司,QT-202307-00128,"","2025-07-14",Active
SO0000300,SO-202307-00128,"2025-07-14","10021",青岛沃土植保有限公司,20,P0009,UAV-BF-IND-H20,UAV-BF-IND-H20,10,台,45999,"8.6%",42043,420431,已发货,已确认,项目销售,销售一部,姚强,"2025-07-29",否,HT-2023-447,青岛沃土植保有限公司设备采购项目,青岛沃土植保有限公司,QT-202307-00128,"","2025-07-14",Active
SO0000301,SO-202307-00128,"2025-07-14","10021",青岛沃土植保有限公司,30,P0006,UAV-JF-ENT-AG,UAV-JF-ENT-AG,5,台,22999,"0.0%",22999,114995,已发货,已确认,项目销售,销售一部,姚强,"2025-09-09",否,HT-2023-447,青岛沃土植保有限公司设备采购项目,青岛沃土植保有限公司,QT-202307-00128,"","2025-07-14",Active
SO0000302,SO-202405-00129,"2025-05-19","10021",青岛沃土植保有限公司,10,P0006,UAV-JF-ENT-AG,UAV-JF-ENT-AG,3,台,22999,"0.0%",22999,68997,已发货,已确认,直销,销售一部,刘洋,"2025-06-25",否,"","",青岛沃土植保有限公司,QT-202405-00129,"","2025-05-19",Active
SO0000303,SO-202302-00130,"2025-02-13","10021",青岛沃土植保有限公司,10,P0010,UAV-BF-IND-H30,UAV-BF-IND-H30,2,台,58999,"0.0%",58999,117998,已发货,已确认,直销,销售一部,姚强,"2025-04-02",否,"","",青岛沃土植保有限公司,QT-202302-00130,"","2025-02-13",Active
SO0000304,SO-202302-00130,"2025-02-13","10021",青岛沃土植保有限公司,20,P0006,UAV-JF-ENT-AG,UAV-JF-ENT-AG,3,台,22999,"0.0%",22999,68997,已发货,已确认,直销,销售一部,姚强,"2025-03-07",否,"","",青岛沃土植保有限公司,QT-202302-00130,"","2025-02-13",Active
SO0000305,SO-202305-00131,"2025-05-14","10022",郑州绿洲农技股份有限公司,10,P0010,UAV-BF-IND-H30,UAV-BF-IND-H30,9,台,58999,"0.0%",58999,530991,已发货,已确认,项目销售,销售一部,李娜,"2025-06-11",否,HT-2023-277,"2023年北京市农业项目",郑州绿洲农技股份有限公司,QT-202305-00607,"","2025-05-14",Active
SO0000306,SO-202305-00131,"2025-05-14","10022",郑州绿洲农技股份有限公司,20,P0006,UAV-JF-ENT-AG,UAV-JF-ENT-AG,8,台,22999,"0.0%",22999,183992,已发货,已确认,项目销售,销售一部,李娜,"2025-06-05",否,HT-2023-277,"2023年北京市农业项目",郑州绿洲农技股份有限公司,QT-202305-00607,"","2025-05-14",Active
SO0000307,SO-202305-00131,"2025-05-14","10022",郑州绿洲农技股份有限公司,30,P0009,UAV-BF-IND-H20,UAV-BF-IND-H20,11,台,45999,"9.8%",41491,456402,已发货,已确认,项目销售,销售一部,李娜,"2025-06-06",否,HT-2023-277,"2023年北京市农业项目",郑州绿洲农技股份有限公司,QT-202305-00607,"","2025-05-14",Active
SO0000308,SO-202404-00132,"2025-04-13","10022",郑州绿洲农技股份有限公司,10,P0006,UAV-JF-ENT-AG,UAV-JF-ENT-AG,7,台,22999,"0.0%",22999,160993,已发货,已确认,项目销售,销售一部,赵敏,"2025-05-28",否,HT-2024-005,"2024年北京市农业项目",郑州绿洲农技股份有限公司,QT-202404-00535,"","2025-04-13",Active
SO0000309,SO-202404-00132,"2025-04-13","10022",郑州绿洲农技股份有限公司,20,P0010,UAV-BF-IND-H30,UAV-BF-IND-H30,11,台,58999,"2.4%",57583,633413,已发货,已确认,项目销售,销售一部,赵敏,"2025-05-20",否,HT-2024-005,"2024年北京市农业项目",郑州绿洲农技股份有限公司,QT-202404-00535,"","2025-04-13",Active
SO0000310,SO-202404-00132,"2025-04-13","10022",郑州绿洲农技股份有限公司,30,P0009,UAV-BF-IND-H20,UAV-BF-IND-H20,14,台,45999,"6.3%",43101,603415,已发货,已确认,项目销售,销售一部,赵敏,"2025-05-29",否,HT-2024-005,"2024年北京市农业项目",郑州绿洲农技股份有限公司,QT-202404-00535,"","2025-04-13",Active
SO0000311,SO-202405-00133,"2025-05-18","10022",郑州绿洲农技股份有限公司,10,P0010,UAV-BF-IND-H30,UAV-BF-IND-H30,13,台,58999,"8.6%",53925,701026,已发货,已确认,项目销售,销售一部,陈静,"2025-07-15",否,HT-2024-491,北京市植保服务应用项目,郑州绿洲农技股份有限公司,QT-202405-00133,"","2025-05-18",Active
SO0000312,SO-202405-00133,"2025-05-18","10022",郑州绿洲农技股份有限公司,20,P0009,UAV-BF-IND-H20,UAV-BF-IND-H20,13,台,45999,"2.3%",44941,584233,已发货,已确认,项目销售,销售一部,陈静,"2025-06-08",否,HT-2024-491,北京市植保服务应用项目,郑州绿洲农技股份有限公司,QT-202405-00133,"","2025-05-18",Active
SO0000313,SO-202405-00133,"2025-05-18","10022",郑州绿洲农技股份有限公司,30,P0006,UAV-JF-ENT-AG,UAV-JF-ENT-AG,12,台,22999,"3.7%",22148,265776,已发货,已确认,项目销售,销售一部,陈静,"2025-07-09",否,HT-2024-491,北京市植保服务应用项目,郑州绿洲农技股份有限公司,QT-202405-00133,"","2025-05-18",Active
SO0000314,SO-202405-00134,"2025-05-29","10023",西安农兴农资科技有限公司,10,P0006,UAV-JF-ENT-AG,UAV-JF-ENT-AG,9,台,22999,"6.2%",21573,194158,已发货,已确认,直销,销售一部,钱进,"2025-07-10",否,"","",西安农兴农资科技有限公司,QT-202405-00538,"","2025-05-29",Active
SO0000315,SO-202405-00134,"2025-05-29","10023",西安农兴农资科技有限公司,20,P0010,UAV-BF-IND-H30,UAV-BF-IND-H30,7,台,58999,"6.8%",54987,384909,已发货,已确认,直销,销售一部,钱进,"2025-07-22",否,"","",西安农兴农资科技有限公司,QT-202405-00538,"","2025-05-29",Active
SO0000316,SO-202405-00134,"2025-05-29","10023",西安农兴农资科技有限公司,30,P0009,UAV-BF-IND-H20,UAV-BF-IND-H20,4,台,45999,"8.9%",41905,167620,已发货,已确认,直销,销售一部,钱进,"2025-07-10",否,"","",西安农兴农资科技有限公司,QT-202405-00538,"","2025-05-29",Active
SO0000317,SO-202407-00135,"2025-07-22","10023",西安农兴农资科技有限公司,10,P0010,UAV-BF-IND-H30,UAV-BF-IND-H30,8,台,58999,"6.0%",55459,443672,已发货,已确认,直销,销售一部,蒋敏,"2025-08-10",否,"","",西安农兴农资科技有限公司,QT-202407-00544,"","2025-07-22",Active
SO0000318,SO-202407-00135,"2025-07-22","10023",西安农兴农资科技有限公司,20,P0009,UAV-BF-IND-H20,UAV-BF-IND-H20,10,台,45999,"13.3%",39881,398811,已发货,已确认,直销,销售一部,蒋敏,"2025-08-08",否,"","",西安农兴农资科技有限公司,QT-202407-00544,"","2025-07-22",Active
SO0000319,SO-202410-00136,"2025-10-07","10023",西安农兴农资科技有限公司,10,P0010,UAV-BF-IND-H30,UAV-BF-IND-H30,16,台,58999,"11.0%",52509,840146,已发货,已确认,项目销售,销售一部,曹磊,"2025-10-29",否,HT-2024-440,重庆市农场主应用项目,西安农兴农资科技有限公司,QT-202409-00592,"","2025-10-07",Active
SO0000320,SO-202410-00136,"2025-10-07","10023",西安农兴农资科技有限公司,20,P0009,UAV-BF-IND-H20,UAV-BF-IND-H20,10,台,45999,"6.9%",42825,428251,已发货,已确认,项目销售,销售一部,曹磊,"2025-11-18",否,HT-2024-440,重庆市农场主应用项目,西安农兴农资科技有限公司,QT-202409-00592,"","2025-10-07",Active
SO0000321,SO-202410-00136,"2025-10-07","10023",西安农兴农资科技有限公司,30,P0006,UAV-JF-ENT-AG,UAV-JF-ENT-AG,15,台,22999,"13.1%",19986,299792,已发货,已确认,项目销售,销售一部,曹磊,"2025-11-06",否,HT-2024-440,重庆市农场主应用项目,西安农兴农资科技有限公司,QT-202409-00592,"","2025-10-07",Active
SO0000322,SO-202404-00137,"2025-04-02","10023",西安农兴农资科技有限公司,10,P0006,UAV-JF-ENT-AG,UAV-JF-ENT-AG,8,台,22999,"13.5%",19894,159153,已发货,已确认,项目销售,销售一部,赵敏,"2025-05-07",否,HT-2024-478,西安农兴农资科技有限公司设备采购项目,西安农兴农资科技有限公司,QT-202403-00563,"","2025-04-02",Active
SO0000323,SO-202404-00137,"2025-04-02","10023",西安农兴农资科技有限公司,20,P0009,UAV-BF-IND-H20,UAV-BF-IND-H20,8,台,45999,"14.9%",39145,313161,已发货,已确认,项目销售,销售一部,赵敏,"2025-05-31",否,HT-2024-478,西安农兴农资科技有限公司设备采购项目,西安农兴农资科技有限公司,QT-202403-00563,"","2025-04-02",Active
SO0000324,SO-202305-00138,"2025-05-27","10023",西安农兴农资科技有限公司,10,P0010,UAV-BF-IND-H30,UAV-BF-IND-H30,11,台,58999,"10.3%",52922,582143,已发货,已确认,项目销售,销售一部,袁琳,"2025-07-01",否,HT-2023-182,西安农兴农资科技有限公司设备采购项目,西安农兴农资科技有限公司,QT-202305-00608,"","2025-05-27",Active
SO0000325,SO-202305-00138,"2025-05-27","10023",西安农兴农资科技有限公司,20,P0009,UAV-BF-IND-H20,UAV-BF-IND-H20,12,台,45999,"9.4%",41675,500101,已发货,已确认,项目销售,销售一部,袁琳,"2025-07-05",否,HT-2023-182,西安农兴农资科技有限公司设备采购项目,西安农兴农资科技有限公司,QT-202305-00608,"","2025-05-27",Active
SO0000326,SO-202401-00139,"2025-01-26","10023",西安农兴农资科技有限公司,10,P0010,UAV-BF-IND-H30,UAV-BF-IND-H30,8,台,58999,"9.4%",53453,427625,已发货,已确认,项目销售,销售一部,贾斌,"2025-03-26",否,HT-2024-414,西安农兴农资科技有限公司设备采购项目,西安农兴农资科技有限公司,QT-202401-00565,"","2025-01-26",Active
SO0000327,SO-202401-00139,"2025-01-26","10023",西安农兴农资科技有限公司,20,P0006,UAV-JF-ENT-AG,UAV-JF-ENT-AG,12,台,22999,"5.5%",21734,260809,已发货,已确认,项目销售,销售一部,贾斌,"2025-03-23",否,HT-2024-414,西安农兴农资科技有限公司设备采购项目,西安农兴农资科技有限公司,QT-202401-00565,"","2025-01-26",Active
SO0000328,SO-202401-00139,"2025-01-26","10023",西安农兴农资科技有限公司,30,P0009,UAV-BF-IND-H20,UAV-BF-IND-H20,7,台,45999,"9.3%",41721,292048,已发货,已确认,项目销售,销售一部,贾斌,"2025-03-22",否,HT-2024-414,西安农兴农资科技有限公司设备采购项目,西安农兴农资科技有限公司,QT-202401-00565,"","2025-01-26",Active
SO0000329,SO-202303-00140,"2025-03-15","10023",西安农兴农资科技有限公司,10,P0010,UAV-BF-IND-H30,UAV-BF-IND-H30,15,台,58999,"13.0%",51329,769937,已发货,已确认,项目销售,销售一部,王强,"2025-04-02",否,HT-2023-137,重庆市农场主应用项目,西安农兴农资科技有限公司,QT-202303-00603,"","2025-03-15",Active
SO0000330,SO-202303-00140,"2025-03-15","10023",西安农兴农资科技有限公司,20,P0009,UAV-BF-IND-H20,UAV-BF-IND-H20,20,台,45999,"10.0%",41399,827982,已发货,已确认,项目销售,销售一部,王强,"2025-04-16",否,HT-2023-137,重庆市农场主应用项目,西安农兴农资科技有限公司,QT-202303-00603,"","2025-03-15",Active
SO0000331,SO-202303-00140,"2025-03-15","10023",西安农兴农资科技有限公司,30,P0006,UAV-JF-ENT-AG,UAV-JF-ENT-AG,9,台,22999,"13.8%",19825,178426,已发货,已确认,项目销售,销售一部,王强,"2025-04-27",否,HT-2023-137,重庆市农场主应用项目,西安农兴农资科技有限公司,QT-202303-00603,"","2025-03-15",Active
SO0000332,SO-202408-00141,"2025-08-24","10023",西安农兴农资科技有限公司,10,P0010,UAV-BF-IND-H30,UAV-BF-IND-H30,9,台,58999,"12.6%",51565,464086,已发货,已确认,直销,销售一部,曹磊,"2025-09-09",否,"","",西安农兴农资科技有限公司,QT-202408-00519,"","2025-08-24",Active
SO0000333,SO-202408-00141,"2025-08-24","10023",西安农兴农资科技有限公司,20,P0009,UAV-BF-IND-H20,UAV-BF-IND-H20,7,台,45999,"14.8%",39191,274338,已发货,已确认,直销,销售一部,曹磊,"2025-10-14",否,"","",西安农兴农资科技有限公司,QT-202408-00519,"","2025-08-24",Active
SO0000334,SO-202303-00142,"2025-03-23","10023",西安农兴农资科技有限公司,10,P0009,UAV-BF-IND-H20,UAV-BF-IND-H20,9,台,45999,"6.6%",42963,386668,已发货,已确认,项目销售,销售一部,杨帆,"2025-05-02",否,HT-2023-281,"2023年重庆市农业项目",西安农兴农资科技有限公司,QT-202303-00604,"","2025-03-23",Active
SO0000335,SO-202303-00142,"2025-03-23","10023",西安农兴农资科技有限公司,20,P0010,UAV-BF-IND-H30,UAV-BF-IND-H30,6,台,58999,"6.0%",55459,332754,已发货,已确认,项目销售,销售一部,杨帆,"2025-05-10",否,HT-2023-281,"2023年重庆市农业项目",西安农兴农资科技有限公司,QT-202303-00604,"","2025-03-23",Active
SO0000336,SO-202303-00143,"2025-03-27","10023",西安农兴农资科技有限公司,10,P0009,UAV-BF-IND-H20,UAV-BF-IND-H20,7,台,45999,"10.3%",41261,288828,已发货,已确认,项目销售,销售一部,赵敏,"2025-05-07",否,HT-2023-159,"2023年重庆市农业项目",西安农兴农资科技有限公司,QT-202303-00143,"","2025-03-27",Active
SO0000337,SO-202303-00143,"2025-03-27","10023",西安农兴农资科技有限公司,20,P0006,UAV-JF-ENT-AG,UAV-JF-ENT-AG,14,台,22999,"12.0%",20239,283348,已发货,已确认,项目销售,销售一部,赵敏,"2025-05-01",否,HT-2023-159,"2023年重庆市农业项目",西安农兴农资科技有限公司,QT-202303-00143,"","2025-03-27",Active
SO0000338,SO-202305-00144,"2025-05-15","10023",西安农兴农资科技有限公司,10,P0009,UAV-BF-IND-H20,UAV-BF-IND-H20,10,台,45999,"8.9%",41905,419051,已发货,已确认,直销,销售一部,曹磊,"2025-06-24",否,"","",西安农兴农资科技有限公司,QT-202305-00609,"","2025-05-15",Active
SO0000339,SO-202305-00144,"2025-05-15","10023",西安农兴农资科技有限公司,20,P0006,UAV-JF-ENT-AG,UAV-JF-ENT-AG,7,台,22999,"8.0%",21159,148114,已发货,已确认,直销,销售一部,曹磊,"2025-06-28",否,"","",西安农兴农资科技有限公司,QT-202305-00609,"","2025-05-15",Active
SO0000340,SO-202305-00144,"2025-05-15","10023",西安农兴农资科技有限公司,30,P0010,UAV-BF-IND-H30,UAV-BF-IND-H30,10,台,58999,"6.5%",55164,551641,已发货,已确认,直销,销售一部,曹磊,"2025-06-06",否,"","",西安农兴农资科技有限公司,QT-202305-00609,"","2025-05-15",Active
SO0000341,SO-202404-00145,"2025-04-04","10023",西安农兴农资科技有限公司,10,P0010,UAV-BF-IND-H30,UAV-BF-IND-H30,12,台,58999,"14.5%",50444,605330,已发货,已确认,项目销售,销售一部,刘洋,"2025-04-19",否,HT-2024-384,重庆市农场主应用项目,西安农兴农资科技有限公司,QT-202403-00564,"","2025-04-04",Active
SO0000342,SO-202404-00145,"2025-04-04","10023",西安农兴农资科技有限公司,20,P0006,UAV-JF-ENT-AG,UAV-JF-ENT-AG,5,台,22999,"13.9%",19802,99011,已发货,已确认,项目销售,销售一部,刘洋,"2025-05-09",否,HT-2024-384,重庆市农场主应用项目,西安农兴农资科技有限公司,QT-202403-00564,"","2025-04-04",Active
SO0000343,SO-202404-00145,"2025-04-04","10023",西安农兴农资科技有限公司,30,P0009,UAV-BF-IND-H20,UAV-BF-IND-H20,18,台,45999,"12.7%",40157,722828,已发货,已确认,项目销售,销售一部,刘洋,"2025-04-24",否,HT-2024-384,重庆市农场主应用项目,西安农兴农资科技有限公司,QT-202403-00564,"","2025-04-04",Active
SO0000344,SO-202404-00146,"2025-04-14","10023",西安农兴农资科技有限公司,10,P0010,UAV-BF-IND-H30,UAV-BF-IND-H30,6,台,58999,"12.4%",51683,310099,已发货,已确认,项目销售,销售一部,谢文,"2025-05-01",否,HT-2024-080,西安农兴农资科技有限公司设备采购项目,西安农兴农资科技有限公司,QT-202404-00536,"","2025-04-14",Active
SO0000345,SO-202404-00146,"2025-04-14","10023",西安农兴农资科技有限公司,20,P0009,UAV-BF-IND-H20,UAV-BF-IND-H20,8,台,45999,"14.5%",39329,314633,已发货,已确认,项目销售,销售一部,谢文,"2025-05-18",否,HT-2024-080,西安农兴农资科技有限公司设备采购项目,西安农兴农资科技有限公司,QT-202404-00536,"","2025-04-14",Active
SO0000346,SO-202404-00146,"2025-04-14","10023",西安农兴农资科技有限公司,30,P0006,UAV-JF-ENT-AG,UAV-JF-ENT-AG,4,台,22999,"12.4%",20147,80588,已发货,已确认,项目销售,销售一部,谢文,"2025-06-12",否,HT-2024-080,西安农兴农资科技有限公司设备采购项目,西安农兴农资科技有限公司,QT-202404-00536,"","2025-04-14",Active
SO0000347,SO-202305-00147,"2025-05-20","10023",西安农兴农资科技有限公司,10,P0009,UAV-BF-IND-H20,UAV-BF-IND-H20,19,台,45999,"13.8%",39651,753372,已发货,已确认,项目销售,销售一部,钱进,"2025-06-24",否,HT-2023-387,西安农兴农资科技有限公司设备采购项目,西安农兴农资科技有限公司,QT-202305-00610,"","2025-05-20",Active
SO0000348,SO-202305-00147,"2025-05-20","10023",西安农兴农资科技有限公司,20,P0006,UAV-JF-ENT-AG,UAV-JF-ENT-AG,5,台,22999,"7.5%",21274,106370,已发货,已确认,项目销售,销售一部,钱进,"2025-06-30",否,HT-2023-387,西安农兴农资科技有限公司设备采购项目,西安农兴农资科技有限公司,QT-202305-00610,"","2025-05-20",Active
SO0000349,SO-202305-00147,"2025-05-20","10023",西安农兴农资科技有限公司,30,P0010,UAV-BF-IND-H30,UAV-BF-IND-H30,19,台,58999,"8.3%",54102,1027940,已发货,已确认,项目销售,销售一部,钱进,"2025-07-07",否,HT-2023-387,西安农兴农资科技有限公司设备采购项目,西安农兴农资科技有限公司,QT-202305-00610,"","2025-05-20",Active
SO0000350,SO-202403-00148,"2025-03-01","10024",西安丰收农资技术有限公司,10,P0010,UAV-BF-IND-H30,UAV-BF-IND-H30,4,台,58999,"0.0%",58999,235996,已发货,已确认,直销,销售一部,杨帆,"2025-04-27",否,"","",西安丰收农资技术有限公司,QT-202402-00578,"","2025-03-01",Active
SO0000351,SO-202401-00149,"2025-01-23","10024",西安丰收农资技术有限公司,10,P0009,UAV-BF-IND-H20,UAV-BF-IND-H20,4,台,45999,"0.0%",45999,183996,已发货,已确认,直销,销售一部,周杰,"2025-02-21",否,"","",西安丰收农资技术有限公司,QT-202401-00566,"","2025-01-23",Active
SO0000352,SO-202401-00149,"2025-01-23","10024",西安丰收农资技术有限公司,20,P0010,UAV-BF-IND-H30,UAV-BF-IND-H30,1,台,58999,"0.0%",58999,58999,已发货,已确认,直销,销售一部,周杰,"2025-02-23",否,"","",西安丰收农资技术有限公司,QT-202401-00566,"","2025-01-23",Active
SO0000353,SO-202404-00150,"2025-04-04","10024",西安丰收农资技术有限公司,10,P0010,UAV-BF-IND-H30,UAV-BF-IND-H30,3,台,58999,"0.0%",58999,176997,已发货,已确认,直销,销售一部,杨帆,"2025-05-24",否,"","",西安丰收农资技术有限公司,QT-202403-00565,"","2025-04-04",Active
SO0000354,SO-202404-00150,"2025-04-04","10024",西安丰收农资技术有限公司,20,P0006,UAV-JF-ENT-AG,UAV-JF-ENT-AG,2,台,22999,"0.0%",22999,45998,已发货,已确认,直销,销售一部,杨帆,"2025-05-31",否,"","",西安丰收农资技术有限公司,QT-202403-00565,"","2025-04-04",Active
SO0000355,SO-202405-00151,"2025-05-18","10024",西安丰收农资技术有限公司,10,P0010,UAV-BF-IND-H30,UAV-BF-IND-H30,1,台,58999,"0.0%",58999,58999,已发货,已确认,直销,销售一部,杨帆,"2025-06-06",是,"","",西安丰收农资技术有限公司,QT-202405-00539,"","2025-05-18",Active
SO0000356,SO-202403-00152,"2025-03-17","10024",西安丰收农资技术有限公司,10,P0006,UAV-JF-ENT-AG,UAV-JF-ENT-AG,1,台,22999,"0.0%",22999,22999,已发货,已确认,直销,销售一部,张伟,"2025-05-13",是,"","",西安丰收农资技术有限公司,QT-202403-00550,"","2025-03-17",Active
SO0000357,SO-202403-00152,"2025-03-17","10024",西安丰收农资技术有限公司,20,P0010,UAV-BF-IND-H30,UAV-BF-IND-H30,2,台,58999,"0.0%",58999,117998,已发货,已确认,直销,销售一部,张伟,"2025-04-30",是,"","",西安丰收农资技术有限公司,QT-202403-00550,"","2025-03-17",Active
SO0000358,SO-202404-00153,"2025-04-19","10025",郑州绿洲农业服务有限公司,10,P0006,UAV-JF-ENT-AG,UAV-JF-ENT-AG,8,台,22999,"12.9%",20032,160257,已发货,已确认,项目销售,销售一部,李娜,"2025-06-10",否,HT-2024-398,郑州绿洲农业服务有限公司设备采购项目,郑州绿洲农业服务有限公司,QT-202404-00153,"","2025-04-19",Active
SO0000359,SO-202404-00153,"2025-04-19","10025",郑州绿洲农业服务有限公司,20,P0009,UAV-BF-IND-H20,UAV-BF-IND-H20,15,台,45999,"7.4%",42595,638926,已发货,已确认,项目销售,销售一部,李娜,"2025-05-23",否,HT-2024-398,郑州绿洲农业服务有限公司设备采购项目,郑州绿洲农业服务有限公司,QT-202404-00153,"","2025-04-19",Active
SO0000360,SO-202404-00153,"2025-04-19","10025",郑州绿洲农业服务有限公司,30,P0010,UAV-BF-IND-H30,UAV-BF-IND-H30,19,台,58999,"8.4%",54043,1026819,已发货,已确认,项目销售,销售一部,李娜,"2025-06-05",否,HT-2024-398,郑州绿洲农业服务有限公司设备采购项目,郑州绿洲农业服务有限公司,QT-202404-00153,"","2025-04-19",Active
SO0000361,SO-202309-00154,"2025-09-14","10025",郑州绿洲农业服务有限公司,10,P0006,UAV-JF-ENT-AG,UAV-JF-ENT-AG,8,台,22999,"11.1%",20446,163569,已取消,已取消,直销,销售一部,冯涛,"2025-10-27",否,"","",郑州绿洲农业服务有限公司,QT-202309-00533,"","2025-09-14",Active
SO0000362,SO-202309-00154,"2025-09-14","10025",郑州绿洲农业服务有限公司,20,P0010,UAV-BF-IND-H30,UAV-BF-IND-H30,6,台,58999,"7.2%",54751,328506,已取消,已取消,直销,销售一部,冯涛,"2025-10-11",否,"","",郑州绿洲农业服务有限公司,QT-202309-00533,"","2025-09-14",Active
SO0000363,SO-202304-00155,"2025-04-29","10025",郑州绿洲农业服务有限公司,10,P0009,UAV-BF-IND-H20,UAV-BF-IND-H20,10,台,45999,"8.1%",42273,422731,已发货,已确认,项目销售,销售一部,曹磊,"2025-06-19",否,HT-2023-480,郑州绿洲农业服务有限公司设备采购项目,郑州绿洲农业服务有限公司,QT-202304-00580,"","2025-04-29",Active
SO0000364,SO-202304-00155,"2025-04-29","10025",郑州绿洲农业服务有限公司,20,P0010,UAV-BF-IND-H30,UAV-BF-IND-H30,8,台,58999,"13.5%",51034,408273,已发货,已确认,项目销售,销售一部,曹磊,"2025-05-20",否,HT-2023-480,郑州绿洲农业服务有限公司设备采购项目,郑州绿洲农业服务有限公司,QT-202304-00580,"","2025-04-29",Active
SO0000365,SO-202407-00156,"2025-07-16","10025",郑州绿洲农业服务有限公司,10,P0006,UAV-JF-ENT-AG,UAV-JF-ENT-AG,10,台,22999,"13.1%",19986,199861,已发货,已确认,项目销售,销售一部,曹磊,"2025-08-01",否,HT-2024-027,沈阳市农业合作社应用项目,郑州绿洲农业服务有限公司,QT-202407-00156,"","2025-07-16",Active
SO0000366,SO-202407-00156,"2025-07-16","10025",郑州绿洲农业服务有限公司,20,P0010,UAV-BF-IND-H30,UAV-BF-IND-H30,20,台,58999,"8.4%",54043,1080862,已发货,已确认,项目销售,销售一部,曹磊,"2025-08-28",否,HT-2024-027,沈阳市农业合作社应用项目,郑州绿洲农业服务有限公司,QT-202407-00156,"","2025-07-16",Active
SO0000367,SO-202303-00157,"2025-03-03","10025",郑州绿洲农业服务有限公司,10,P0009,UAV-BF-IND-H20,UAV-BF-IND-H20,16,台,45999,"10.7%",41077,657234,已发货,已确认,项目销售,销售一部,吴磊,"2025-03-27",否,HT-2023-298,沈阳市农业合作社应用项目,郑州绿洲农业服务有限公司,QT-202302-00398,"","2025-03-03",Active
SO0000368,SO-202303-00157,"2025-03-03","10025",郑州绿洲农业服务有限公司,20,P0006,UAV-JF-ENT-AG,UAV-JF-ENT-AG,9,台,22999,"10.0%",20699,186292,已发货,已确认,项目销售,销售一部,吴磊,"2025-04-19",否,HT-2023-298,沈阳市农业合作社应用项目,郑州绿洲农业服务有限公司,QT-202302-00398,"","2025-03-03",Active
SO0000369,SO-202303-00157,"2025-03-03","10025",郑州绿洲农业服务有限公司,30,P0010,UAV-BF-IND-H30,UAV-BF-IND-H30,15,台,58999,"14.5%",50444,756662,已发货,已确认,项目销售,销售一部,吴磊,"2025-04-04",否,HT-2023-298,沈阳市农业合作社应用项目,郑州绿洲农业服务有限公司,QT-202302-00398,"","2025-03-03",Active
SO0000370,SO-202303-00158,"2025-03-13","10025",郑州绿洲农业服务有限公司,10,P0006,UAV-JF-ENT-AG,UAV-JF-ENT-AG,14,台,22999,"5.7%",21688,303633,已发货,已确认,项目销售,销售一部,陈静,"2025-04-09",否,HT-2023-389,沈阳市农业合作社应用项目,郑州绿洲农业服务有限公司,QT-202303-00605,"","2025-03-13",Active
SO0000371,SO-202303-00158,"2025-03-13","10025",郑州绿洲农业服务有限公司,20,P0010,UAV-BF-IND-H30,UAV-BF-IND-H30,14,台,58999,"13.1%",51270,717782,已发货,已确认,项目销售,销售一部,陈静,"2025-04-08",否,HT-2023-389,沈阳市农业合作社应用项目,郑州绿洲农业服务有限公司,QT-202303-00605,"","2025-03-13",Active
SO0000372,SO-202303-00158,"2025-03-13","10025",郑州绿洲农业服务有限公司,30,P0009,UAV-BF-IND-H20,UAV-BF-IND-H20,13,台,45999,"9.7%",41537,539982,已发货,已确认,项目销售,销售一部,陈静,"2025-04-28",否,HT-2023-389,沈阳市农业合作社应用项目,郑州绿洲农业服务有限公司,QT-202303-00605,"","2025-03-13",Active
SO0000373,SO-202305-00159,"2025-05-09","10025",郑州绿洲农业服务有限公司,10,P0006,UAV-JF-ENT-AG,UAV-JF-ENT-AG,4,台,22999,"12.8%",20055,80221,已发货,已确认,项目销售,销售一部,刘洋,"2025-05-27",否,HT-2023-178,郑州绿洲农业服务有限公司设备采购项目,郑州绿洲农业服务有限公司,QT-202304-00595,"","2025-05-09",Active
SO0000374,SO-202305-00159,"2025-05-09","10025",郑州绿洲农业服务有限公司,20,P0010,UAV-BF-IND-H30,UAV-BF-IND-H30,6,台,58999,"9.2%",53571,321427,已发货,已确认,项目销售,销售一部,刘洋,"2025-06-08",否,HT-2023-178,郑州绿洲农业服务有限公司设备采购项目,郑州绿洲农业服务有限公司,QT-202304-00595,"","2025-05-09",Active
SO0000375,SO-202305-00159,"2025-05-09","10025",郑州绿洲农业服务有限公司,30,P0009,UAV-BF-IND-H20,UAV-BF-IND-H20,7,台,45999,"9.7%",41537,290760,已发货,已确认,项目销售,销售一部,刘洋,"2025-06-10",否,HT-2023-178,郑州绿洲农业服务有限公司设备采购项目,郑州绿洲农业服务有限公司,QT-202304-00595,"","2025-05-09",Active
SO0000376,SO-202403-00160,"2025-03-18","10025",郑州绿洲农业服务有限公司,10,P0010,UAV-BF-IND-H30,UAV-BF-IND-H30,17,台,58999,"14.0%",50739,862565,已发货,已确认,项目销售,销售一部,李娜,"2025-05-16",否,HT-2024-098,沈阳市农业合作社应用项目,郑州绿洲农业服务有限公司,QT-202403-00551,"","2025-03-18",Active
SO0000377,SO-202403-00160,"2025-03-18","10025",郑州绿洲农业服务有限公司,20,P0009,UAV-BF-IND-H20,UAV-BF-IND-H20,13,台,45999,"10.0%",41399,538188,已发货,已确认,项目销售,销售一部,李娜,"2025-04-12",否,HT-2024-098,沈阳市农业合作社应用项目,郑州绿洲农业服务有限公司,QT-202403-00551,"","2025-03-18",Active
SO0000378,SO-202403-00160,"2025-03-18","10025",郑州绿洲农业服务有限公司,30,P0006,UAV-JF-ENT-AG,UAV-JF-ENT-AG,15,台,22999,"13.0%",20009,300137,已发货,已确认,项目销售,销售一部,李娜,"2025-05-12",否,HT-2024-098,沈阳市农业合作社应用项目,郑州绿洲农业服务有限公司,QT-202403-00551,"","2025-03-18",Active
SO0000379,SO-202310-00161,"2025-10-09","10025",郑州绿洲农业服务有限公司,10,P0010,UAV-BF-IND-H30,UAV-BF-IND-H30,8,台,58999,"13.1%",51270,410161,已发货,已确认,项目销售,销售一部,贾斌,"2025-12-07",否,HT-2023-420,郑州绿洲农业服务有限公司设备采购项目,郑州绿洲农业服务有限公司,QT-202310-00161,"","2025-10-09",Active
SO0000380,SO-202310-00161,"2025-10-09","10025",郑州绿洲农业服务有限公司,20,P0009,UAV-BF-IND-H20,UAV-BF-IND-H20,20,台,45999,"7.6%",42503,850062,已发货,已确认,项目销售,销售一部,贾斌,"2025-12-07",否,HT-2023-420,郑州绿洲农业服务有限公司设备采购项目,郑州绿洲农业服务有限公司,QT-202310-00161,"","2025-10-09",Active
SO0000381,SO-202310-00161,"2025-10-09","10025",郑州绿洲农业服务有限公司,30,P0006,UAV-JF-ENT-AG,UAV-JF-ENT-AG,6,台,22999,"13.3%",19940,119641,已发货,已确认,项目销售,销售一部,贾斌,"2025-12-06",否,HT-2023-420,郑州绿洲农业服务有限公司设备采购项目,郑州绿洲农业服务有限公司,QT-202310-00161,"","2025-10-09",Active
SO0000382,SO-202401-00162,"2025-01-24","10025",郑州绿洲农业服务有限公司,10,P0006,UAV-JF-ENT-AG,UAV-JF-ENT-AG,8,台,22999,"6.0%",21619,172952,已发货,已确认,项目销售,销售一部,陈静,"2025-02-17",否,HT-2024-370,"2024年沈阳市农业项目",郑州绿洲农业服务有限公司,QT-202401-00567,"","2025-01-24",Active
SO0000383,SO-202401-00162,"2025-01-24","10025",郑州绿洲农业服务有限公司,20,P0010,UAV-BF-IND-H30,UAV-BF-IND-H30,5,台,58999,"8.3%",54102,270510,已发货,已确认,项目销售,销售一部,陈静,"2025-03-06",否,HT-2024-370,"2024年沈阳市农业项目",郑州绿洲农业服务有限公司,QT-202401-00567,"","2025-01-24",Active
SO0000384,SO-202306-00163,"2025-06-07","10025",郑州绿洲农业服务有限公司,10,P0006,UAV-JF-ENT-AG,UAV-JF-ENT-AG,4,台,22999,"13.3%",19940,79761,已发货,已确认,项目销售,销售一部,贾斌,"2025-06-22",否,HT-2023-338,"2023年沈阳市农业项目",郑州绿洲农业服务有限公司,QT-202305-00621,"","2025-06-07",Active
SO0000385,SO-202306-00163,"2025-06-07","10025",郑州绿洲农业服务有限公司,20,P0010,UAV-BF-IND-H30,UAV-BF-IND-H30,16,台,58999,"5.3%",55872,893953,已发货,已确认,项目销售,销售一部,贾斌,"2025-07-29",否,HT-2023-338,"2023年沈阳市农业项目",郑州绿洲农业服务有限公司,QT-202305-00621,"","2025-06-07",Active
SO0000386,SO-202306-00163,"2025-06-07","10025",郑州绿洲农业服务有限公司,30,P0009,UAV-BF-IND-H20,UAV-BF-IND-H20,5,台,45999,"10.1%",41353,206766,已发货,已确认,项目销售,销售一部,贾斌,"2025-07-07",否,HT-2023-338,"2023年沈阳市农业项目",郑州绿洲农业服务有限公司,QT-202305-00621,"","2025-06-07",Active
SO0000387,SO-202305-00164,"2025-05-03","10025",郑州绿洲农业服务有限公司,10,P0006,UAV-JF-ENT-AG,UAV-JF-ENT-AG,12,台,22999,"8.2%",21113,253357,已发货,已确认,项目销售,销售一部,赵敏,"2025-06-05",否,HT-2023-320,沈阳市农业合作社应用项目,郑州绿洲农业服务有限公司,QT-202304-00596,"","2025-05-03",Active
SO0000388,SO-202305-00164,"2025-05-03","10025",郑州绿洲农业服务有限公司,20,P0010,UAV-BF-IND-H30,UAV-BF-IND-H30,12,台,58999,"9.7%",53276,639313,已发货,已确认,项目销售,销售一部,赵敏,"2025-05-28",否,HT-2023-320,沈阳市农业合作社应用项目,郑州绿洲农业服务有限公司,QT-202304-00596,"","2025-05-03",Active
SO0000389,SO-202305-00164,"2025-05-03","10025",郑州绿洲农业服务有限公司,30,P0009,UAV-BF-IND-H20,UAV-BF-IND-H20,9,台,45999,"7.2%",42687,384184,已发货,已确认,项目销售,销售一部,赵敏,"2025-05-24",否,HT-2023-320,沈阳市农业合作社应用项目,郑州绿洲农业服务有限公司,QT-202304-00596,"","2025-05-03",Active
SO0000390,SO-202303-00165,"2025-03-14","10025",郑州绿洲农业服务有限公司,10,P0010,UAV-BF-IND-H30,UAV-BF-IND-H30,10,台,58999,"7.7%",54456,544561,已发货,已确认,直销,销售一部,张伟,"2025-05-02",否,"","",郑州绿洲农业服务有限公司,QT-202303-00165,"","2025-03-14",Active
SO0000391,SO-202303-00165,"2025-03-14","10025",郑州绿洲农业服务有限公司,20,P0009,UAV-BF-IND-H20,UAV-BF-IND-H20,7,台,45999,"8.4%",42135,294946,已发货,已确认,直销,销售一部,张伟,"2025-04-14",否,"","",郑州绿洲农业服务有限公司,QT-202303-00165,"","2025-03-14",Active
SO0000392,SO-202303-00165,"2025-03-14","10025",郑州绿洲农业服务有限公司,30,P0006,UAV-JF-ENT-AG,UAV-JF-ENT-AG,8,台,22999,"10.4%",20607,164857,已发货,已确认,直销,销售一部,张伟,"2025-04-20",否,"","",郑州绿洲农业服务有限公司,QT-202303-00165,"","2025-03-14",Active
SO0000393,SO-202404-00166,"2025-04-23","10025",郑州绿洲农业服务有限公司,10,P0010,UAV-BF-IND-H30,UAV-BF-IND-H30,4,台,58999,"12.3%",51742,206968,已发货,已确认,直销,销售一部,李娜,"2025-06-10",否,"","",郑州绿洲农业服务有限公司,QT-202404-00537,"","2025-04-23",Active
SO0000394,SO-202404-00166,"2025-04-23","10025",郑州绿洲农业服务有限公司,20,P0009,UAV-BF-IND-H20,UAV-BF-IND-H20,3,台,45999,"13.5%",39789,119367,已发货,已确认,直销,销售一部,李娜,"2025-06-03",否,"","",郑州绿洲农业服务有限公司,QT-202404-00537,"","2025-04-23",Active
SO0000395,SO-202404-00166,"2025-04-23","10025",郑州绿洲农业服务有限公司,30,P0006,UAV-JF-ENT-AG,UAV-JF-ENT-AG,6,台,22999,"8.4%",21067,126402,已发货,已确认,直销,销售一部,李娜,"2025-05-17",否,"","",郑州绿洲农业服务有限公司,QT-202404-00537,"","2025-04-23",Active
SO0000396,SO-202403-00167,"2025-03-30","10025",郑州绿洲农业服务有限公司,10,P0009,UAV-BF-IND-H20,UAV-BF-IND-H20,18,台,45999,"11.4%",40755,733592,已发货,已确认,项目销售,销售一部,杨帆,"2025-04-19",否,HT-2024-286,沈阳市农业合作社应用项目,郑州绿洲农业服务有限公司,QT-202403-00167,"","2025-03-30",Active
SO0000397,SO-202403-00167,"2025-03-30","10025",郑州绿洲农业服务有限公司,20,P0006,UAV-JF-ENT-AG,UAV-JF-ENT-AG,6,台,22999,"5.8%",21665,129990,已发货,已确认,项目销售,销售一部,杨帆,"2025-05-08",否,HT-2024-286,沈阳市农业合作社应用项目,郑州绿洲农业服务有限公司,QT-202403-00167,"","2025-03-30",Active
SO0000398,SO-202403-00167,"2025-03-30","10025",郑州绿洲农业服务有限公司,30,P0010,UAV-BF-IND-H30,UAV-BF-IND-H30,8,台,58999,"5.3%",55872,446976,已发货,已确认,项目销售,销售一部,杨帆,"2025-05-24",否,HT-2024-286,沈阳市农业合作社应用项目,郑州绿洲农业服务有限公司,QT-202403-00167,"","2025-03-30",Active
SO0000399,SO-202412-00168,"2025-12-20","10026",大连农兴植保有限公司,10,P0010,UAV-BF-IND-H30,UAV-BF-IND-H30,3,台,58999,"0.0%",58999,176997,已发货,已确认,直销,销售一部,蒋敏,"2025-12-23",否,"","",大连农兴植保有限公司,QT-202412-00518,"","2025-12-20",Active
SO0000400,SO-202412-00168,"2025-12-20","10026",大连农兴植保有限公司,20,P0006,UAV-JF-ENT-AG,UAV-JF-ENT-AG,3,台,22999,"0.0%",22999,68997,已发货,已确认,直销,销售一部,蒋敏,"2025-12-23",否,"","",大连农兴植保有限公司,QT-202412-00518,"","2025-12-20",Active
SO0000401,SO-202405-00169,"2025-05-16","10026",大连农兴植保有限公司,10,P0010,UAV-BF-IND-H30,UAV-BF-IND-H30,3,台,58999,"0.0%",58999,176997,已发货,已确认,直销,销售一部,钱进,"2025-06-19",否,"","",大连农兴植保有限公司,QT-202405-00540,"","2025-05-16",Active
SO0000402,SO-202405-00169,"2025-05-16","10026",大连农兴植保有限公司,20,P0009,UAV-BF-IND-H20,UAV-BF-IND-H20,2,台,45999,"0.0%",45999,91998,已发货,已确认,直销,销售一部,钱进,"2025-06-02",否,"","",大连农兴植保有限公司,QT-202405-00540,"","2025-05-16",Active
SO0000403,SO-202304-00170,"2025-04-12","10026",大连农兴植保有限公司,10,P0010,UAV-BF-IND-H30,UAV-BF-IND-H30,19,台,58999,"5.5%",55754,1059327,已发货,已确认,项目销售,销售一部,袁琳,"2025-05-19",否,HT-2023-475,宁波市农业科技公司应用项目,大连农兴植保有限公司,QT-202304-00581,"","2025-04-12",Active
SO0000404,SO-202304-00170,"2025-04-12","10026",大连农兴植保有限公司,20,P0006,UAV-JF-ENT-AG,UAV-JF-ENT-AG,7,台,22999,"0.0%",22999,160993,已发货,已确认,项目销售,销售一部,袁琳,"2025-05-04",否,HT-2023-475,宁波市农业科技公司应用项目,大连农兴植保有限公司,QT-202304-00581,"","2025-04-12",Active
SO0000405,SO-202304-00170,"2025-04-12","10026",大连农兴植保有限公司,30,P0009,UAV-BF-IND-H20,UAV-BF-IND-H20,5,台,45999,"0.0%",45999,229995,已发货,已确认,项目销售,销售一部,袁琳,"2025-05-28",否,HT-2023-475,宁波市农业科技公司应用项目,大连农兴植保有限公司,QT-202304-00581,"","2025-04-12",Active
SO0000406,SO-202301-00171,"2025-01-01","10027",郑州绿源植保技术有限公司,10,P0009,UAV-BF-IND-H20,UAV-BF-IND-H20,2,台,45999,"0.0%",45999,91998,已发货,已确认,直销,销售一部,李娜,"2025-02-18",否,"","",郑州绿源植保技术有限公司,QT-202212-00001,"","2025-01-01",Active
SO0000407,SO-202304-00172,"2025-04-11","10027",郑州绿源植保技术有限公司,10,P0010,UAV-BF-IND-H30,UAV-BF-IND-H30,20,台,58999,"7.7%",54456,1089122,已发货,已确认,项目销售,销售一部,吴磊,"2025-05-14",否,HT-2023-293,"2023年南京市农业项目",郑州绿源植保技术有限公司,QT-202304-00582,"","2025-04-11",Active
SO0000408,SO-202304-00172,"2025-04-11","10027",郑州绿源植保技术有限公司,20,P0006,UAV-JF-ENT-AG,UAV-JF-ENT-AG,3,台,22999,"0.0%",22999,68997,已发货,已确认,项目销售,销售一部,吴磊,"2025-05-25",否,HT-2023-293,"2023年南京市农业项目",郑州绿源植保技术有限公司,QT-202304-00582,"","2025-04-11",Active
SO0000409,SO-202304-00172,"2025-04-11","10027",郑州绿源植保技术有限公司,30,P0009,UAV-BF-IND-H20,UAV-BF-IND-H20,6,台,45999,"0.0%",45999,275994,已发货,已确认,项目销售,销售一部,吴磊,"2025-05-09",否,HT-2023-293,"2023年南京市农业项目",郑州绿源植保技术有限公司,QT-202304-00582,"","2025-04-11",Active
SO0000410,SO-202404-00173,"2025-04-03","10027",郑州绿源植保技术有限公司,10,P0010,UAV-BF-IND-H30,UAV-BF-IND-H30,1,台,58999,"0.0%",58999,58999,已发货,已确认,直销,销售一部,袁琳,"2025-05-19",否,"","",郑州绿源植保技术有限公司,QT-202403-00566,"","2025-04-03",Active
SO0000411,SO-202404-00173,"2025-04-03","10027",郑州绿源植保技术有限公司,20,P0006,UAV-JF-ENT-AG,UAV-JF-ENT-AG,3,台,22999,"0.0%",22999,68997,已发货,已确认,直销,销售一部,袁琳,"2025-04-18",否,"","",郑州绿源植保技术有限公司,QT-202403-00566,"","2025-04-03",Active
SO0000412,SO-202303-00174,"2025-03-21","10027",郑州绿源植保技术有限公司,10,P0009,UAV-BF-IND-H20,UAV-BF-IND-H20,1,台,45999,"0.0%",45999,45999,已发货,已确认,直销,销售一部,孙丽,"2025-04-21",否,"","",郑州绿源植保技术有限公司,QT-202303-00606,"","2025-03-21",Active
SO0000413,SO-202303-00174,"2025-03-21","10027",郑州绿源植保技术有限公司,20,P0006,UAV-JF-ENT-AG,UAV-JF-ENT-AG,2,台,22999,"0.0%",22999,45998,已发货,已确认,直销,销售一部,孙丽,"2025-04-27",否,"","",郑州绿源植保技术有限公司,QT-202303-00606,"","2025-03-21",Active
SO0000414,SO-202408-00175,"2025-08-13","10028",杭州沃土农技股份有限公司,10,P0010,UAV-BF-IND-H30,UAV-BF-IND-H30,13,台,58999,"13.6%",50975,662677,已发货,已确认,项目销售,销售一部,冯涛,"2025-09-09",否,HT-2024-419,杭州沃土农技股份有限公司设备采购项目,杭州沃土农技股份有限公司,QT-202408-00520,"","2025-08-13",Active
SO0000415,SO-202408-00175,"2025-08-13","10028",杭州沃土农技股份有限公司,20,P0006,UAV-JF-ENT-AG,UAV-JF-ENT-AG,9,台,22999,"9.1%",20906,188155,已发货,已确认,项目销售,销售一部,冯涛,"2025-09-02",否,HT-2024-419,杭州沃土农技股份有限公司设备采购项目,杭州沃土农技股份有限公司,QT-202408-00520,"","2025-08-13",Active
SO0000416,SO-202408-00175,"2025-08-13","10028",杭州沃土农技股份有限公司,30,P0009,UAV-BF-IND-H20,UAV-BF-IND-H20,14,台,45999,"12.8%",40111,561556,已发货,已确认,项目销售,销售一部,冯涛,"2025-09-27",否,HT-2024-419,杭州沃土农技股份有限公司设备采购项目,杭州沃土农技股份有限公司,QT-202408-00520,"","2025-08-13",Active
SO0000417,SO-202305-00176,"2025-05-24","10028",杭州沃土农技股份有限公司,10,P0006,UAV-JF-ENT-AG,UAV-JF-ENT-AG,9,台,22999,"5.3%",21780,196020,已发货,已确认,项目销售,销售一部,冯涛,"2025-06-14",否,HT-2023-168,上海市农业合作社应用项目,杭州沃土农技股份有限公司,QT-202305-00176,"","2025-05-24",Active
SO0000418,SO-202305-00176,"2025-05-24","10028",杭州沃土农技股份有限公司,20,P0009,UAV-BF-IND-H20,UAV-BF-IND-H20,13,台,45999,"5.8%",43331,563304,已发货,已确认,项目销售,销售一部,冯涛,"2025-07-16",否,HT-2023-168,上海市农业合作社应用项目,杭州沃土农技股份有限公司,QT-202305-00176,"","2025-05-24",Active
SO0000419,SO-202305-00176,"2025-05-24","10028",杭州沃土农技股份有限公司,30,P0010,UAV-BF-IND-H30,UAV-BF-IND-H30,14,台,58999,"13.3%",51152,716130,已发货,已确认,项目销售,销售一部,冯涛,"2025-07-05",否,HT-2023-168,上海市农业合作社应用项目,杭州沃土农技股份有限公司,QT-202305-00176,"","2025-05-24",Active
SO0000420,SO-202402-00177,"2025-02-07","10028",杭州沃土农技股份有限公司,10,P0010,UAV-BF-IND-H30,UAV-BF-IND-H30,13,台,58999,"13.6%",50975,662677,已发货,已确认,项目销售,销售一部,韩雪,"2025-03-28",否,HT-2024-202,"2024年上海市农业项目",杭州沃土农技股份有限公司,QT-202401-00573,"","2025-02-07",Active
SO0000421,SO-202402-00177,"2025-02-07","10028",杭州沃土农技股份有限公司,20,P0006,UAV-JF-ENT-AG,UAV-JF-ENT-AG,6,台,22999,"12.0%",20239,121435,已发货,已确认,项目销售,销售一部,韩雪,"2025-02-27",否,HT-2024-202,"2024年上海市农业项目",杭州沃土农技股份有限公司,QT-202401-00573,"","2025-02-07",Active
SO0000422,SO-202402-00177,"2025-02-07","10028",杭州沃土农技股份有限公司,30,P0009,UAV-BF-IND-H20,UAV-BF-IND-H20,14,台,45999,"9.3%",41721,584095,已发货,已确认,项目销售,销售一部,韩雪,"2025-04-02",否,HT-2024-202,"2024年上海市农业项目",杭州沃土农技股份有限公司,QT-202401-00573,"","2025-02-07",Active
SO0000423,SO-202407-00178,"2025-07-15","10028",杭州沃土农技股份有限公司,10,P0010,UAV-BF-IND-H30,UAV-BF-IND-H30,18,台,58999,"14.0%",50739,913305,已发货,已确认,项目销售,销售一部,冯涛,"2025-09-01",否,HT-2024-391,"2024年上海市农业项目",杭州沃土农技股份有限公司,QT-202407-00178,"","2025-07-15",Active
SO0000424,SO-202407-00178,"2025-07-15","10028",杭州沃土农技股份有限公司,20,P0006,UAV-JF-ENT-AG,UAV-JF-ENT-AG,10,台,22999,"8.1%",21136,211361,已发货,已确认,项目销售,销售一部,冯涛,"2025-08-31",否,HT-2024-391,"2024年上海市农业项目",杭州沃土农技股份有限公司,QT-202407-00178,"","2025-07-15",Active
SO0000425,SO-202407-00178,"2025-07-15","10028",杭州沃土农技股份有限公司,30,P0009,UAV-BF-IND-H20,UAV-BF-IND-H20,16,台,45999,"10.3%",41261,660178,已发货,已确认,项目销售,销售一部,冯涛,"2025-08-26",否,HT-2024-391,"2024年上海市农业项目",杭州沃土农技股份有限公司,QT-202407-00178,"","2025-07-15",Active
SO0000426,SO-202305-00179,"2025-05-14","10028",杭州沃土农技股份有限公司,10,P0009,UAV-BF-IND-H20,UAV-BF-IND-H20,5,台,45999,"5.9%",43285,216425,已发货,已确认,项目销售,销售一部,谢文,"2025-05-30",否,HT-2023-398,杭州沃土农技股份有限公司设备采购项目,杭州沃土农技股份有限公司,QT-202305-00179,"","2025-05-14",Active
SO0000427,SO-202305-00179,"2025-05-14","10028",杭州沃土农技股份有限公司,20,P0010,UAV-BF-IND-H30,UAV-BF-IND-H30,18,台,58999,"14.1%",50680,912243,已发货,已确认,项目销售,销售一部,谢文,"2025-06-06",否,HT-2023-398,杭州沃土农技股份有限公司设备采购项目,杭州沃土农技股份有限公司,QT-202305-00179,"","2025-05-14",Active
SO0000428,SO-202305-00179,"2025-05-14","10028",杭州沃土农技股份有限公司,30,P0006,UAV-JF-ENT-AG,UAV-JF-ENT-AG,12,台,22999,"5.9%",21642,259705,已发货,已确认,项目销售,销售一部,谢文,"2025-06-13",否,HT-2023-398,杭州沃土农技股份有限公司设备采购项目,杭州沃土农技股份有限公司,QT-202305-00179,"","2025-05-14",Active
SO0000429,SO-202403-00180,"2025-03-09","10028",杭州沃土农技股份有限公司,10,P0006,UAV-JF-ENT-AG,UAV-JF-ENT-AG,15,台,22999,"6.5%",21504,322561,已发货,已确认,项目销售,销售一部,钱进,"2025-04-01",否,HT-2024-157,"2024年上海市农业项目",杭州沃土农技股份有限公司,QT-202402-00579,"","2025-03-09",Active
SO0000430,SO-202403-00180,"2025-03-09","10028",杭州沃土农技股份有限公司,20,P0009,UAV-BF-IND-H20,UAV-BF-IND-H20,17,台,45999,"8.3%",42181,717078,已发货,已确认,项目销售,销售一部,钱进,"2025-04-22",否,HT-2024-157,"2024年上海市农业项目",杭州沃土农技股份有限公司,QT-202402-00579,"","2025-03-09",Active
SO0000431,SO-202403-00180,"2025-03-09","10028",杭州沃土农技股份有限公司,30,P0010,UAV-BF-IND-H30,UAV-BF-IND-H30,19,台,58999,"6.6%",55105,1046996,已发货,已确认,项目销售,销售一部,钱进,"2025-03-29",否,HT-2024-157,"2024年上海市农业项目",杭州沃土农技股份有限公司,QT-202402-00579,"","2025-03-09",Active
SO0000432,SO-202303-00181,"2025-03-31","10028",杭州沃土农技股份有限公司,10,P0009,UAV-BF-IND-H20,UAV-BF-IND-H20,15,台,45999,"9.1%",41813,627196,已发货,已确认,项目销售,销售一部,钱进,"2025-05-03",否,HT-2023-125,上海市农业合作社应用项目,杭州沃土农技股份有限公司,QT-202303-00181,"","2025-03-31",Active
SO0000433,SO-202303-00181,"2025-03-31","10028",杭州沃土农技股份有限公司,20,P0006,UAV-JF-ENT-AG,UAV-JF-ENT-AG,12,台,22999,"10.2%",20653,247837,已发货,已确认,项目销售,销售一部,钱进,"2025-05-06",否,HT-2023-125,上海市农业合作社应用项目,杭州沃土农技股份有限公司,QT-202303-00181,"","2025-03-31",Active
SO0000434,SO-202304-00182,"2025-04-24","10028",杭州沃土农技股份有限公司,10,P0006,UAV-JF-ENT-AG,UAV-JF-ENT-AG,14,台,22999,"12.9%",20032,280450,已发货,已确认,项目销售,销售一部,郑海,"2025-05-18",否,HT-2023-105,上海市农业合作社应用项目,杭州沃土农技股份有限公司,QT-202304-00583,"","2025-04-24",Active
SO0000435,SO-202304-00182,"2025-04-24","10028",杭州沃土农技股份有限公司,20,P0010,UAV-BF-IND-H30,UAV-BF-IND-H30,20,台,58999,"13.6%",50975,1019503,已发货,已确认,项目销售,销售一部,郑海,"2025-06-21",否,HT-2023-105,上海市农业合作社应用项目,杭州沃土农技股份有限公司,QT-202304-00583,"","2025-04-24",Active
SO0000436,SO-202412-00183,"2025-12-12","10029",青岛绿洲农技股份有限公司,10,P0009,UAV-BF-IND-H20,UAV-BF-IND-H20,3,台,45999,"0.0%",45999,137997,已发货,已确认,直销,销售一部,张伟,"2025-12-27",否,"","",青岛绿洲农技股份有限公司,QT-202412-00183,"","2025-12-12",Active
SO0000437,SO-202405-00184,"2025-05-29","10029",青岛绿洲农技股份有限公司,10,P0010,UAV-BF-IND-H30,UAV-BF-IND-H30,1,台,58999,"0.0%",58999,58999,已发货,已确认,直销,销售一部,李娜,"2025-06-17",是,"","",青岛绿洲农技股份有限公司,QT-202405-00184,"","2025-05-29",Active
SO0000438,SO-202405-00184,"2025-05-29","10029",青岛绿洲农技股份有限公司,20,P0006,UAV-JF-ENT-AG,UAV-JF-ENT-AG,1,台,22999,"0.0%",22999,22999,已发货,已确认,直销,销售一部,李娜,"2025-06-22",是,"","",青岛绿洲农技股份有限公司,QT-202405-00184,"","2025-05-29",Active
SO0000439,SO-202411-00185,"2025-11-06","10029",青岛绿洲农技股份有限公司,10,P0010,UAV-BF-IND-H30,UAV-BF-IND-H30,1,台,58999,"0.0%",58999,58999,已发货,已确认,直销,销售一部,钱进,"2025-12-06",否,"","",青岛绿洲农技股份有限公司,QT-202410-00538,"","2025-11-06",Active
SO0000440,SO-202305-00186,"2025-05-31","10029",青岛绿洲农技股份有限公司,10,P0006,UAV-JF-ENT-AG,UAV-JF-ENT-AG,4,台,22999,"0.0%",22999,91996,已发货,已确认,直销,销售一部,孙丽,"2025-06-16",否,"","",青岛绿洲农技股份有限公司,QT-202305-00611,"","2025-05-31",Active
SO0000441,SO-202303-00187,"2025-03-04","10029",青岛绿洲农技股份有限公司,10,P0009,UAV-BF-IND-H20,UAV-BF-IND-H20,14,台,45999,"6.8%",42871,600195,已发货,已确认,项目销售,销售一部,周杰,"2025-03-30",否,HT-2023-382,"2023年烟台市农业项目",青岛绿洲农技股份有限公司,QT-202302-00399,"","2025-03-04",Active
SO0000442,SO-202303-00187,"2025-03-04","10029",青岛绿洲农技股份有限公司,20,P0006,UAV-JF-ENT-AG,UAV-JF-ENT-AG,6,台,22999,"0.0%",22999,137994,已发货,已确认,项目销售,销售一部,周杰,"2025-04-22",否,HT-2023-382,"2023年烟台市农业项目",青岛绿洲农技股份有限公司,QT-202302-00399,"","2025-03-04",Active
SO0000443,SO-202303-00187,"2025-03-04","10029",青岛绿洲农技股份有限公司,30,P0010,UAV-BF-IND-H30,UAV-BF-IND-H30,13,台,58999,"3.4%",56993,740909,已发货,已确认,项目销售,销售一部,周杰,"2025-05-01",否,HT-2023-382,"2023年烟台市农业项目",青岛绿洲农技股份有限公司,QT-202302-00399,"","2025-03-04",Active
SO0000444,SO-202304-00188,"2025-04-09","10029",青岛绿洲农技股份有限公司,10,P0010,UAV-BF-IND-H30,UAV-BF-IND-H30,4,台,58999,"0.0%",58999,235996,已发货,已确认,直销,销售一部,曹磊,"2025-05-03",否,"","",青岛绿洲农技股份有限公司,QT-202303-00621,"","2025-04-09",Active
SO0000445,SO-202304-00188,"2025-04-09","10029",青岛绿洲农技股份有限公司,20,P0006,UAV-JF-ENT-AG,UAV-JF-ENT-AG,1,台,22999,"0.0%",22999,22999,已发货,已确认,直销,销售一部,曹磊,"2025-05-05",否,"","",青岛绿洲农技股份有限公司,QT-202303-00621,"","2025-04-09",Active
SO0000446,SO-202308-00189,"2025-08-19","10029",青岛绿洲农技股份有限公司,10,P0010,UAV-BF-IND-H30,UAV-BF-IND-H30,2,台,58999,"0.0%",58999,117998,已发货,已确认,直销,销售一部,刘洋,"2025-09-13",否,"","",青岛绿洲农技股份有限公司,QT-202308-00339,"","2025-08-19",Active
SO0000447,SO-202409-00190,"2025-09-19","10029",青岛绿洲农技股份有限公司,10,P0009,UAV-BF-IND-H20,UAV-BF-IND-H20,4,台,45999,"0.0%",45999,183996,已发货,已确认,直销,销售一部,周杰,"2025-10-22",否,"","",青岛绿洲农技股份有限公司,QT-202409-00588,"","2025-09-19",Active
SO0000448,SO-202305-00191,"2025-05-24","10030",长沙绿地农服技术有限公司,10,P0010,UAV-BF-IND-H30,UAV-BF-IND-H30,16,台,58999,"4.7%",56226,899617,已发货,已确认,项目销售,销售一部,袁琳,"2025-07-03",否,HT-2023-071,长沙绿地农服技术有限公司设备采购项目,长沙绿地农服技术有限公司,QT-202305-00612,"","2025-05-24",Active
SO0000449,SO-202305-00191,"2025-05-24","10030",长沙绿地农服技术有限公司,20,P0006,UAV-JF-ENT-AG,UAV-JF-ENT-AG,9,台,22999,"0.0%",22999,206991,已发货,已确认,项目销售,销售一部,袁琳,"2025-07-22",否,HT-2023-071,长沙绿地农服技术有限公司设备采购项目,长沙绿地农服技术有限公司,QT-202305-00612,"","2025-05-24",Active
SO0000450,SO-202305-00191,"2025-05-24","10030",长沙绿地农服技术有限公司,30,P0009,UAV-BF-IND-H20,UAV-BF-IND-H20,8,台,45999,"0.0%",45999,367992,已发货,已确认,项目销售,销售一部,袁琳,"2025-07-07",否,HT-2023-071,长沙绿地农服技术有限公司设备采购项目,长沙绿地农服技术有限公司,QT-202305-00612,"","2025-05-24",Active
SO0000451,SO-202305-00192,"2025-05-29","10030",长沙绿地农服技术有限公司,10,P0009,UAV-BF-IND-H20,UAV-BF-IND-H20,1,台,45999,"0.0%",45999,45999,已发货,已确认,直销,销售一部,袁琳,"2025-07-01",否,"","",长沙绿地农服技术有限公司,QT-202305-00613,"","2025-05-29",Active
SO0000452,SO-202305-00192,"2025-05-29","10030",长沙绿地农服技术有限公司,20,P0006,UAV-JF-ENT-AG,UAV-JF-ENT-AG,4,台,22999,"0.0%",22999,91996,已发货,已确认,直销,销售一部,袁琳,"2025-06-20",否,"","",长沙绿地农服技术有限公司,QT-202305-00613,"","2025-05-29",Active
SO0000453,SO-202301-00193,"2025-01-31","10030",长沙绿地农服技术有限公司,10,P0006,UAV-JF-ENT-AG,UAV-JF-ENT-AG,1,台,22999,"0.0%",22999,22999,已取消,已取消,直销,销售一部,孙丽,"2025-03-28",否,"","",长沙绿地农服技术有限公司,QT-202301-00585,"","2025-01-31",Active
SO0000454,SO-202301-00193,"2025-01-31","10030",长沙绿地农服技术有限公司,20,P0009,UAV-BF-IND-H20,UAV-BF-IND-H20,5,台,45999,"0.0%",45999,229995,已取消,已取消,直销,销售一部,孙丽,"2025-03-15",否,"","",长沙绿地农服技术有限公司,QT-202301-00585,"","2025-01-31",Active
SO0000455,SO-202303-00194,"2025-03-25","10030",长沙绿地农服技术有限公司,10,P0009,UAV-BF-IND-H20,UAV-BF-IND-H20,19,台,45999,"2.9%",44665,848636,已发货,已确认,项目销售,销售一部,贾斌,"2025-05-08",否,HT-2023-119,厦门市种植大户应用项目,长沙绿地农服技术有限公司,QT-202303-00607,"","2025-03-25",Active
SO0000456,SO-202303-00194,"2025-03-25","10030",长沙绿地农服技术有限公司,20,P0006,UAV-JF-ENT-AG,UAV-JF-ENT-AG,7,台,22999,"0.0%",22999,160993,已发货,已确认,项目销售,销售一部,贾斌,"2025-04-09",否,HT-2023-119,厦门市种植大户应用项目,长沙绿地农服技术有限公司,QT-202303-00607,"","2025-03-25",Active
SO0000457,SO-202405-00195,"2025-05-28","10030",长沙绿地农服技术有限公司,10,P0009,UAV-BF-IND-H20,UAV-BF-IND-H20,17,台,45999,"5.9%",43285,735846,已发货,已确认,项目销售,销售一部,刘洋,"2025-06-23",否,HT-2024-333,长沙绿地农服技术有限公司设备采购项目,长沙绿地农服技术有限公司,QT-202405-00541,"","2025-05-28",Active
SO0000458,SO-202405-00195,"2025-05-28","10030",长沙绿地农服技术有限公司,20,P0006,UAV-JF-ENT-AG,UAV-JF-ENT-AG,13,台,22999,"8.8%",20975,272676,已发货,已确认,项目销售,销售一部,刘洋,"2025-07-23",否,HT-2024-333,长沙绿地农服技术有限公司设备采购项目,长沙绿地农服技术有限公司,QT-202405-00541,"","2025-05-28",Active
SO0000459,SO-202405-00195,"2025-05-28","10030",长沙绿地农服技术有限公司,30,P0010,UAV-BF-IND-H30,UAV-BF-IND-H30,15,台,58999,"6.3%",55282,829231,已发货,已确认,项目销售,销售一部,刘洋,"2025-06-20",否,HT-2024-333,长沙绿地农服技术有限公司设备采购项目,长沙绿地农服技术有限公司,QT-202405-00541,"","2025-05-28",Active
SO0000460,SO-202303-00196,"2025-03-26","10030",长沙绿地农服技术有限公司,10,P0010,UAV-BF-IND-H30,UAV-BF-IND-H30,4,台,58999,"0.0%",58999,235996,已发货,已确认,直销,销售一部,李娜,"2025-04-14",是,"","",长沙绿地农服技术有限公司,QT-202303-00196,"","2025-03-26",Active
SO0000461,SO-202303-00196,"2025-03-26","10030",长沙绿地农服技术有限公司,20,P0009,UAV-BF-IND-H20,UAV-BF-IND-H20,4,台,45999,"0.0%",45999,183996,已发货,已确认,直销,销售一部,李娜,"2025-05-04",是,"","",长沙绿地农服技术有限公司,QT-202303-00196,"","2025-03-26",Active
SO0000462,SO-202307-00197,"2025-07-27","10030",长沙绿地农服技术有限公司,10,P0010,UAV-BF-IND-H30,UAV-BF-IND-H30,5,台,58999,"0.0%",58999,294995,已发货,已确认,直销,销售一部,杨帆,"2025-09-25",否,"","",长沙绿地农服技术有限公司,QT-202307-00510,"","2025-07-27",Active
SO0000463,SO-202307-00197,"2025-07-27","10030",长沙绿地农服技术有限公司,20,P0006,UAV-JF-ENT-AG,UAV-JF-ENT-AG,5,台,22999,"0.0%",22999,114995,已发货,已确认,直销,销售一部,杨帆,"2025-09-22",否,"","",长沙绿地农服技术有限公司,QT-202307-00510,"","2025-07-27",Active
SO0000464,SO-202309-00198,"2025-09-10","10031",西安禾苗农科有限公司,10,P0006,UAV-JF-ENT-AG,UAV-JF-ENT-AG,5,台,22999,"0.0%",22999,114995,已发货,已确认,直销,销售一部,蒋敏,"2025-11-01",否,"","",西安禾苗农科有限公司,QT-202308-00345,"","2025-09-10",Active
SO0000465,SO-202309-00198,"2025-09-10","10031",西安禾苗农科有限公司,20,P0009,UAV-BF-IND-H20,UAV-BF-IND-H20,3,台,45999,"0.0%",45999,137997,已发货,已确认,直销,销售一部,蒋敏,"2025-11-01",否,"","",西安禾苗农科有限公司,QT-202308-00345,"","2025-09-10",Active
SO0000466,SO-202408-00199,"2025-08-08","10031",西安禾苗农科有限公司,10,P0006,UAV-JF-ENT-AG,UAV-JF-ENT-AG,14,台,22999,"8.7%",20998,293973,已发货,已确认,项目销售,销售一部,贾斌,"2025-08-29",否,HT-2024-403,"2024年绍兴市农业项目",西安禾苗农科有限公司,QT-202407-00549,"","2025-08-08",Active
SO0000467,SO-202408-00199,"2025-08-08","10031",西安禾苗农科有限公司,20,P0010,UAV-BF-IND-H30,UAV-BF-IND-H30,8,台,58999,"0.0%",58999,471992,已发货,已确认,项目销售,销售一部,贾斌,"2025-09-23",否,HT-2024-403,"2024年绍兴市农业项目",西安禾苗农科有限公司,QT-202407-00549,"","2025-08-08",Active
SO0000468,SO-202408-00199,"2025-08-08","10031",西安禾苗农科有限公司,30,P0009,UAV-BF-IND-H20,UAV-BF-IND-H20,20,台,45999,"7.4%",42595,851901,已发货,已确认,项目销售,销售一部,贾斌,"2025-09-06",否,HT-2024-403,"2024年绍兴市农业项目",西安禾苗农科有限公司,QT-202407-00549,"","2025-08-08",Active
SO0000469,SO-202309-00200,"2025-09-09","10031",西安禾苗农科有限公司,10,P0006,UAV-JF-ENT-AG,UAV-JF-ENT-AG,15,台,22999,"2.2%",22493,337395,已发货,已确认,项目销售,销售一部,曹磊,"2025-09-28",否,HT-2023-286,西安禾苗农科有限公司设备采购项目,西安禾苗农科有限公司,QT-202309-00200,"","2025-09-09",Active
SO0000470,SO-202309-00200,"2025-09-09","10031",西安禾苗农科有限公司,20,P0010,UAV-BF-IND-H30,UAV-BF-IND-H30,6,台,58999,"0.0%",58999,353994,已发货,已确认,项目销售,销售一部,曹磊,"2025-11-02",否,HT-2023-286,西安禾苗农科有限公司设备采购项目,西安禾苗农科有限公司,QT-202309-00200,"","2025-09-09",Active
SO0000471,SO-202309-00200,"2025-09-09","10031",西安禾苗农科有限公司,30,P0009,UAV-BF-IND-H20,UAV-BF-IND-H20,13,台,45999,"9.1%",41813,543570,已发货,已确认,项目销售,销售一部,曹磊,"2025-09-28",否,HT-2023-286,西安禾苗农科有限公司设备采购项目,西安禾苗农科有限公司,QT-202309-00200,"","2025-09-09",Active
SO0000472,SO-202310-00201,"2025-10-20","10032",深圳丰收农资科技有限公司,10,P0009,UAV-BF-IND-H20,UAV-BF-IND-H20,2,台,45999,"0.0%",45999,91998,已发货,已确认,直销,销售一部,韩雪,"2025-11-24",否,"","",深圳丰收农资科技有限公司,QT-202310-00561,"","2025-10-20",Active
SO0000473,SO-202310-00201,"2025-10-20","10032",深圳丰收农资科技有限公司,20,P0006,UAV-JF-ENT-AG,UAV-JF-ENT-AG,1,台,22999,"0.0%",22999,22999,已发货,已确认,直销,销售一部,韩雪,"2025-12-18",否,"","",深圳丰收农资科技有限公司,QT-202310-00561,"","2025-10-20",Active
SO0000474,SO-202405-00202,"2025-05-22","10032",深圳丰收农资科技有限公司,10,P0009,UAV-BF-IND-H20,UAV-BF-IND-H20,11,台,45999,"8.0%",42319,465510,已发货,已确认,项目销售,销售一部,王强,"2025-07-04",否,HT-2024-300,咸阳市农场主应用项目,深圳丰收农资科技有限公司,QT-202405-00542,"","2025-05-22",Active
SO0000475,SO-202405-00202,"2025-05-22","10032",深圳丰收农资科技有限公司,20,P0006,UAV-JF-ENT-AG,UAV-JF-ENT-AG,13,台,22999,"7.7%",21228,275965,已发货,已确认,项目销售,销售一部,王强,"2025-06-18",否,HT-2024-300,咸阳市农场主应用项目,深圳丰收农资科技有限公司,QT-202405-00542,"","2025-05-22",Active
SO0000476,SO-202405-00202,"2025-05-22","10032",深圳丰收农资科技有限公司,30,P0010,UAV-BF-IND-H30,UAV-BF-IND-H30,10,台,58999,"6.5%",55164,551641,已发货,已确认,项目销售,销售一部,王强,"2025-07-09",否,HT-2024-300,咸阳市农场主应用项目,深圳丰收农资科技有限公司,QT-202405-00542,"","2025-05-22",Active
SO0000477,SO-202403-00203,"2025-03-23","10032",深圳丰收农资科技有限公司,10,P0006,UAV-JF-ENT-AG,UAV-JF-ENT-AG,6,台,22999,"0.0%",22999,137994,已发货,已确认,项目销售,销售一部,袁琳,"2025-04-09",否,HT-2024-047,深圳丰收农资科技有限公司设备采购项目,深圳丰收农资科技有限公司,QT-202403-00552,"","2025-03-23",Active
SO0000478,SO-202403-00203,"2025-03-23","10032",深圳丰收农资科技有限公司,20,P0010,UAV-BF-IND-H30,UAV-BF-IND-H30,9,台,58999,"0.0%",58999,530991,已发货,已确认,项目销售,销售一部,袁琳,"2025-04-07",否,HT-2024-047,深圳丰收农资科技有限公司设备采购项目,深圳丰收农资科技有限公司,QT-202403-00552,"","2025-03-23",Active
SO0000479,SO-202403-00203,"2025-03-23","10032",深圳丰收农资科技有限公司,30,P0009,UAV-BF-IND-H20,UAV-BF-IND-H20,16,台,45999,"3.8%",44251,708017,已发货,已确认,项目销售,销售一部,袁琳,"2025-05-13",否,HT-2024-047,深圳丰收农资科技有限公司设备采购项目,深圳丰收农资科技有限公司,QT-202403-00552,"","2025-03-23",Active
SO0000480,SO-202306-00204,"2025-06-17","10032",深圳丰收农资科技有限公司,10,P0009,UAV-BF-IND-H20,UAV-BF-IND-H20,2,台,45999,"0.0%",45999,91998,已发货,已确认,直销,销售一部,赵敏,"2025-08-14",否,"","",深圳丰收农资科技有限公司,QT-202306-00407,"","2025-06-17",Active
SO0000481,SO-202305-00205,"2025-05-06","10032",深圳丰收农资科技有限公司,10,P0006,UAV-JF-ENT-AG,UAV-JF-ENT-AG,11,台,22999,"7.2%",21343,234774,已发货,已确认,项目销售,销售一部,冯涛,"2025-06-29",否,HT-2023-468,深圳丰收农资科技有限公司设备采购项目,深圳丰收农资科技有限公司,QT-202304-00597,"","2025-05-06",Active
SO0000482,SO-202305-00205,"2025-05-06","10032",深圳丰收农资科技有限公司,20,P0010,UAV-BF-IND-H30,UAV-BF-IND-H30,9,台,58999,"0.0%",58999,530991,已发货,已确认,项目销售,销售一部,冯涛,"2025-05-25",否,HT-2023-468,深圳丰收农资科技有限公司设备采购项目,深圳丰收农资科技有限公司,QT-202304-00597,"","2025-05-06",Active
SO0000483,SO-202305-00205,"2025-05-06","10032",深圳丰收农资科技有限公司,30,P0009,UAV-BF-IND-H20,UAV-BF-IND-H20,19,台,45999,"6.6%",42963,816298,已发货,已确认,项目销售,销售一部,冯涛,"2025-06-14",否,HT-2023-468,深圳丰收农资科技有限公司设备采购项目,深圳丰收农资科技有限公司,QT-202304-00597,"","2025-05-06",Active
SO0000484,SO-202403-00206,"2025-03-07","10032",深圳丰收农资科技有限公司,10,P0010,UAV-BF-IND-H30,UAV-BF-IND-H30,1,台,58999,"0.0%",58999,58999,已发货,已确认,直销,销售一部,郑海,"2025-03-30",否,"","",深圳丰收农资科技有限公司,QT-202403-00206,"","2025-03-07",Active
SO0000485,SO-202301-00207,"2025-01-04","10033",杭州大地农资有限公司,10,P0009,UAV-BF-IND-H20,UAV-BF-IND-H20,10,台,45999,"12.7%",40157,401571,已发货,已确认,直销,销售一部,贾斌,"2025-02-26",否,"","",杭州大地农资有限公司,QT-202212-00002,"","2025-01-04",Active
SO0000486,SO-202301-00207,"2025-01-04","10033",杭州大地农资有限公司,20,P0006,UAV-JF-ENT-AG,UAV-JF-ENT-AG,8,台,22999,"14.8%",19595,156761,已发货,已确认,直销,销售一部,贾斌,"2025-02-06",否,"","",杭州大地农资有限公司,QT-202212-00002,"","2025-01-04",Active
SO0000487,SO-202301-00207,"2025-01-04","10033",杭州大地农资有限公司,30,P0010,UAV-BF-IND-H30,UAV-BF-IND-H30,7,台,58999,"11.1%",52450,367151,已发货,已确认,直销,销售一部,贾斌,"2025-02-10",否,"","",杭州大地农资有限公司,QT-202212-00002,"","2025-01-04",Active
SO0000488,SO-202405-00208,"2025-05-15","10033",杭州大地农资有限公司,10,P0006,UAV-JF-ENT-AG,UAV-JF-ENT-AG,4,台,22999,"9.7%",20768,83072,已发货,已确认,项目销售,销售一部,韩雪,"2025-06-14",否,HT-2024-281,杭州大地农资有限公司设备采购项目,杭州大地农资有限公司,QT-202405-00208,"","2025-05-15",Active
SO0000489,SO-202405-00208,"2025-05-15","10033",杭州大地农资有限公司,20,P0009,UAV-BF-IND-H20,UAV-BF-IND-H20,14,台,45999,"11.0%",40939,573148,已发货,已确认,项目销售,销售一部,韩雪,"2025-06-02",否,HT-2024-281,杭州大地农资有限公司设备采购项目,杭州大地农资有限公司,QT-202405-00208,"","2025-05-15",Active
SO0000490,SO-202302-00209,"2025-02-07","10033",杭州大地农资有限公司,10,P0010,UAV-BF-IND-H30,UAV-BF-IND-H30,13,台,58999,"8.5%",53984,701793,已发货,已确认,项目销售,销售一部,刘洋,"2025-02-24",否,HT-2023-045,"2023年上海市农业项目",杭州大地农资有限公司,QT-202301-00590,"","2025-02-07",Active
SO0000491,SO-202302-00209,"2025-02-07","10033",杭州大地农资有限公司,20,P0009,UAV-BF-IND-H20,UAV-BF-IND-H20,15,台,45999,"10.8%",41031,615467,已发货,已确认,项目销售,销售一部,刘洋,"2025-03-06",否,HT-2023-045,"2023年上海市农业项目",杭州大地农资有限公司,QT-202301-00590,"","2025-02-07",Active
SO0000492,SO-202304-00210,"2025-04-07","10033",杭州大地农资有限公司,10,P0006,UAV-JF-ENT-AG,UAV-JF-ENT-AG,8,台,22999,"5.8%",21665,173320,已发货,已确认,直销,销售一部,韩雪,"2025-06-03",否,"","",杭州大地农资有限公司,QT-202303-00622,"","2025-04-07",Active
SO0000493,SO-202304-00210,"2025-04-07","10033",杭州大地农资有限公司,20,P0010,UAV-BF-IND-H30,UAV-BF-IND-H30,3,台,58999,"12.6%",51565,154695,已发货,已确认,直销,销售一部,韩雪,"2025-04-26",否,"","",杭州大地农资有限公司,QT-202303-00622,"","2025-04-07",Active
SO0000494,SO-202304-00210,"2025-04-07","10033",杭州大地农资有限公司,30,P0009,UAV-BF-IND-H20,UAV-BF-IND-H20,3,台,45999,"11.5%",40709,122127,已发货,已确认,直销,销售一部,韩雪,"2025-04-26",否,"","",杭州大地农资有限公司,QT-202303-00622,"","2025-04-07",Active
SO0000495,SO-202303-00211,"2025-03-08","10033",杭州大地农资有限公司,10,P0010,UAV-BF-IND-H30,UAV-BF-IND-H30,9,台,58999,"12.3%",51742,465679,已发货,已确认,项目销售,销售一部,郑海,"2025-03-25",否,HT-2023-212,上海市农业合作社应用项目,杭州大地农资有限公司,QT-202303-00211,"","2025-03-08",Active
SO0000496,SO-202303-00211,"2025-03-08","10033",杭州大地农资有限公司,20,P0006,UAV-JF-ENT-AG,UAV-JF-ENT-AG,4,台,22999,"14.6%",19641,78565,已发货,已确认,项目销售,销售一部,郑海,"2025-04-24",否,HT-2023-212,上海市农业合作社应用项目,杭州大地农资有限公司,QT-202303-00211,"","2025-03-08",Active
SO0000497,SO-202303-00211,"2025-03-08","10033",杭州大地农资有限公司,30,P0009,UAV-BF-IND-H20,UAV-BF-IND-H20,12,台,45999,"8.5%",42089,505069,已发货,已确认,项目销售,销售一部,郑海,"2025-04-19",否,HT-2023-212,上海市农业合作社应用项目,杭州大地农资有限公司,QT-202303-00211,"","2025-03-08",Active
SO0000498,SO-202305-00212,"2025-05-14","10033",杭州大地农资有限公司,10,P0009,UAV-BF-IND-H20,UAV-BF-IND-H20,6,台,45999,"14.7%",39237,235423,已发货,已确认,项目销售,销售一部,姚强,"2025-06-10",否,HT-2023-312,杭州大地农资有限公司设备采购项目,杭州大地农资有限公司,QT-202305-00614,"","2025-05-14",Active
SO0000499,SO-202305-00212,"2025-05-14","10033",杭州大地农资有限公司,20,P0006,UAV-JF-ENT-AG,UAV-JF-ENT-AG,11,台,22999,"8.9%",20952,230473,已发货,已确认,项目销售,销售一部,姚强,"2025-06-22",否,HT-2023-312,杭州大地农资有限公司设备采购项目,杭州大地农资有限公司,QT-202305-00614,"","2025-05-14",Active
SO0000500,SO-202305-00212,"2025-05-14","10033",杭州大地农资有限公司,30,P0010,UAV-BF-IND-H30,UAV-BF-IND-H30,5,台,58999,"9.5%",53394,266971,已发货,已确认,项目销售,销售一部,姚强,"2025-06-01",否,HT-2023-312,杭州大地农资有限公司设备采购项目,杭州大地农资有限公司,QT-202305-00614,"","2025-05-14",Active
SO0000501,SO-202403-00213,"2025-03-17","10033",杭州大地农资有限公司,10,P0009,UAV-BF-IND-H20,UAV-BF-IND-H20,9,台,45999,"9.5%",41629,374662,已发货,已确认,直销,销售一部,曹磊,"2025-04-08",否,"","",杭州大地农资有限公司,QT-202403-00213,"","2025-03-17",Active
SO0000502,SO-202403-00213,"2025-03-17","10033",杭州大地农资有限公司,20,P0006,UAV-JF-ENT-AG,UAV-JF-ENT-AG,10,台,22999,"13.8%",19825,198251,已发货,已确认,直销,销售一部,曹磊,"2025-05-10",否,"","",杭州大地农资有限公司,QT-202403-00213,"","2025-03-17",Active
SO0000503,SO-202403-00213,"2025-03-17","10033",杭州大地农资有限公司,30,P0010,UAV-BF-IND-H30,UAV-BF-IND-H30,8,台,58999,"11.5%",52214,417713,已发货,已确认,直销,销售一部,曹磊,"2025-04-22",否,"","",杭州大地农资有限公司,QT-202403-00213,"","2025-03-17",Active
SO0000504,SO-202305-00214,"2025-05-21","10033",杭州大地农资有限公司,10,P0006,UAV-JF-ENT-AG,UAV-JF-ENT-AG,4,台,22999,"9.1%",20906,83624,已发货,已确认,直销,销售一部,杨帆,"2025-06-19",否,"","",杭州大地农资有限公司,QT-202305-00615,"","2025-05-21",Active
SO0000505,SO-202305-00214,"2025-05-21","10033",杭州大地农资有限公司,20,P0010,UAV-BF-IND-H30,UAV-BF-IND-H30,9,台,58999,"7.5%",54574,491167,已发货,已确认,直销,销售一部,杨帆,"2025-07-09",否,"","",杭州大地农资有限公司,QT-202305-00615,"","2025-05-21",Active
SO0000506,SO-202305-00214,"2025-05-21","10033",杭州大地农资有限公司,30,P0009,UAV-BF-IND-H20,UAV-BF-IND-H20,3,台,45999,"5.1%",43653,130959,已发货,已确认,直销,销售一部,杨帆,"2025-06-05",否,"","",杭州大地农资有限公司,QT-202305-00615,"","2025-05-21",Active
SO0000507,SO-202309-00215,"2025-09-18","10033",杭州大地农资有限公司,10,P0006,UAV-JF-ENT-AG,UAV-JF-ENT-AG,5,台,22999,"10.6%",20561,102806,已发货,已确认,项目销售,销售一部,王强,"2025-10-21",否,HT-2023-352,杭州大地农资有限公司设备采购项目,杭州大地农资有限公司,QT-202309-00534,"","2025-09-18",Active
SO0000508,SO-202309-00215,"2025-09-18","10033",杭州大地农资有限公司,20,P0010,UAV-BF-IND-H30,UAV-BF-IND-H30,6,台,58999,"11.9%",51978,311869,已发货,已确认,项目销售,销售一部,王强,"2025-11-10",否,HT-2023-352,杭州大地农资有限公司设备采购项目,杭州大地农资有限公司,QT-202309-00534,"","2025-09-18",Active
SO0000509,SO-202309-00215,"2025-09-18","10033",杭州大地农资有限公司,30,P0009,UAV-BF-IND-H20,UAV-BF-IND-H20,12,台,45999,"5.0%",43699,524389,已发货,已确认,项目销售,销售一部,王强,"2025-10-11",否,HT-2023-352,杭州大地农资有限公司设备采购项目,杭州大地农资有限公司,QT-202309-00534,"","2025-09-18",Active
SO0000510,SO-202306-00216,"2025-06-29","10033",杭州大地农资有限公司,10,P0009,UAV-BF-IND-H20,UAV-BF-IND-H20,7,台,45999,"12.5%",40249,281744,已发货,已确认,项目销售,销售一部,杨帆,"2025-08-17",否,HT-2023-409,"2023年上海市农业项目",杭州大地农资有限公司,QT-202306-00216,"","2025-06-29",Active
SO0000511,SO-202306-00216,"2025-06-29","10033",杭州大地农资有限公司,20,P0006,UAV-JF-ENT-AG,UAV-JF-ENT-AG,6,台,22999,"10.1%",20676,124057,已发货,已确认,项目销售,销售一部,杨帆,"2025-08-05",否,HT-2023-409,"2023年上海市农业项目",杭州大地农资有限公司,QT-202306-00216,"","2025-06-29",Active
SO0000512,SO-202306-00216,"2025-06-29","10033",杭州大地农资有限公司,30,P0010,UAV-BF-IND-H30,UAV-BF-IND-H30,12,台,58999,"10.6%",52745,632941,已发货,已确认,项目销售,销售一部,杨帆,"2025-08-02",否,HT-2023-409,"2023年上海市农业项目",杭州大地农资有限公司,QT-202306-00216,"","2025-06-29",Active
SO0000513,SO-202407-00217,"2025-07-03","10034",厦门田园农服有限公司,10,P0010,UAV-BF-IND-H30,UAV-BF-IND-H30,13,台,58999,"11.8%",52037,676483,已发货,已确认,项目销售,销售一部,孙丽,"2025-08-21",否,HT-2024-267,厦门田园农服有限公司设备采购项目,厦门田园农服有限公司,QT-202407-00217,"","2025-07-03",Active
SO0000514,SO-202407-00217,"2025-07-03","10034",厦门田园农服有限公司,20,P0009,UAV-BF-IND-H20,UAV-BF-IND-H20,8,台,45999,"14.5%",39329,314633,已发货,已确认,项目销售,销售一部,孙丽,"2025-08-13",否,HT-2024-267,厦门田园农服有限公司设备采购项目,厦门田园农服有限公司,QT-202407-00217,"","2025-07-03",Active
SO0000515,SO-202407-00217,"2025-07-03","10034",厦门田园农服有限公司,30,P0006,UAV-JF-ENT-AG,UAV-JF-ENT-AG,14,台,22999,"5.5%",21734,304277,已发货,已确认,项目销售,销售一部,孙丽,"2025-08-18",否,HT-2024-267,厦门田园农服有限公司设备采购项目,厦门田园农服有限公司,QT-202407-00217,"","2025-07-03",Active
SO0000516,SO-202404-00218,"2025-04-12","10034",厦门田园农服有限公司,10,P0006,UAV-JF-ENT-AG,UAV-JF-ENT-AG,6,台,22999,"12.0%",20239,121435,已发货,已确认,直销,销售一部,王强,"2025-06-01",否,"","",厦门田园农服有限公司,QT-202404-00538,"","2025-04-12",Active
SO0000517,SO-202404-00218,"2025-04-12","10034",厦门田园农服有限公司,20,P0010,UAV-BF-IND-H30,UAV-BF-IND-H30,6,台,58999,"13.8%",50857,305143,已发货,已确认,直销,销售一部,王强,"2025-05-06",否,"","",厦门田园农服有限公司,QT-202404-00538,"","2025-04-12",Active
SO0000518,SO-202404-00218,"2025-04-12","10034",厦门田园农服有限公司,30,P0009,UAV-BF-IND-H20,UAV-BF-IND-H20,3,台,45999,"5.2%",43607,130821,已发货,已确认,直销,销售一部,王强,"2025-06-10",否,"","",厦门田园农服有限公司,QT-202404-00538,"","2025-04-12",Active
SO0000519,SO-202403-00219,"2025-03-15","10034",厦门田园农服有限公司,10,P0010,UAV-BF-IND-H30,UAV-BF-IND-H30,3,台,58999,"10.0%",53099,159297,已发货,已确认,直销,销售一部,孙丽,"2025-04-01",否,"","",厦门田园农服有限公司,QT-202403-00553,"","2025-03-15",Active
SO0000520,SO-202403-00219,"2025-03-15","10034",厦门田园农服有限公司,20,P0009,UAV-BF-IND-H20,UAV-BF-IND-H20,7,台,45999,"12.2%",40387,282710,已发货,已确认,直销,销售一部,孙丽,"2025-04-23",否,"","",厦门田园农服有限公司,QT-202403-00553,"","2025-03-15",Active
SO0000521,SO-202403-00219,"2025-03-15","10034",厦门田园农服有限公司,30,P0006,UAV-JF-ENT-AG,UAV-JF-ENT-AG,7,台,22999,"6.7%",21458,150206,已发货,已确认,直销,销售一部,孙丽,"2025-04-04",否,"","",厦门田园农服有限公司,QT-202403-00553,"","2025-03-15",Active
SO0000522,SO-202304-00220,"2025-04-18","10034",厦门田园农服有限公司,10,P0009,UAV-BF-IND-H20,UAV-BF-IND-H20,10,台,45999,"14.8%",39191,391912,已发货,已确认,直销,销售一部,杨帆,"2025-05-27",否,"","",厦门田园农服有限公司,QT-202304-00584,"","2025-04-18",Active
SO0000523,SO-202304-00220,"2025-04-18","10034",厦门田园农服有限公司,20,P0010,UAV-BF-IND-H30,UAV-BF-IND-H30,9,台,58999,"10.6%",52745,474706,已发货,已确认,直销,销售一部,杨帆,"2025-05-17",否,"","",厦门田园农服有限公司,QT-202304-00584,"","2025-04-18",Active
SO0000524,SO-202405-00221,"2025-05-07","10034",厦门田园农服有限公司,10,P0009,UAV-BF-IND-H20,UAV-BF-IND-H20,6,台,45999,"8.4%",42135,252810,已发货,已确认,项目销售,销售一部,孙丽,"2025-05-24",否,HT-2024-347,"2024年咸阳市农业项目",厦门田园农服有限公司,QT-202405-00221,"","2025-05-07",Active
SO0000525,SO-202405-00221,"2025-05-07","10034",厦门田园农服有限公司,20,P0006,UAV-JF-ENT-AG,UAV-JF-ENT-AG,11,台,22999,"7.4%",21297,234268,已发货,已确认,项目销售,销售一部,孙丽,"2025-05-23",否,HT-2024-347,"2024年咸阳市农业项目",厦门田园农服有限公司,QT-202405-00221,"","2025-05-07",Active
SO0000526,SO-202405-00221,"2025-05-07","10034",厦门田园农服有限公司,30,P0010,UAV-BF-IND-H30,UAV-BF-IND-H30,15,台,58999,"5.8%",55577,833656,已发货,已确认,项目销售,销售一部,孙丽,"2025-06-07",否,HT-2024-347,"2024年咸阳市农业项目",厦门田园农服有限公司,QT-202405-00221,"","2025-05-07",Active
SO0000527,SO-202305-00222,"2025-05-07","10034",厦门田园农服有限公司,10,P0006,UAV-JF-ENT-AG,UAV-JF-ENT-AG,9,台,22999,"7.2%",21343,192088,已发货,已确认,项目销售,销售一部,张伟,"2025-05-25",否,HT-2023-171,厦门田园农服有限公司设备采购项目,厦门田园农服有限公司,QT-202304-00598,"","2025-05-07",Active
SO0000528,SO-202305-00222,"2025-05-07","10034",厦门田园农服有限公司,20,P0009,UAV-BF-IND-H20,UAV-BF-IND-H20,8,台,45999,"9.5%",41629,333033,已发货,已确认,项目销售,销售一部,张伟,"2025-07-04",否,HT-2023-171,厦门田园农服有限公司设备采购项目,厦门田园农服有限公司,QT-202304-00598,"","2025-05-07",Active
SO0000529,SO-202305-00222,"2025-05-07","10034",厦门田园农服有限公司,30,P0010,UAV-BF-IND-H30,UAV-BF-IND-H30,14,台,58999,"6.4%",55223,773123,已发货,已确认,项目销售,销售一部,张伟,"2025-06-25",否,HT-2023-171,厦门田园农服有限公司设备采购项目,厦门田园农服有限公司,QT-202304-00598,"","2025-05-07",Active
SO0000530,SO-202311-00223,"2025-11-16","10034",厦门田园农服有限公司,10,P0009,UAV-BF-IND-H20,UAV-BF-IND-H20,17,台,45999,"10.3%",41261,701439,已发货,已确认,项目销售,销售一部,张伟,"2025-12-16",否,HT-2023-099,厦门田园农服有限公司设备采购项目,厦门田园农服有限公司,QT-202311-00509,"","2025-11-16",Active
SO0000531,SO-202311-00223,"2025-11-16","10034",厦门田园农服有限公司,20,P0010,UAV-BF-IND-H30,UAV-BF-IND-H30,9,台,58999,"5.9%",55518,499663,已发货,已确认,项目销售,销售一部,张伟,"2025-12-18",否,HT-2023-099,厦门田园农服有限公司设备采购项目,厦门田园农服有限公司,QT-202311-00509,"","2025-11-16",Active
SO0000532,SO-202311-00223,"2025-11-16","10034",厦门田园农服有限公司,30,P0006,UAV-JF-ENT-AG,UAV-JF-ENT-AG,15,台,22999,"8.2%",21113,316696,已发货,已确认,项目销售,销售一部,张伟,"2025-12-18",否,HT-2023-099,厦门田园农服有限公司设备采购项目,厦门田园农服有限公司,QT-202311-00509,"","2025-11-16",Active
SO0000533,SO-202403-00224,"2025-03-16","10034",厦门田园农服有限公司,10,P0006,UAV-JF-ENT-AG,UAV-JF-ENT-AG,8,台,22999,"9.3%",20860,166881,已发货,已确认,项目销售,销售一部,刘洋,"2025-04-02",否,HT-2024-053,"2024年咸阳市农业项目",厦门田园农服有限公司,QT-202403-00554,"","2025-03-16",Active
SO0000534,SO-202403-00224,"2025-03-16","10034",厦门田园农服有限公司,20,P0009,UAV-BF-IND-H20,UAV-BF-IND-H20,13,台,45999,"11.4%",40755,529816,已发货,已确认,项目销售,销售一部,刘洋,"2025-05-12",否,HT-2024-053,"2024年咸阳市农业项目",厦门田园农服有限公司,QT-202403-00554,"","2025-03-16",Active
SO0000535,SO-202405-00225,"2025-05-30","10034",厦门田园农服有限公司,10,P0010,UAV-BF-IND-H30,UAV-BF-IND-H30,14,台,58999,"9.3%",53512,749169,已发货,已确认,项目销售,销售一部,袁琳,"2025-07-04",否,HT-2024-228,"2024年咸阳市农业项目",厦门田园农服有限公司,QT-202405-00543,"","2025-05-30",Active
SO0000536,SO-202405-00225,"2025-05-30","10034",厦门田园农服有限公司,20,P0006,UAV-JF-ENT-AG,UAV-JF-ENT-AG,7,台,22999,"6.5%",21504,150528,已发货,已确认,项目销售,销售一部,袁琳,"2025-07-12",否,HT-2024-228,"2024年咸阳市农业项目",厦门田园农服有限公司,QT-202405-00543,"","2025-05-30",Active
SO0000537,SO-202405-00225,"2025-05-30","10034",厦门田园农服有限公司,30,P0009,UAV-BF-IND-H20,UAV-BF-IND-H20,19,台,45999,"14.8%",39191,744632,已发货,已确认,项目销售,销售一部,袁琳,"2025-06-14",否,HT-2024-228,"2024年咸阳市农业项目",厦门田园农服有限公司,QT-202405-00543,"","2025-05-30",Active
SO0000538,SO-202304-00226,"2025-04-19","10034",厦门田园农服有限公司,10,P0006,UAV-JF-ENT-AG,UAV-JF-ENT-AG,13,台,22999,"6.6%",21481,279254,已发货,已确认,项目销售,销售一部,冯涛,"2025-05-17",否,HT-2023-304,咸阳市种植大户应用项目,厦门田园农服有限公司,QT-202304-00585,"","2025-04-19",Active
SO0000539,SO-202304-00226,"2025-04-19","10034",厦门田园农服有限公司,20,P0009,UAV-BF-IND-H20,UAV-BF-IND-H20,18,台,45999,"14.4%",39375,708753,已发货,已确认,项目销售,销售一部,冯涛,"2025-05-09",否,HT-2023-304,咸阳市种植大户应用项目,厦门田园农服有限公司,QT-202304-00585,"","2025-04-19",Active
SO0000540,SO-202304-00226,"2025-04-19","10034",厦门田园农服有限公司,30,P0010,UAV-BF-IND-H30,UAV-BF-IND-H30,13,台,58999,"6.0%",55459,720968,已发货,已确认,项目销售,销售一部,冯涛,"2025-06-08",否,HT-2023-304,咸阳市种植大户应用项目,厦门田园农服有限公司,QT-202304-00585,"","2025-04-19",Active
SO0000541,SO-202303-00227,"2025-03-27","10034",厦门田园农服有限公司,10,P0006,UAV-JF-ENT-AG,UAV-JF-ENT-AG,7,台,22999,"7.3%",21320,149240,已发货,已确认,项目销售,销售一部,韩雪,"2025-04-28",否,HT-2023-050,厦门田园农服有限公司设备采购项目,厦门田园农服有限公司,QT-202303-00608,"","2025-03-27",Active
SO0000542,SO-202303-00227,"2025-03-27","10034",厦门田园农服有限公司,20,P0009,UAV-BF-IND-H20,UAV-BF-IND-H20,13,台,45999,"6.3%",43101,560314,已发货,已确认,项目销售,销售一部,韩雪,"2025-04-19",否,HT-2023-050,厦门田园农服有限公司设备采购项目,厦门田园农服有限公司,QT-202303-00608,"","2025-03-27",Active
SO0000543,SO-202303-00227,"2025-03-27","10034",厦门田园农服有限公司,30,P0010,UAV-BF-IND-H30,UAV-BF-IND-H30,12,台,58999,"8.7%",53866,646393,已发货,已确认,项目销售,销售一部,韩雪,"2025-04-20",否,HT-2023-050,厦门田园农服有限公司设备采购项目,厦门田园农服有限公司,QT-202303-00608,"","2025-03-27",Active
SO0000544,SO-202404-00228,"2025-04-26","10034",厦门田园农服有限公司,10,P0010,UAV-BF-IND-H30,UAV-BF-IND-H30,4,台,58999,"8.5%",53984,215936,已发货,已确认,直销,销售一部,周杰,"2025-05-22",否,"","",厦门田园农服有限公司,QT-202404-00539,"","2025-04-26",Active
SO0000545,SO-202404-00228,"2025-04-26","10034",厦门田园农服有限公司,20,P0006,UAV-JF-ENT-AG,UAV-JF-ENT-AG,10,台,22999,"9.2%",20883,208831,已发货,已确认,直销,销售一部,周杰,"2025-05-13",否,"","",厦门田园农服有限公司,QT-202404-00539,"","2025-04-26",Active
SO0000546,SO-202404-00228,"2025-04-26","10034",厦门田园农服有限公司,30,P0009,UAV-BF-IND-H20,UAV-BF-IND-H20,6,台,45999,"14.4%",39375,236251,已发货,已确认,直销,销售一部,周杰,"2025-06-25",否,"","",厦门田园农服有限公司,QT-202404-00539,"","2025-04-26",Active
SO0000547,SO-202311-00229,"2025-11-29","10034",厦门田园农服有限公司,10,P0009,UAV-BF-IND-H20,UAV-BF-IND-H20,6,台,45999,"9.0%",41859,251155,已发货,已确认,项目销售,销售一部,韩雪,"2025-12-02",否,HT-2023-434,"2023年咸阳市农业项目",厦门田园农服有限公司,QT-202311-00510,"","2025-11-29",Active
SO0000548,SO-202311-00229,"2025-11-29","10034",厦门田园农服有限公司,20,P0006,UAV-JF-ENT-AG,UAV-JF-ENT-AG,4,台,22999,"14.2%",19733,78933,已发货,已确认,项目销售,销售一部,韩雪,"2025-12-02",否,HT-2023-434,"2023年咸阳市农业项目",厦门田园农服有限公司,QT-202311-00510,"","2025-11-29",Active
SO0000549,SO-202311-00229,"2025-11-29","10034",厦门田园农服有限公司,30,P0010,UAV-BF-IND-H30,UAV-BF-IND-H30,8,台,58999,"9.9%",53158,425265,已发货,已确认,项目销售,销售一部,韩雪,"2025-12-29",否,HT-2023-434,"2023年咸阳市农业项目",厦门田园农服有限公司,QT-202311-00510,"","2025-11-29",Active
SO0000550,SO-202305-00230,"2025-05-06","10034",厦门田园农服有限公司,10,P0009,UAV-BF-IND-H20,UAV-BF-IND-H20,9,台,45999,"14.3%",39421,354790,已发货,已确认,直销,销售一部,冯涛,"2025-06-17",否,"","",厦门田园农服有限公司,QT-202304-00599,"","2025-05-06",Active
SO0000551,SO-202305-00230,"2025-05-06","10034",厦门田园农服有限公司,20,P0010,UAV-BF-IND-H30,UAV-BF-IND-H30,7,台,58999,"13.6%",50975,356826,已发货,已确认,直销,销售一部,冯涛,"2025-06-10",否,"","",厦门田园农服有限公司,QT-202304-00599,"","2025-05-06",Active
SO0000552,SO-202304-00231,"2025-04-02","10034",厦门田园农服有限公司,10,P0009,UAV-BF-IND-H20,UAV-BF-IND-H20,20,台,45999,"5.6%",43423,868461,已发货,已确认,项目销售,销售一部,姚强,"2025-05-05",否,HT-2023-402,厦门田园农服有限公司设备采购项目,厦门田园农服有限公司,QT-202303-00623,"","2025-04-02",Active
SO0000553,SO-202304-00231,"2025-04-02","10034",厦门田园农服有限公司,20,P0010,UAV-BF-IND-H30,UAV-BF-IND-H30,5,台,58999,"13.4%",51093,255466,已发货,已确认,项目销售,销售一部,姚强,"2025-04-19",否,HT-2023-402,厦门田园农服有限公司设备采购项目,厦门田园农服有限公司,QT-202303-00623,"","2025-04-02",Active
SO0000554,SO-202304-00231,"2025-04-02","10034",厦门田园农服有限公司,30,P0006,UAV-JF-ENT-AG,UAV-JF-ENT-AG,7,台,22999,"5.7%",21688,151816,已发货,已确认,项目销售,销售一部,姚强,"2025-05-24",否,HT-2023-402,厦门田园农服有限公司设备采购项目,厦门田园农服有限公司,QT-202303-00623,"","2025-04-02",Active
SO0000555,SO-202303-00232,"2025-03-21","10035",厦门绿源农科技术有限公司,10,P0006,UAV-JF-ENT-AG,UAV-JF-ENT-AG,5,台,22999,"0.0%",22999,114995,已发货,已确认,直销,销售一部,袁琳,"2025-04-18",否,"","",厦门绿源农科技术有限公司,QT-202303-00232,"","2025-03-21",Active
SO0000556,SO-202404-00233,"2025-04-09","10035",厦门绿源农科技术有限公司,10,P0010,UAV-BF-IND-H30,UAV-BF-IND-H30,17,台,58999,"3.4%",56993,968882,已发货,已确认,项目销售,销售一部,王强,"2025-04-26",否,HT-2024-395,厦门绿源农科技术有限公司设备采购项目,厦门绿源农科技术有限公司,QT-202403-00567,"","2025-04-09",Active
SO0000557,SO-202404-00233,"2025-04-09","10035",厦门绿源农科技术有限公司,20,P0009,UAV-BF-IND-H20,UAV-BF-IND-H20,9,台,45999,"0.0%",45999,413991,已发货,已确认,项目销售,销售一部,王强,"2025-05-18",否,HT-2024-395,厦门绿源农科技术有限公司设备采购项目,厦门绿源农科技术有限公司,QT-202403-00567,"","2025-04-09",Active
SO0000558,SO-202404-00233,"2025-04-09","10035",厦门绿源农科技术有限公司,30,P0006,UAV-JF-ENT-AG,UAV-JF-ENT-AG,15,台,22999,"2.0%",22539,338085,已发货,已确认,项目销售,销售一部,王强,"2025-04-29",否,HT-2024-395,厦门绿源农科技术有限公司设备采购项目,厦门绿源农科技术有限公司,QT-202403-00567,"","2025-04-09",Active
SO0000559,SO-202303-00234,"2025-03-29","10035",厦门绿源农科技术有限公司,10,P0006,UAV-JF-ENT-AG,UAV-JF-ENT-AG,11,台,22999,"4.1%",22056,242616,已发货,已确认,项目销售,销售一部,袁琳,"2025-05-16",否,HT-2023-339,"2023年重庆市农业项目",厦门绿源农科技术有限公司,QT-202303-00234,"","2025-03-29",Active
SO0000560,SO-202303-00234,"2025-03-29","10035",厦门绿源农科技术有限公司,20,P0009,UAV-BF-IND-H20,UAV-BF-IND-H20,6,台,45999,"0.0%",45999,275994,已发货,已确认,项目销售,销售一部,袁琳,"2025-05-21",否,HT-2023-339,"2023年重庆市农业项目",厦门绿源农科技术有限公司,QT-202303-00234,"","2025-03-29",Active
SO0000561,SO-202404-00235,"2025-04-02","10035",厦门绿源农科技术有限公司,10,P0010,UAV-BF-IND-H30,UAV-BF-IND-H30,3,台,58999,"0.0%",58999,176997,已发货,已确认,直销,销售一部,杨帆,"2025-05-04",否,"","",厦门绿源农科技术有限公司,QT-202403-00568,"","2025-04-02",Active
SO0000562,SO-202404-00235,"2025-04-02","10035",厦门绿源农科技术有限公司,20,P0009,UAV-BF-IND-H20,UAV-BF-IND-H20,2,台,45999,"0.0%",45999,91998,已发货,已确认,直销,销售一部,杨帆,"2025-05-23",否,"","",厦门绿源农科技术有限公司,QT-202403-00568,"","2025-04-02",Active
SO0000563,SO-202304-00236,"2025-04-02","10036",上海图达地理信息技术有限公司,10,P0007,UAV-JF-ENT-SV,UAV-JF-ENT-SV,2,台,28999,"0.0%",28999,57998,已发货,已确认,直销,销售一部,袁琳,"2025-05-10",否,"","",上海图达地理信息技术有限公司,QT-202304-00236,"","2025-04-02",Active
SO0000564,SO-202304-00236,"2025-04-02","10036",上海图达地理信息技术有限公司,20,P0003,UAV-XF-PRO-A,UAV-XF-PRO-A,2,台,3799,"0.0%",3799,7598,已发货,已确认,直销,销售一部,袁琳,"2025-05-16",否,"","",上海图达地理信息技术有限公司,QT-202304-00236,"","2025-04-02",Active
SO0000565,SO-202407-00237,"2025-07-16","10036",上海图达地理信息技术有限公司,10,P0004,UAV-XF-PRO-B,UAV-XF-PRO-B,2,台,4199,"0.0%",4199,8398,已发货,已确认,直销,销售一部,李娜,"2025-08-28",否,"","",上海图达地理信息技术有限公司,QT-202407-00545,"","2025-07-16",Active
SO0000566,SO-202407-00237,"2025-07-16","10036",上海图达地理信息技术有限公司,20,P0007,UAV-JF-ENT-SV,UAV-JF-ENT-SV,4,台,28999,"0.0%",28999,115996,已发货,已确认,直销,销售一部,李娜,"2025-08-23",否,"","",上海图达地理信息技术有限公司,QT-202407-00545,"","2025-07-16",Active
SO0000567,SO-202302-00238,"2025-02-01","10036",上海图达地理信息技术有限公司,10,P0003,UAV-XF-PRO-A,UAV-XF-PRO-A,5,台,3799,"0.0%",3799,18995,已发货,已确认,直销,销售一部,周杰,"2025-03-20",否,"","",上海图达地理信息技术有限公司,"","","2025-02-01",Active
SO0000568,SO-202403-00239,"2025-03-21","10037",沈阳地信勘测工程有限公司,10,P0003,UAV-XF-PRO-A,UAV-XF-PRO-A,4,台,3799,"0.0%",3799,15196,已发货,已确认,直销,销售一部,谢文,"2025-05-13",否,"","",沈阳地信勘测工程有限公司,"","","2025-03-21",Active
SO0000569,SO-202401-00240,"2025-01-04","10037",沈阳地信勘测工程有限公司,10,P0003,UAV-XF-PRO-A,UAV-XF-PRO-A,4,台,3799,"0.0%",3799,15196,已发货,已确认,直销,销售一部,蒋敏,"2025-02-02",否,"","",沈阳地信勘测工程有限公司,QT-202401-00240,"","2025-01-04",Active
SO0000570,SO-202410-00241,"2025-10-25","10037",沈阳地信勘测工程有限公司,10,P0004,UAV-XF-PRO-B,UAV-XF-PRO-B,2,台,4199,"0.0%",4199,8398,已发货,已确认,直销,销售一部,张伟,"2025-12-05",否,"","",沈阳地信勘测工程有限公司,QT-202410-00241,"","2025-10-25",Active
SO0000571,SO-202410-00242,"2025-10-19","10037",沈阳地信勘测工程有限公司,10,P0004,UAV-XF-PRO-B,UAV-XF-PRO-B,3,台,4199,"0.0%",4199,12597,已发货,已确认,直销,销售一部,蒋敏,"2025-11-21",否,"","",沈阳地信勘测工程有限公司,QT-202410-00242,"","2025-10-19",Active
SO0000572,SO-202406-00243,"2025-06-05","10037",沈阳地信勘测工程有限公司,10,P0003,UAV-XF-PRO-A,UAV-XF-PRO-A,18,台,3799,"6.6%",3548,63869,已发货,已确认,项目销售,销售一部,蒋敏,"2025-06-29",否,HT-2024-116,"2024年福州市测绘项目",沈阳地信勘测工程有限公司,QT-202406-00243,"","2025-06-05",Active
SO0000573,SO-202406-00243,"2025-06-05","10037",沈阳地信勘测工程有限公司,20,P0007,UAV-JF-ENT-SV,UAV-JF-ENT-SV,12,台,28999,"6.0%",27259,327109,已发货,已确认,项目销售,销售一部,蒋敏,"2025-07-02",否,HT-2024-116,"2024年福州市测绘项目",沈阳地信勘测工程有限公司,QT-202406-00243,"","2025-06-05",Active
SO0000574,SO-202406-00243,"2025-06-05","10037",沈阳地信勘测工程有限公司,30,P0004,UAV-XF-PRO-B,UAV-XF-PRO-B,10,台,4199,"3.0%",4073,40730,已发货,已确认,项目销售,销售一部,蒋敏,"2025-06-20",否,HT-2024-116,"2024年福州市测绘项目",沈阳地信勘测工程有限公司,QT-202406-00243,"","2025-06-05",Active
SO0000575,SO-202405-00244,"2025-05-25","10037",沈阳地信勘测工程有限公司,10,P0007,UAV-JF-ENT-SV,UAV-JF-ENT-SV,15,台,28999,"5.6%",27375,410626,已发货,已确认,项目销售,销售一部,周杰,"2025-07-09",否,HT-2024-280,福州市工程测量应用项目,沈阳地信勘测工程有限公司,QT-202405-00544,"","2025-05-25",Active
SO0000576,SO-202405-00244,"2025-05-25","10037",沈阳地信勘测工程有限公司,20,P0003,UAV-XF-PRO-A,UAV-XF-PRO-A,28,台,3799,"9.2%",3449,96586,已发货,已确认,项目销售,销售一部,周杰,"2025-06-11",否,HT-2024-280,福州市工程测量应用项目,沈阳地信勘测工程有限公司,QT-202405-00544,"","2025-05-25",Active
SO0000577,SO-202405-00244,"2025-05-25","10037",沈阳地信勘测工程有限公司,30,P0004,UAV-XF-PRO-B,UAV-XF-PRO-B,18,台,4199,"9.8%",3788,68175,已发货,已确认,项目销售,销售一部,周杰,"2025-06-19",否,HT-2024-280,福州市工程测量应用项目,沈阳地信勘测工程有限公司,QT-202405-00544,"","2025-05-25",Active
SO0000578,SO-202405-00245,"2025-05-09","10038",青岛空地测量有限公司,10,P0007,UAV-JF-ENT-SV,UAV-JF-ENT-SV,5,台,28999,"0.0%",28999,144995,已发货,已确认,直销,销售一部,钱进,"2025-06-26",否,"","",青岛空地测量有限公司,QT-202404-00543,"","2025-05-09",Active
SO0000579,SO-202406-00246,"2025-06-23","10038",青岛空地测量有限公司,10,P0003,UAV-XF-PRO-A,UAV-XF-PRO-A,2,台,3799,"0.0%",3799,7598,已发货,已确认,直销,销售一部,吴磊,"2025-08-02",否,"","",青岛空地测量有限公司,"","","2025-06-23",Active
SO0000580,SO-202406-00246,"2025-06-23","10038",青岛空地测量有限公司,20,P0004,UAV-XF-PRO-B,UAV-XF-PRO-B,5,台,4199,"0.0%",4199,20995,已发货,已确认,直销,销售一部,吴磊,"2025-07-23",否,"","",青岛空地测量有限公司,"","","2025-06-23",Active
SO0000581,SO-202411-00247,"2025-11-10","10038",青岛空地测量有限公司,10,P0007,UAV-JF-ENT-SV,UAV-JF-ENT-SV,12,台,28999,"5.1%",27520,330241,已发货,已确认,项目销售,销售一部,王强,"2025-12-01",否,HT-2024-160,宜昌市工程测量应用项目,青岛空地测量有限公司,QT-202410-00539,"","2025-11-10",Active
SO0000582,SO-202411-00247,"2025-11-10","10038",青岛空地测量有限公司,20,P0003,UAV-XF-PRO-A,UAV-XF-PRO-A,28,台,3799,"9.6%",3434,96160,已发货,已确认,项目销售,销售一部,王强,"2025-12-17",否,HT-2024-160,宜昌市工程测量应用项目,青岛空地测量有限公司,QT-202410-00539,"","2025-11-10",Active
SO0000583,SO-202411-00247,"2025-11-10","10038",青岛空地测量有限公司,30,P0004,UAV-XF-PRO-B,UAV-XF-PRO-B,19,台,4199,"2.7%",4086,77627,已发货,已确认,项目销售,销售一部,王强,"2025-11-13",否,HT-2024-160,宜昌市工程测量应用项目,青岛空地测量有限公司,QT-202410-00539,"","2025-11-10",Active
SO0000584,SO-202301-00248,"2025-01-12","10038",青岛空地测量有限公司,10,P0004,UAV-XF-PRO-B,UAV-XF-PRO-B,3,台,4199,"0.0%",4199,12597,已发货,已确认,直销,销售一部,姚强,"2025-02-26",否,"","",青岛空地测量有限公司,"","","2025-01-12",Active
SO0000585,SO-202301-00248,"2025-01-12","10038",青岛空地测量有限公司,20,P0003,UAV-XF-PRO-A,UAV-XF-PRO-A,2,台,3799,"0.0%",3799,7598,已发货,已确认,直销,销售一部,姚强,"2025-02-07",否,"","",青岛空地测量有限公司,"","","2025-01-12",Active
SO0000586,SO-202310-00249,"2025-10-29","10038",青岛空地测量有限公司,10,P0007,UAV-JF-ENT-SV,UAV-JF-ENT-SV,1,台,28999,"0.0%",28999,28999,已发货,已确认,直销,销售一部,郑海,"2025-12-20",否,"","",青岛空地测量有限公司,"","","2025-10-29",Active
SO0000587,SO-202309-00250,"2025-09-24","10038",青岛空地测量有限公司,10,P0004,UAV-XF-PRO-B,UAV-XF-PRO-B,15,台,4199,"6.5%",3926,58891,已发货,已确认,项目销售,销售一部,李娜,"2025-11-10",否,HT-2023-027,宜昌市工程测量应用项目,青岛空地测量有限公司,QT-202309-00535,"","2025-09-24",Active
SO0000588,SO-202309-00250,"2025-09-24","10038",青岛空地测量有限公司,20,P0003,UAV-XF-PRO-A,UAV-XF-PRO-A,28,台,3799,"5.3%",3598,100734,已发货,已确认,项目销售,销售一部,李娜,"2025-10-15",否,HT-2023-027,宜昌市工程测量应用项目,青岛空地测量有限公司,QT-202309-00535,"","2025-09-24",Active
SO0000589,SO-202309-00250,"2025-09-24","10038",青岛空地测量有限公司,30,P0007,UAV-JF-ENT-SV,UAV-JF-ENT-SV,6,台,28999,"0.0%",28999,173994,已发货,已确认,项目销售,销售一部,李娜,"2025-10-28",否,HT-2023-027,宜昌市工程测量应用项目,青岛空地测量有限公司,QT-202309-00535,"","2025-09-24",Active
SO0000590,SO-202310-00251,"2025-10-21","10038",青岛空地测量有限公司,10,P0003,UAV-XF-PRO-A,UAV-XF-PRO-A,5,台,3799,"0.0%",3799,18995,已发货,已确认,直销,销售一部,姚强,"2025-12-08",否,"","",青岛空地测量有限公司,QT-202310-00251,"","2025-10-21",Active
SO0000591,SO-202310-00251,"2025-10-21","10038",青岛空地测量有限公司,20,P0007,UAV-JF-ENT-SV,UAV-JF-ENT-SV,5,台,28999,"0.0%",28999,144995,已发货,已确认,直销,销售一部,姚强,"2025-12-12",否,"","",青岛空地测量有限公司,QT-202310-00251,"","2025-10-21",Active
SO0000592,SO-202310-00252,"2025-10-09","10039",厦门地测勘测工程有限公司,10,P0003,UAV-XF-PRO-A,UAV-XF-PRO-A,4,台,3799,"0.0%",3799,15196,已发货,已确认,直销,销售一部,吴磊,"2025-11-13",否,"","",厦门地测勘测工程有限公司,"","","2025-10-09",Active
SO0000593,SO-202310-00252,"2025-10-09","10039",厦门地测勘测工程有限公司,20,P0004,UAV-XF-PRO-B,UAV-XF-PRO-B,2,台,4199,"0.0%",4199,8398,已发货,已确认,直销,销售一部,吴磊,"2025-11-02",否,"","",厦门地测勘测工程有限公司,"","","2025-10-09",Active
SO0000594,SO-202306-00253,"2025-06-29","10039",厦门地测勘测工程有限公司,10,P0004,UAV-XF-PRO-B,UAV-XF-PRO-B,18,台,4199,"5.8%",3955,71198,已发货,已确认,项目销售,销售一部,吴磊,"2025-08-19",否,HT-2023-271,"2023年长沙市测绘项目",厦门地测勘测工程有限公司,QT-202306-00408,"","2025-06-29",Active
SO0000595,SO-202306-00253,"2025-06-29","10039",厦门地测勘测工程有限公司,20,P0007,UAV-JF-ENT-SV,UAV-JF-ENT-SV,12,台,28999,"7.5%",26824,321889,已发货,已确认,项目销售,销售一部,吴磊,"2025-08-05",否,HT-2023-271,"2023年长沙市测绘项目",厦门地测勘测工程有限公司,QT-202306-00408,"","2025-06-29",Active
SO0000596,SO-202409-00254,"2025-09-01","10039",厦门地测勘测工程有限公司,10,P0007,UAV-JF-ENT-SV,UAV-JF-ENT-SV,3,台,28999,"0.0%",28999,86997,已发货,已确认,直销,销售一部,刘洋,"2025-10-03",否,"","",厦门地测勘测工程有限公司,QT-202408-00529,"","2025-09-01",Active
SO0000597,SO-202409-00254,"2025-09-01","10039",厦门地测勘测工程有限公司,20,P0004,UAV-XF-PRO-B,UAV-XF-PRO-B,4,台,4199,"0.0%",4199,16796,已发货,已确认,直销,销售一部,刘洋,"2025-10-14",否,"","",厦门地测勘测工程有限公司,QT-202408-00529,"","2025-09-01",Active
SO0000598,SO-202410-00255,"2025-10-14","10040",沈阳空间空间信息有限公司,10,P0007,UAV-JF-ENT-SV,UAV-JF-ENT-SV,3,台,28999,"0.0%",28999,86997,已发货,已确认,直销,销售一部,陈静,"2025-11-14",否,"","",沈阳空间空间信息有限公司,QT-202410-00255,"","2025-10-14",Active
SO0000599,SO-202304-00256,"2025-04-29","10040",沈阳空间空间信息有限公司,10,P0007,UAV-JF-ENT-SV,UAV-JF-ENT-SV,3,台,28999,"0.0%",28999,86997,已发货,已确认,直销,销售一部,李娜,"2025-05-23",否,"","",沈阳空间空间信息有限公司,QT-202304-00586,"","2025-04-29",Active
SO0000600,SO-202406-00257,"2025-06-29","10040",沈阳空间空间信息有限公司,10,P0007,UAV-JF-ENT-SV,UAV-JF-ENT-SV,5,台,28999,"0.0%",28999,144995,已发货,已确认,直销,销售一部,周杰,"2025-08-15",否,"","",沈阳空间空间信息有限公司,QT-202406-00391,"","2025-06-29",Active
SO0000601,SO-202403-00258,"2025-03-21","10040",沈阳空间空间信息有限公司,10,P0007,UAV-JF-ENT-SV,UAV-JF-ENT-SV,5,台,28999,"0.0%",28999,144995,已发货,已确认,直销,销售一部,张伟,"2025-04-07",否,"","",沈阳空间空间信息有限公司,QT-202403-00555,"","2025-03-21",Active
SO0000602,SO-202302-00259,"2025-02-12","10040",沈阳空间空间信息有限公司,10,P0007,UAV-JF-ENT-SV,UAV-JF-ENT-SV,8,台,28999,"0.0%",28999,231992,已发货,已确认,项目销售,销售一部,赵敏,"2025-03-12",否,HT-2023-222,宜昌市勘测设计应用项目,沈阳空间空间信息有限公司,QT-202302-00259,"","2025-02-12",Active
SO0000603,SO-202302-00259,"2025-02-12","10040",沈阳空间空间信息有限公司,20,P0003,UAV-XF-PRO-A,UAV-XF-PRO-A,14,台,3799,"2.5%",3704,51856,已发货,已确认,项目销售,销售一部,赵敏,"2025-04-04",否,HT-2023-222,宜昌市勘测设计应用项目,沈阳空间空间信息有限公司,QT-202302-00259,"","2025-02-12",Active
SO0000604,SO-202302-00259,"2025-02-12","10040",沈阳空间空间信息有限公司,30,P0004,UAV-XF-PRO-B,UAV-XF-PRO-B,18,台,4199,"4.1%",4027,72483,已发货,已确认,项目销售,销售一部,赵敏,"2025-04-01",否,HT-2023-222,宜昌市勘测设计应用项目,沈阳空间空间信息有限公司,QT-202302-00259,"","2025-02-12",Active
SO0000605,SO-202304-00260,"2025-04-11","10040",沈阳空间空间信息有限公司,10,P0003,UAV-XF-PRO-A,UAV-XF-PRO-A,27,台,3799,"4.3%",3636,98162,已发货,已确认,项目销售,销售一部,吴磊,"2025-05-03",否,HT-2023-346,宜昌市勘测设计应用项目,沈阳空间空间信息有限公司,QT-202304-00587,"","2025-04-11",Active
SO0000606,SO-202304-00260,"2025-04-11","10040",沈阳空间空间信息有限公司,20,P0004,UAV-XF-PRO-B,UAV-XF-PRO-B,19,台,4199,"2.9%",4077,77467,已发货,已确认,项目销售,销售一部,吴磊,"2025-05-27",否,HT-2023-346,宜昌市勘测设计应用项目,沈阳空间空间信息有限公司,QT-202304-00587,"","2025-04-11",Active
SO0000607,SO-202304-00260,"2025-04-11","10040",沈阳空间空间信息有限公司,30,P0007,UAV-JF-ENT-SV,UAV-JF-ENT-SV,7,台,28999,"0.0%",28999,202993,已发货,已确认,项目销售,销售一部,吴磊,"2025-05-01",否,HT-2023-346,宜昌市勘测设计应用项目,沈阳空间空间信息有限公司,QT-202304-00587,"","2025-04-11",Active
SO0000608,SO-202307-00261,"2025-07-19","10040",沈阳空间空间信息有限公司,10,P0003,UAV-XF-PRO-A,UAV-XF-PRO-A,1,台,3799,"0.0%",3799,3799,已发货,已确认,直销,销售一部,曹磊,"2025-08-25",否,"","",沈阳空间空间信息有限公司,QT-202307-00261,"","2025-07-19",Active
SO0000609,SO-202301-00262,"2025-01-09","10040",沈阳空间空间信息有限公司,10,P0004,UAV-XF-PRO-B,UAV-XF-PRO-B,2,台,4199,"0.0%",4199,8398,已发货,已确认,直销,销售一部,王强,"2025-01-28",否,"","",沈阳空间空间信息有限公司,QT-202301-00262,"","2025-01-09",Active
SO0000610,SO-202309-00263,"2025-09-15","10041",沈阳测量地理信息科技有限公司,10,P0007,UAV-JF-ENT-SV,UAV-JF-ENT-SV,3,台,28999,"0.0%",28999,86997,已发货,已确认,直销,销售一部,杨帆,"2025-10-29",否,"","",沈阳测量地理信息科技有限公司,QT-202309-00536,"","2025-09-15",Active
SO0000611,SO-202309-00263,"2025-09-15","10041",沈阳测量地理信息科技有限公司,20,P0003,UAV-XF-PRO-A,UAV-XF-PRO-A,5,台,3799,"0.0%",3799,18995,已发货,已确认,直销,销售一部,杨帆,"2025-11-12",否,"","",沈阳测量地理信息科技有限公司,QT-202309-00536,"","2025-09-15",Active
SO0000612,SO-202412-00264,"2025-12-26","10041",沈阳测量地理信息科技有限公司,10,P0004,UAV-XF-PRO-B,UAV-XF-PRO-B,3,台,4199,"0.0%",4199,12597,已发货,已确认,直销,销售一部,赵敏,"2025-12-29",否,"","",沈阳测量地理信息科技有限公司,"","","2025-12-26",Active
SO0000613,SO-202309-00265,"2025-09-17","10041",沈阳测量地理信息科技有限公司,10,P0007,UAV-JF-ENT-SV,UAV-JF-ENT-SV,2,台,28999,"0.0%",28999,57998,已发货,已确认,直销,销售一部,郑海,"2025-11-06",否,"","",沈阳测量地理信息科技有限公司,QT-202309-00537,"","2025-09-17",Active
SO0000614,SO-202309-00265,"2025-09-17","10041",沈阳测量地理信息科技有限公司,20,P0003,UAV-XF-PRO-A,UAV-XF-PRO-A,1,台,3799,"0.0%",3799,3799,已发货,已确认,直销,销售一部,郑海,"2025-11-11",否,"","",沈阳测量地理信息科技有限公司,QT-202309-00537,"","2025-09-17",Active
SO0000615,SO-202412-00266,"2025-12-09","10041",沈阳测量地理信息科技有限公司,10,P0007,UAV-JF-ENT-SV,UAV-JF-ENT-SV,2,台,28999,"0.0%",28999,57998,已发货,已确认,直销,销售一部,孙丽,"2025-12-12",否,"","",沈阳测量地理信息科技有限公司,QT-202411-00583,"","2025-12-09",Active
SO0000616,SO-202303-00267,"2025-03-03","10041",沈阳测量地理信息科技有限公司,10,P0007,UAV-JF-ENT-SV,UAV-JF-ENT-SV,3,台,28999,"0.0%",28999,86997,已发货,已确认,直销,销售一部,吴磊,"2025-04-17",否,"","",沈阳测量地理信息科技有限公司,QT-202302-00400,"","2025-03-03",Active
SO0000617,SO-202303-00267,"2025-03-03","10041",沈阳测量地理信息科技有限公司,20,P0004,UAV-XF-PRO-B,UAV-XF-PRO-B,2,台,4199,"0.0%",4199,8398,已发货,已确认,直销,销售一部,吴磊,"2025-04-18",否,"","",沈阳测量地理信息科技有限公司,QT-202302-00400,"","2025-03-03",Active
SO0000618,SO-202405-00268,"2025-05-18","10042",济南空信空间信息服务有限公司,10,P0004,UAV-XF-PRO-B,UAV-XF-PRO-B,4,台,4199,"0.0%",4199,16796,已发货,已确认,直销,销售一部,赵敏,"2025-06-20",否,"","",济南空信空间信息服务有限公司,"","","2025-05-18",Active
SO0000619,SO-202304-00269,"2025-04-16","10042",济南空信空间信息服务有限公司,10,P0007,UAV-JF-ENT-SV,UAV-JF-ENT-SV,1,台,28999,"0.0%",28999,28999,已发货,已确认,直销,销售一部,李娜,"2025-06-03",否,"","",济南空信空间信息服务有限公司,"","","2025-04-16",Active
SO0000620,SO-202306-00270,"2025-06-02","10042",济南空信空间信息服务有限公司,10,P0007,UAV-JF-ENT-SV,UAV-JF-ENT-SV,4,台,28999,"0.0%",28999,115996,已发货,已确认,直销,销售一部,张伟,"2025-06-21",否,"","",济南空信空间信息服务有限公司,QT-202305-00622,"","2025-06-02",Active
SO0000621,SO-202406-00271,"2025-06-11","10042",济南空信空间信息服务有限公司,10,P0004,UAV-XF-PRO-B,UAV-XF-PRO-B,2,台,4199,"0.0%",4199,8398,已发货,已确认,直销,销售一部,姚强,"2025-06-28",否,"","",济南空信空间信息服务有限公司,QT-202406-00271,"","2025-06-11",Active
SO0000622,SO-202406-00271,"2025-06-11","10042",济南空信空间信息服务有限公司,20,P0007,UAV-JF-ENT-SV,UAV-JF-ENT-SV,4,台,28999,"0.0%",28999,115996,已发货,已确认,直销,销售一部,姚强,"2025-08-09",否,"","",济南空信空间信息服务有限公司,QT-202406-00271,"","2025-06-11",Active
SO0000623,SO-202401-00272,"2025-01-29","10042",济南空信空间信息服务有限公司,10,P0004,UAV-XF-PRO-B,UAV-XF-PRO-B,5,台,4199,"0.0%",4199,20995,已发货,已确认,直销,销售一部,姚强,"2025-02-28",否,"","",济南空信空间信息服务有限公司,"","","2025-01-29",Active
SO0000624,SO-202401-00272,"2025-01-29","10042",济南空信空间信息服务有限公司,20,P0003,UAV-XF-PRO-A,UAV-XF-PRO-A,3,台,3799,"0.0%",3799,11397,已发货,已确认,直销,销售一部,姚强,"2025-03-14",否,"","",济南空信空间信息服务有限公司,"","","2025-01-29",Active
SO0000625,SO-202402-00273,"2025-02-15","10042",济南空信空间信息服务有限公司,10,P0003,UAV-XF-PRO-A,UAV-XF-PRO-A,26,台,3799,"6.1%",3567,92749,已取消,已取消,项目销售,销售一部,李娜,"2025-04-10",否,HT-2024-188,大连市地质勘探应用项目,济南空信空间信息服务有限公司,QT-202402-00574,"","2025-02-15",Active
SO0000626,SO-202402-00273,"2025-02-15","10042",济南空信空间信息服务有限公司,20,P0007,UAV-JF-ENT-SV,UAV-JF-ENT-SV,9,台,28999,"0.0%",28999,260991,已取消,已取消,项目销售,销售一部,李娜,"2025-04-08",否,HT-2024-188,大连市地质勘探应用项目,济南空信空间信息服务有限公司,QT-202402-00574,"","2025-02-15",Active
SO0000627,SO-202402-00273,"2025-02-15","10042",济南空信空间信息服务有限公司,30,P0004,UAV-XF-PRO-B,UAV-XF-PRO-B,16,台,4199,"5.7%",3960,63355,已取消,已取消,项目销售,销售一部,李娜,"2025-03-19",否,HT-2024-188,大连市地质勘探应用项目,济南空信空间信息服务有限公司,QT-202402-00574,"","2025-02-15",Active
SO0000628,SO-202310-00274,"2025-10-24","10042",济南空信空间信息服务有限公司,10,P0007,UAV-JF-ENT-SV,UAV-JF-ENT-SV,1,台,28999,"0.0%",28999,28999,已发货,已确认,直销,销售一部,杨帆,"2025-11-26",否,"","",济南空信空间信息服务有限公司,"","","2025-10-24",Active
SO0000629,SO-202304-00275,"2025-04-20","10042",济南空信空间信息服务有限公司,10,P0003,UAV-XF-PRO-A,UAV-XF-PRO-A,2,台,3799,"0.0%",3799,7598,已发货,已确认,直销,销售一部,钱进,"2025-06-16",否,"","",济南空信空间信息服务有限公司,QT-202304-00275,"","2025-04-20",Active
SO0000630,SO-202304-00275,"2025-04-20","10042",济南空信空间信息服务有限公司,20,P0004,UAV-XF-PRO-B,UAV-XF-PRO-B,4,台,4199,"0.0%",4199,16796,已发货,已确认,直销,销售一部,钱进,"2025-05-12",否,"","",济南空信空间信息服务有限公司,QT-202304-00275,"","2025-04-20",Active
SO0000631,SO-202408-00276,"2025-08-30","10043",南京测控测绘科技有限公司,10,P0003,UAV-XF-PRO-A,UAV-XF-PRO-A,16,台,3799,"8.0%",3495,55921,已发货,已确认,项目销售,销售一部,周杰,"2025-10-29",否,HT-2024-274,南京测控测绘科技有限公司设备采购项目,南京测控测绘科技有限公司,QT-202408-00521,"","2025-08-30",Active
SO0000632,SO-202408-00276,"2025-08-30","10043",南京测控测绘科技有限公司,20,P0004,UAV-XF-PRO-B,UAV-XF-PRO-B,9,台,4199,"7.3%",3892,35032,已发货,已确认,项目销售,销售一部,周杰,"2025-10-14",否,HT-2024-274,南京测控测绘科技有限公司设备采购项目,南京测控测绘科技有限公司,QT-202408-00521,"","2025-08-30",Active
SO0000633,SO-202408-00276,"2025-08-30","10043",南京测控测绘科技有限公司,30,P0007,UAV-JF-ENT-SV,UAV-JF-ENT-SV,15,台,28999,"6.4%",27143,407146,已发货,已确认,项目销售,销售一部,周杰,"2025-10-22",否,HT-2024-274,南京测控测绘科技有限公司设备采购项目,南京测控测绘科技有限公司,QT-202408-00521,"","2025-08-30",Active
SO0000634,SO-202312-00277,"2025-12-12","10043",南京测控测绘科技有限公司,10,P0004,UAV-XF-PRO-B,UAV-XF-PRO-B,14,台,4199,"12.3%",3683,51555,已发货,已确认,项目销售,销售一部,李娜,"2025-12-15",否,HT-2023-482,无锡市地质勘探应用项目,南京测控测绘科技有限公司,QT-202312-00596,"","2025-12-12",Active
SO0000635,SO-202312-00277,"2025-12-12","10043",南京测控测绘科技有限公司,20,P0007,UAV-JF-ENT-SV,UAV-JF-ENT-SV,15,台,28999,"10.9%",25838,387572,已发货,已确认,项目销售,销售一部,李娜,"2025-12-15",否,HT-2023-482,无锡市地质勘探应用项目,南京测控测绘科技有限公司,QT-202312-00596,"","2025-12-12",Active
SO0000636,SO-202312-00277,"2025-12-12","10043",南京测控测绘科技有限公司,30,P0003,UAV-XF-PRO-A,UAV-XF-PRO-A,29,台,3799,"11.8%",3351,97171,已发货,已确认,项目销售,销售一部,李娜,"2025-12-15",否,HT-2023-482,无锡市地质勘探应用项目,南京测控测绘科技有限公司,QT-202312-00596,"","2025-12-12",Active
SO0000637,SO-202303-00278,"2025-03-15","10043",南京测控测绘科技有限公司,10,P0003,UAV-XF-PRO-A,UAV-XF-PRO-A,9,台,3799,"11.0%",3381,30430,已发货,已确认,直销,销售一部,李娜,"2025-04-02",否,"","",南京测控测绘科技有限公司,QT-202303-00609,"","2025-03-15",Active
SO0000638,SO-202303-00278,"2025-03-15","10043",南京测控测绘科技有限公司,20,P0004,UAV-XF-PRO-B,UAV-XF-PRO-B,7,台,4199,"10.1%",3775,26424,已发货,已确认,直销,销售一部,李娜,"2025-04-13",否,"","",南京测控测绘科技有限公司,QT-202303-00609,"","2025-03-15",Active
SO0000639,SO-202303-00278,"2025-03-15","10043",南京测控测绘科技有限公司,30,P0007,UAV-JF-ENT-SV,UAV-JF-ENT-SV,8,台,28999,"8.6%",26505,212041,已发货,已确认,直销,销售一部,李娜,"2025-04-01",否,"","",南京测控测绘科技有限公司,QT-202303-00609,"","2025-03-15",Active
SO0000640,SO-202305-00279,"2025-05-14","10043",南京测控测绘科技有限公司,10,P0003,UAV-XF-PRO-A,UAV-XF-PRO-A,23,台,3799,"6.2%",3563,81960,已发货,已确认,项目销售,销售一部,张伟,"2025-07-02",否,HT-2023-234,无锡市地质勘探应用项目,南京测控测绘科技有限公司,QT-202305-00279,"","2025-05-14",Active
SO0000641,SO-202305-00279,"2025-05-14","10043",南京测控测绘科技有限公司,20,P0004,UAV-XF-PRO-B,UAV-XF-PRO-B,11,台,4199,"7.2%",3897,42863,已发货,已确认,项目销售,销售一部,张伟,"2025-06-05",否,HT-2023-234,无锡市地质勘探应用项目,南京测控测绘科技有限公司,QT-202305-00279,"","2025-05-14",Active
SO0000642,SO-202305-00279,"2025-05-14","10043",南京测控测绘科技有限公司,30,P0007,UAV-JF-ENT-SV,UAV-JF-ENT-SV,12,台,28999,"8.9%",26418,317017,已发货,已确认,项目销售,销售一部,张伟,"2025-06-06",否,HT-2023-234,无锡市地质勘探应用项目,南京测控测绘科技有限公司,QT-202305-00279,"","2025-05-14",Active
SO0000643,SO-202304-00280,"2025-04-19","10043",南京测控测绘科技有限公司,10,P0004,UAV-XF-PRO-B,UAV-XF-PRO-B,30,台,4199,"11.2%",3729,111861,已发货,已确认,项目销售,销售一部,赵敏,"2025-06-18",否,HT-2023-219,南京测控测绘科技有限公司设备采购项目,南京测控测绘科技有限公司,QT-202304-00280,"","2025-04-19",Active
SO0000644,SO-202304-00280,"2025-04-19","10043",南京测控测绘科技有限公司,20,P0007,UAV-JF-ENT-SV,UAV-JF-ENT-SV,8,台,28999,"5.9%",27288,218304,已发货,已确认,项目销售,销售一部,赵敏,"2025-06-08",否,HT-2023-219,南京测控测绘科技有限公司设备采购项目,南京测控测绘科技有限公司,QT-202304-00280,"","2025-04-19",Active
SO0000645,SO-202412-00281,"2025-12-01","10043",南京测控测绘科技有限公司,10,P0004,UAV-XF-PRO-B,UAV-XF-PRO-B,21,台,4199,"12.9%",3657,76804,已发货,已确认,项目销售,销售一部,袁琳,"2025-12-04",否,HT-2024-024,无锡市地质勘探应用项目,南京测控测绘科技有限公司,QT-202412-00281,"","2025-12-01",Active
SO0000646,SO-202412-00281,"2025-12-01","10043",南京测控测绘科技有限公司,20,P0007,UAV-JF-ENT-SV,UAV-JF-ENT-SV,6,台,28999,"5.1%",27520,165120,已发货,已确认,项目销售,销售一部,袁琳,"2025-12-04",否,HT-2024-024,无锡市地质勘探应用项目,南京测控测绘科技有限公司,QT-202412-00281,"","2025-12-01",Active
SO0000647,SO-202305-00282,"2025-05-25","10043",南京测控测绘科技有限公司,10,P0004,UAV-XF-PRO-B,UAV-XF-PRO-B,30,台,4199,"13.4%",3636,109090,已发货,已确认,项目销售,销售一部,蒋敏,"2025-07-02",否,HT-2023-298,"2023年无锡市测绘项目",南京测控测绘科技有限公司,QT-202305-00616,"","2025-05-25",Active
SO0000648,SO-202305-00282,"2025-05-25","10043",南京测控测绘科技有限公司,20,P0007,UAV-JF-ENT-SV,UAV-JF-ENT-SV,8,台,28999,"10.9%",25838,206705,已发货,已确认,项目销售,销售一部,蒋敏,"2025-07-14",否,HT-2023-298,"2023年无锡市测绘项目",南京测控测绘科技有限公司,QT-202305-00616,"","2025-05-25",Active
SO0000649,SO-202305-00282,"2025-05-25","10043",南京测控测绘科技有限公司,30,P0003,UAV-XF-PRO-A,UAV-XF-PRO-A,28,台,3799,"12.5%",3324,93075,已发货,已确认,项目销售,销售一部,蒋敏,"2025-06-09",否,HT-2023-298,"2023年无锡市测绘项目",南京测控测绘科技有限公司,QT-202305-00616,"","2025-05-25",Active
SO0000650,SO-202306-00283,"2025-06-11","10043",南京测控测绘科技有限公司,10,P0007,UAV-JF-ENT-SV,UAV-JF-ENT-SV,9,台,28999,"7.1%",26940,242461,已发货,已确认,直销,销售一部,张伟,"2025-06-28",否,"","",南京测控测绘科技有限公司,QT-202306-00409,"","2025-06-11",Active
SO0000651,SO-202306-00283,"2025-06-11","10043",南京测控测绘科技有限公司,20,P0004,UAV-XF-PRO-B,UAV-XF-PRO-B,5,台,4199,"12.2%",3687,18434,已发货,已确认,直销,销售一部,张伟,"2025-06-27",否,"","",南京测控测绘科技有限公司,QT-202306-00409,"","2025-06-11",Active
SO0000652,SO-202412-00284,"2025-12-09","10044",西安测量测量科技有限公司,10,P0004,UAV-XF-PRO-B,UAV-XF-PRO-B,2,台,4199,"0.0%",4199,8398,已发货,已确认,直销,销售一部,刘洋,"2025-12-26",否,"","",西安测量测量科技有限公司,QT-202412-00284,"","2025-12-09",Active
SO0000653,SO-202306-00285,"2025-06-28","10044",西安测量测量科技有限公司,10,P0004,UAV-XF-PRO-B,UAV-XF-PRO-B,25,台,4199,"6.8%",3913,97837,已发货,已确认,项目销售,销售一部,贾斌,"2025-07-30",否,HT-2023-256,沈阳市勘测设计应用项目,西安测量测量科技有限公司,QT-202306-00410,"","2025-06-28",Active
SO0000654,SO-202306-00285,"2025-06-28","10044",西安测量测量科技有限公司,20,P0007,UAV-JF-ENT-SV,UAV-JF-ENT-SV,4,台,28999,"0.0%",28999,115996,已发货,已确认,项目销售,销售一部,贾斌,"2025-07-17",否,HT-2023-256,沈阳市勘测设计应用项目,西安测量测量科技有限公司,QT-202306-00410,"","2025-06-28",Active
SO0000655,SO-202306-00285,"2025-06-28","10044",西安测量测量科技有限公司,30,P0003,UAV-XF-PRO-A,UAV-XF-PRO-A,7,台,3799,"0.0%",3799,26593,已发货,已确认,项目销售,销售一部,贾斌,"2025-08-14",否,HT-2023-256,沈阳市勘测设计应用项目,西安测量测量科技有限公司,QT-202306-00410,"","2025-06-28",Active
SO0000656,SO-202311-00286,"2025-11-05","10044",西安测量测量科技有限公司,10,P0007,UAV-JF-ENT-SV,UAV-JF-ENT-SV,5,台,28999,"0.0%",28999,144995,已发货,已确认,直销,销售一部,钱进,"2025-12-28",否,"","",西安测量测量科技有限公司,QT-202310-00567,"","2025-11-05",Active
SO0000657,SO-202311-00286,"2025-11-05","10044",西安测量测量科技有限公司,20,P0004,UAV-XF-PRO-B,UAV-XF-PRO-B,2,台,4199,"0.0%",4199,8398,已发货,已确认,直销,销售一部,钱进,"2025-11-26",否,"","",西安测量测量科技有限公司,QT-202310-00567,"","2025-11-05",Active
SO0000658,SO-202409-00287,"2025-09-25","10044",西安测量测量科技有限公司,10,P0007,UAV-JF-ENT-SV,UAV-JF-ENT-SV,9,台,28999,"0.0%",28999,260991,已发货,已确认,项目销售,销售一部,钱进,"2025-11-11",否,HT-2024-321,沈阳市勘测设计应用项目,西安测量测量科技有限公司,QT-202409-00287,"","2025-09-25",Active
SO0000659,SO-202409-00287,"2025-09-25","10044",西安测量测量科技有限公司,20,P0003,UAV-XF-PRO-A,UAV-XF-PRO-A,28,台,3799,"9.8%",3427,95948,已发货,已确认,项目销售,销售一部,钱进,"2025-10-27",否,HT-2024-321,沈阳市勘测设计应用项目,西安测量测量科技有限公司,QT-202409-00287,"","2025-09-25",Active
SO0000660,SO-202409-00287,"2025-09-25","10044",西安测量测量科技有限公司,30,P0004,UAV-XF-PRO-B,UAV-XF-PRO-B,19,台,4199,"8.4%",3846,73079,已发货,已确认,项目销售,销售一部,钱进,"2025-10-26",否,HT-2024-321,沈阳市勘测设计应用项目,西安测量测量科技有限公司,QT-202409-00287,"","2025-09-25",Active
SO0000661,SO-202306-00288,"2025-06-02","10045",青岛精测地理信息服务有限公司,10,P0003,UAV-XF-PRO-A,UAV-XF-PRO-A,7,台,3799,"12.8%",3313,23189,已发货,已确认,项目销售,销售一部,姚强,"2025-07-13",否,HT-2023-187,青岛精测地理信息服务有限公司设备采购项目,青岛精测地理信息服务有限公司,QT-202305-00623,"","2025-06-02",Active
SO0000662,SO-202306-00288,"2025-06-02","10045",青岛精测地理信息服务有限公司,20,P0004,UAV-XF-PRO-B,UAV-XF-PRO-B,22,台,4199,"12.2%",3687,81108,已发货,已确认,项目销售,销售一部,姚强,"2025-07-05",否,HT-2023-187,青岛精测地理信息服务有限公司设备采购项目,青岛精测地理信息服务有限公司,QT-202305-00623,"","2025-06-02",Active
SO0000663,SO-202306-00288,"2025-06-02","10045",青岛精测地理信息服务有限公司,30,P0007,UAV-JF-ENT-SV,UAV-JF-ENT-SV,14,台,28999,"9.7%",26186,366605,已发货,已确认,项目销售,销售一部,姚强,"2025-07-02",否,HT-2023-187,青岛精测地理信息服务有限公司设备采购项目,青岛精测地理信息服务有限公司,QT-202305-00623,"","2025-06-02",Active
SO0000664,SO-202404-00289,"2025-04-09","10045",青岛精测地理信息服务有限公司,10,P0007,UAV-JF-ENT-SV,UAV-JF-ENT-SV,8,台,28999,"7.4%",26853,214825,已发货,已确认,项目销售,销售一部,李娜,"2025-06-08",否,HT-2024-015,青岛精测地理信息服务有限公司设备采购项目,青岛精测地理信息服务有限公司,QT-202403-00569,"","2025-04-09",Active
SO0000665,SO-202404-00289,"2025-04-09","10045",青岛精测地理信息服务有限公司,20,P0003,UAV-XF-PRO-A,UAV-XF-PRO-A,8,台,3799,"10.5%",3400,27201,已发货,已确认,项目销售,销售一部,李娜,"2025-05-30",否,HT-2024-015,青岛精测地理信息服务有限公司设备采购项目,青岛精测地理信息服务有限公司,QT-202403-00569,"","2025-04-09",Active
SO0000666,SO-202404-00289,"2025-04-09","10045",青岛精测地理信息服务有限公司,30,P0004,UAV-XF-PRO-B,UAV-XF-PRO-B,5,台,4199,"11.0%",3737,18686,已发货,已确认,项目销售,销售一部,李娜,"2025-05-08",否,HT-2024-015,青岛精测地理信息服务有限公司设备采购项目,青岛精测地理信息服务有限公司,QT-202403-00569,"","2025-04-09",Active
SO0000667,SO-202408-00290,"2025-08-29","10045",青岛精测地理信息服务有限公司,10,P0003,UAV-XF-PRO-A,UAV-XF-PRO-A,25,台,3799,"11.9%",3347,83673,已发货,已确认,项目销售,销售一部,袁琳,"2025-09-22",否,HT-2024-399,"2024年绵阳市测绘项目",青岛精测地理信息服务有限公司,QT-202408-00290,"","2025-08-29",Active
SO0000668,SO-202408-00290,"2025-08-29","10045",青岛精测地理信息服务有限公司,20,P0004,UAV-XF-PRO-B,UAV-XF-PRO-B,30,台,4199,"8.7%",3834,115011,已发货,已确认,项目销售,销售一部,袁琳,"2025-09-18",否,HT-2024-399,"2024年绵阳市测绘项目",青岛精测地理信息服务有限公司,QT-202408-00290,"","2025-08-29",Active
SO0000669,SO-202408-00290,"2025-08-29","10045",青岛精测地理信息服务有限公司,30,P0007,UAV-JF-ENT-SV,UAV-JF-ENT-SV,4,台,28999,"9.4%",26273,105092,已发货,已确认,项目销售,销售一部,袁琳,"2025-09-26",否,HT-2024-399,"2024年绵阳市测绘项目",青岛精测地理信息服务有限公司,QT-202408-00290,"","2025-08-29",Active
SO0000670,SO-202402-00291,"2025-02-27","10045",青岛精测地理信息服务有限公司,10,P0004,UAV-XF-PRO-B,UAV-XF-PRO-B,9,台,4199,"11.0%",3737,33634,已发货,已确认,项目销售,销售一部,杨帆,"2025-04-12",否,HT-2024-456,青岛精测地理信息服务有限公司设备采购项目,青岛精测地理信息服务有限公司,QT-202402-00575,"","2025-02-27",Active
SO0000671,SO-202402-00291,"2025-02-27","10045",青岛精测地理信息服务有限公司,20,P0007,UAV-JF-ENT-SV,UAV-JF-ENT-SV,11,台,28999,"7.8%",26737,294108,已发货,已确认,项目销售,销售一部,杨帆,"2025-04-18",否,HT-2024-456,青岛精测地理信息服务有限公司设备采购项目,青岛精测地理信息服务有限公司,QT-202402-00575,"","2025-02-27",Active
SO0000672,SO-202402-00291,"2025-02-27","10045",青岛精测地理信息服务有限公司,30,P0003,UAV-XF-PRO-A,UAV-XF-PRO-A,29,台,3799,"12.7%",3317,96179,已发货,已确认,项目销售,销售一部,杨帆,"2025-04-13",否,HT-2024-456,青岛精测地理信息服务有限公司设备采购项目,青岛精测地理信息服务有限公司,QT-202402-00575,"","2025-02-27",Active
SO0000673,SO-202404-00292,"2025-04-10","10045",青岛精测地理信息服务有限公司,10,P0003,UAV-XF-PRO-A,UAV-XF-PRO-A,9,台,3799,"14.6%",3244,29199,已发货,已确认,项目销售,销售一部,陈静,"2025-06-08",否,HT-2024-500,青岛精测地理信息服务有限公司设备采购项目,青岛精测地理信息服务有限公司,QT-202404-00292,"","2025-04-10",Active
SO0000674,SO-202404-00292,"2025-04-10","10045",青岛精测地理信息服务有限公司,20,P0004,UAV-XF-PRO-B,UAV-XF-PRO-B,23,台,4199,"9.0%",3821,87885,已发货,已确认,项目销售,销售一部,陈静,"2025-04-25",否,HT-2024-500,青岛精测地理信息服务有限公司设备采购项目,青岛精测地理信息服务有限公司,QT-202404-00292,"","2025-04-10",Active
SO0000675,SO-202404-00292,"2025-04-10","10045",青岛精测地理信息服务有限公司,30,P0007,UAV-JF-ENT-SV,UAV-JF-ENT-SV,7,台,28999,"8.1%",26650,186551,已发货,已确认,项目销售,销售一部,陈静,"2025-05-30",否,HT-2024-500,青岛精测地理信息服务有限公司设备采购项目,青岛精测地理信息服务有限公司,QT-202404-00292,"","2025-04-10",Active
SO0000676,SO-202412-00293,"2025-12-09","10045",青岛精测地理信息服务有限公司,10,P0004,UAV-XF-PRO-B,UAV-XF-PRO-B,25,台,4199,"12.6%",3670,91748,已发货,已确认,项目销售,销售一部,袁琳,"2025-12-12",否,HT-2024-088,青岛精测地理信息服务有限公司设备采购项目,青岛精测地理信息服务有限公司,QT-202411-00584,"","2025-12-09",Active
SO0000677,SO-202412-00293,"2025-12-09","10045",青岛精测地理信息服务有限公司,20,P0003,UAV-XF-PRO-A,UAV-XF-PRO-A,27,台,3799,"10.2%",3412,92111,已发货,已确认,项目销售,销售一部,袁琳,"2025-12-12",否,HT-2024-088,青岛精测地理信息服务有限公司设备采购项目,青岛精测地理信息服务有限公司,QT-202411-00584,"","2025-12-09",Active
SO0000678,SO-202412-00293,"2025-12-09","10045",青岛精测地理信息服务有限公司,30,P0007,UAV-JF-ENT-SV,UAV-JF-ENT-SV,14,台,28999,"5.1%",27520,385281,已发货,已确认,项目销售,销售一部,袁琳,"2025-12-29",否,HT-2024-088,青岛精测地理信息服务有限公司设备采购项目,青岛精测地理信息服务有限公司,QT-202411-00584,"","2025-12-09",Active
SO0000679,SO-202410-00294,"2025-10-15","10045",青岛精测地理信息服务有限公司,10,P0003,UAV-XF-PRO-A,UAV-XF-PRO-A,17,台,3799,"13.7%",3279,55735,已取消,已取消,项目销售,销售一部,贾斌,"2025-10-30",否,HT-2024-439,绵阳市地质勘探应用项目,青岛精测地理信息服务有限公司,QT-202410-00533,"","2025-10-15",Active
SO0000680,SO-202410-00294,"2025-10-15","10045",青岛精测地理信息服务有限公司,20,P0007,UAV-JF-ENT-SV,UAV-JF-ENT-SV,5,台,28999,"9.8%",26157,130786,已取消,已取消,项目销售,销售一部,贾斌,"2025-11-06",否,HT-2024-439,绵阳市地质勘探应用项目,青岛精测地理信息服务有限公司,QT-202410-00533,"","2025-10-15",Active
SO0000681,SO-202404-00295,"2025-04-18","10045",青岛精测地理信息服务有限公司,10,P0007,UAV-JF-ENT-SV,UAV-JF-ENT-SV,3,台,28999,"6.1%",27230,81690,已发货,已确认,项目销售,销售一部,吴磊,"2025-06-03",否,HT-2024-223,绵阳市地质勘探应用项目,青岛精测地理信息服务有限公司,QT-202404-00540,"","2025-04-18",Active
SO0000682,SO-202404-00295,"2025-04-18","10045",青岛精测地理信息服务有限公司,20,P0003,UAV-XF-PRO-A,UAV-XF-PRO-A,10,台,3799,"8.7%",3468,34685,已发货,已确认,项目销售,销售一部,吴磊,"2025-06-05",否,HT-2024-223,绵阳市地质勘探应用项目,青岛精测地理信息服务有限公司,QT-202404-00540,"","2025-04-18",Active
SO0000683,SO-202404-00295,"2025-04-18","10045",青岛精测地理信息服务有限公司,30,P0004,UAV-XF-PRO-B,UAV-XF-PRO-B,20,台,4199,"13.6%",3628,72559,已发货,已确认,项目销售,销售一部,吴磊,"2025-06-07",否,HT-2024-223,绵阳市地质勘探应用项目,青岛精测地理信息服务有限公司,QT-202404-00540,"","2025-04-18",Active
SO0000684,SO-202301-00296,"2025-01-06","10045",青岛精测地理信息服务有限公司,10,P0003,UAV-XF-PRO-A,UAV-XF-PRO-A,4,台,3799,"10.6%",3396,13585,已取消,已取消,直销,销售一部,蒋敏,"2025-02-08",否,"","",青岛精测地理信息服务有限公司,QT-202212-00003,"","2025-01-06",Active
SO0000685,SO-202301-00296,"2025-01-06","10045",青岛精测地理信息服务有限公司,20,P0007,UAV-JF-ENT-SV,UAV-JF-ENT-SV,7,台,28999,"9.8%",26157,183100,已取消,已取消,直销,销售一部,蒋敏,"2025-03-01",否,"","",青岛精测地理信息服务有限公司,QT-202212-00003,"","2025-01-06",Active
SO0000686,SO-202301-00296,"2025-01-06","10045",青岛精测地理信息服务有限公司,30,P0004,UAV-XF-PRO-B,UAV-XF-PRO-B,8,台,4199,"9.4%",3804,30434,已取消,已取消,直销,销售一部,蒋敏,"2025-01-31",否,"","",青岛精测地理信息服务有限公司,QT-202212-00003,"","2025-01-06",Active
SO0000687,SO-202304-00297,"2025-04-11","10046",西安星图空间信息服务有限公司,10,P0003,UAV-XF-PRO-A,UAV-XF-PRO-A,5,台,3799,"0.0%",3799,18995,已发货,已确认,直销,销售一部,韩雪,"2025-06-08",否,"","",西安星图空间信息服务有限公司,"","","2025-04-11",Active
SO0000688,SO-202308-00298,"2025-08-12","10046",西安星图空间信息服务有限公司,10,P0004,UAV-XF-PRO-B,UAV-XF-PRO-B,3,台,4199,"0.0%",4199,12597,已发货,已确认,直销,销售一部,刘洋,"2025-09-29",否,"","",西安星图空间信息服务有限公司,"","","2025-08-12",Active
SO0000689,SO-202311-00299,"2025-11-09","10046",西安星图空间信息服务有限公司,10,P0003,UAV-XF-PRO-A,UAV-XF-PRO-A,15,台,3799,"2.6%",3700,55503,已发货,已确认,项目销售,销售一部,陈静,"2025-12-02",否,HT-2023-299,"2023年温州市测绘项目",西安星图空间信息服务有限公司,QT-202310-00568,"","2025-11-09",Active
SO0000690,SO-202311-00299,"2025-11-09","10046",西安星图空间信息服务有限公司,20,P0004,UAV-XF-PRO-B,UAV-XF-PRO-B,10,台,4199,"5.8%",3955,39555,已发货,已确认,项目销售,销售一部,陈静,"2025-12-24",否,HT-2023-299,"2023年温州市测绘项目",西安星图空间信息服务有限公司,QT-202310-00568,"","2025-11-09",Active
SO0000691,SO-202311-00299,"2025-11-09","10046",西安星图空间信息服务有限公司,30,P0007,UAV-JF-ENT-SV,UAV-JF-ENT-SV,3,台,28999,"0.0%",28999,86997,已发货,已确认,项目销售,销售一部,陈静,"2025-12-14",否,HT-2023-299,"2023年温州市测绘项目",西安星图空间信息服务有限公司,QT-202310-00568,"","2025-11-09",Active
SO0000692,SO-202412-00300,"2025-12-21","10046",西安星图空间信息服务有限公司,10,P0007,UAV-JF-ENT-SV,UAV-JF-ENT-SV,4,台,28999,"0.0%",28999,115996,已发货,已确认,直销,销售一部,冯涛,"2025-12-24",否,"","",西安星图空间信息服务有限公司,QT-202412-00519,"","2025-12-21",Active
SO0000693,SO-202412-00300,"2025-12-21","10046",西安星图空间信息服务有限公司,20,P0004,UAV-XF-PRO-B,UAV-XF-PRO-B,1,台,4199,"0.0%",4199,4199,已发货,已确认,直销,销售一部,冯涛,"2025-12-24",否,"","",西安星图空间信息服务有限公司,QT-202412-00519,"","2025-12-21",Active
SO0000694,SO-202410-00301,"2025-10-04","10046",西安星图空间信息服务有限公司,10,P0007,UAV-JF-ENT-SV,UAV-JF-ENT-SV,1,台,28999,"0.0%",28999,28999,已发货,已确认,直销,销售一部,王强,"2025-11-22",否,"","",西安星图空间信息服务有限公司,"","","2025-10-04",Active
SO0000695,SO-202310-00302,"2025-10-04","10046",西安星图空间信息服务有限公司,10,P0003,UAV-XF-PRO-A,UAV-XF-PRO-A,24,台,3799,"6.3%",3560,85432,已发货,已确认,项目销售,销售一部,贾斌,"2025-10-29",否,HT-2023-351,"2023年温州市测绘项目",西安星图空间信息服务有限公司,QT-202309-00542,"","2025-10-04",Active
SO0000696,SO-202310-00302,"2025-10-04","10046",西安星图空间信息服务有限公司,20,P0007,UAV-JF-ENT-SV,UAV-JF-ENT-SV,4,台,28999,"0.0%",28999,115996,已发货,已确认,项目销售,销售一部,贾斌,"2025-11-10",否,HT-2023-351,"2023年温州市测绘项目",西安星图空间信息服务有限公司,QT-202309-00542,"","2025-10-04",Active
SO0000697,SO-202310-00302,"2025-10-04","10046",西安星图空间信息服务有限公司,30,P0004,UAV-XF-PRO-B,UAV-XF-PRO-B,25,台,4199,"5.5%",3968,99201,已发货,已确认,项目销售,销售一部,贾斌,"2025-11-02",否,HT-2023-351,"2023年温州市测绘项目",西安星图空间信息服务有限公司,QT-202309-00542,"","2025-10-04",Active
SO0000698,SO-202406-00303,"2025-06-11","10046",西安星图空间信息服务有限公司,10,P0004,UAV-XF-PRO-B,UAV-XF-PRO-B,2,台,4199,"0.0%",4199,8398,已发货,已确认,直销,销售一部,钱进,"2025-07-13",否,"","",西安星图空间信息服务有限公司,QT-202406-00392,"","2025-06-11",Active
SO0000699,SO-202406-00303,"2025-06-11","10046",西安星图空间信息服务有限公司,20,P0007,UAV-JF-ENT-SV,UAV-JF-ENT-SV,3,台,28999,"0.0%",28999,86997,已发货,已确认,直销,销售一部,钱进,"2025-07-23",否,"","",西安星图空间信息服务有限公司,QT-202406-00392,"","2025-06-11",Active
SO0000700,SO-202410-00304,"2025-10-25","10046",西安星图空间信息服务有限公司,10,P0003,UAV-XF-PRO-A,UAV-XF-PRO-A,22,台,3799,"5.7%",3582,78814,已发货,已确认,项目销售,销售一部,谢文,"2025-12-21",否,HT-2024-105,"2024年温州市测绘项目",西安星图空间信息服务有限公司,QT-202410-00534,"","2025-10-25",Active
SO0000701,SO-202410-00304,"2025-10-25","10046",西安星图空间信息服务有限公司,20,P0004,UAV-XF-PRO-B,UAV-XF-PRO-B,11,台,4199,"9.4%",3804,41847,已发货,已确认,项目销售,销售一部,谢文,"2025-11-18",否,HT-2024-105,"2024年温州市测绘项目",西安星图空间信息服务有限公司,QT-202410-00534,"","2025-10-25",Active
SO0000702,SO-202410-00304,"2025-10-25","10046",西安星图空间信息服务有限公司,30,P0007,UAV-JF-ENT-SV,UAV-JF-ENT-SV,4,台,28999,"0.0%",28999,115996,已发货,已确认,项目销售,销售一部,谢文,"2025-11-22",否,HT-2024-105,"2024年温州市测绘项目",西安星图空间信息服务有限公司,QT-202410-00534,"","2025-10-25",Active
SO0000703,SO-202408-00305,"2025-08-17","10047",武汉精测勘测有限公司,10,P0007,UAV-JF-ENT-SV,UAV-JF-ENT-SV,5,台,28999,"0.0%",28999,144995,已发货,已确认,项目销售,销售一部,杨帆,"2025-10-04",否,HT-2024-460,武汉精测勘测有限公司设备采购项目,武汉精测勘测有限公司,QT-202408-00305,"","2025-08-17",Active
SO0000704,SO-202408-00305,"2025-08-17","10047",武汉精测勘测有限公司,20,P0003,UAV-XF-PRO-A,UAV-XF-PRO-A,23,台,3799,"4.8%",3617,83183,已发货,已确认,项目销售,销售一部,杨帆,"2025-09-25",否,HT-2024-460,武汉精测勘测有限公司设备采购项目,武汉精测勘测有限公司,QT-202408-00305,"","2025-08-17",Active
SO0000705,SO-202408-00305,"2025-08-17","10047",武汉精测勘测有限公司,30,P0004,UAV-XF-PRO-B,UAV-XF-PRO-B,15,台,4199,"5.4%",3972,59584,已发货,已确认,项目销售,销售一部,杨帆,"2025-10-08",否,HT-2024-460,武汉精测勘测有限公司设备采购项目,武汉精测勘测有限公司,QT-202408-00305,"","2025-08-17",Active
SO0000706,SO-202401-00306,"2025-01-17","10047",武汉精测勘测有限公司,10,P0004,UAV-XF-PRO-B,UAV-XF-PRO-B,2,台,4199,"0.0%",4199,8398,已发货,已确认,直销,销售一部,钱进,"2025-02-11",否,"","",武汉精测勘测有限公司,"","","2025-01-17",Active
SO0000707,SO-202401-00306,"2025-01-17","10047",武汉精测勘测有限公司,20,P0003,UAV-XF-PRO-A,UAV-XF-PRO-A,1,台,3799,"0.0%",3799,3799,已发货,已确认,直销,销售一部,钱进,"2025-02-15",否,"","",武汉精测勘测有限公司,"","","2025-01-17",Active
SO0000708,SO-202411-00307,"2025-11-25","10047",武汉精测勘测有限公司,10,P0007,UAV-JF-ENT-SV,UAV-JF-ENT-SV,5,台,28999,"0.0%",28999,144995,已发货,已确认,直销,销售一部,谢文,"2025-12-19",否,"","",武汉精测勘测有限公司,QT-202411-00577,"","2025-11-25",Active
SO0000709,SO-202404-00308,"2025-04-13","10047",武汉精测勘测有限公司,10,P0007,UAV-JF-ENT-SV,UAV-JF-ENT-SV,4,台,28999,"0.0%",28999,115996,已发货,已确认,直销,销售一部,王强,"2025-04-28",否,"","",武汉精测勘测有限公司,QT-202404-00308,"","2025-04-13",Active
SO0000710,SO-202412-00309,"2025-12-14","10048",天津图达勘测有限公司,10,P0007,UAV-JF-ENT-SV,UAV-JF-ENT-SV,2,台,28999,"0.0%",28999,57998,已发货,已确认,直销,销售一部,刘洋,"2025-12-17",否,"","",天津图达勘测有限公司,QT-202412-00520,"","2025-12-14",Active
SO0000711,SO-202412-00309,"2025-12-14","10048",天津图达勘测有限公司,20,P0004,UAV-XF-PRO-B,UAV-XF-PRO-B,4,台,4199,"0.0%",4199,16796,已发货,已确认,直销,销售一部,刘洋,"2025-12-17",否,"","",天津图达勘测有限公司,QT-202412-00520,"","2025-12-14",Active
SO0000712,SO-202411-00310,"2025-11-29","10048",天津图达勘测有限公司,10,P0003,UAV-XF-PRO-A,UAV-XF-PRO-A,5,台,3799,"0.0%",3799,18995,已发货,已确认,直销,销售一部,谢文,"2025-12-21",否,"","",天津图达勘测有限公司,QT-202411-00310,"","2025-11-29",Active
SO0000713,SO-202411-00310,"2025-11-29","10048",天津图达勘测有限公司,20,P0004,UAV-XF-PRO-B,UAV-XF-PRO-B,2,台,4199,"0.0%",4199,8398,已发货,已确认,直销,销售一部,谢文,"2025-12-02",否,"","",天津图达勘测有限公司,QT-202411-00310,"","2025-11-29",Active
SO0000714,SO-202301-00311,"2025-01-23","10048",天津图达勘测有限公司,10,P0003,UAV-XF-PRO-A,UAV-XF-PRO-A,16,台,3799,"7.5%",3514,56225,已发货,已确认,项目销售,销售一部,周杰,"2025-03-12",否,HT-2023-176,东莞市地理信息应用项目,天津图达勘测有限公司,QT-202301-00586,"","2025-01-23",Active
SO0000715,SO-202301-00311,"2025-01-23","10048",天津图达勘测有限公司,20,P0004,UAV-XF-PRO-B,UAV-XF-PRO-B,15,台,4199,"5.8%",3955,59332,已发货,已确认,项目销售,销售一部,周杰,"2025-03-17",否,HT-2023-176,东莞市地理信息应用项目,天津图达勘测有限公司,QT-202301-00586,"","2025-01-23",Active
SO0000716,SO-202301-00311,"2025-01-23","10048",天津图达勘测有限公司,30,P0007,UAV-JF-ENT-SV,UAV-JF-ENT-SV,6,台,28999,"0.0%",28999,173994,已发货,已确认,项目销售,销售一部,周杰,"2025-02-17",否,HT-2023-176,东莞市地理信息应用项目,天津图达勘测有限公司,QT-202301-00586,"","2025-01-23",Active
SO0000717,SO-202404-00312,"2025-04-13","10049",上海地理勘测有限公司,10,P0004,UAV-XF-PRO-B,UAV-XF-PRO-B,22,台,4199,"6.5%",3926,86374,已发货,已确认,项目销售,销售一部,郑海,"2025-06-11",否,HT-2024-088,上海地理勘测有限公司设备采购项目,上海地理勘测有限公司,QT-202404-00541,"","2025-04-13",Active
SO0000718,SO-202404-00312,"2025-04-13","10049",上海地理勘测有限公司,20,P0007,UAV-JF-ENT-SV,UAV-JF-ENT-SV,15,台,28999,"8.0%",26679,400186,已发货,已确认,项目销售,销售一部,郑海,"2025-05-05",否,HT-2024-088,上海地理勘测有限公司设备采购项目,上海地理勘测有限公司,QT-202404-00541,"","2025-04-13",Active
SO0000719,SO-202404-00312,"2025-04-13","10049",上海地理勘测有限公司,30,P0003,UAV-XF-PRO-A,UAV-XF-PRO-A,22,台,3799,"2.8%",3693,81238,已发货,已确认,项目销售,销售一部,郑海,"2025-06-08",否,HT-2024-088,上海地理勘测有限公司设备采购项目,上海地理勘测有限公司,QT-202404-00541,"","2025-04-13",Active
SO0000720,SO-202310-00313,"2025-10-23","10049",上海地理勘测有限公司,10,P0007,UAV-JF-ENT-SV,UAV-JF-ENT-SV,3,台,28999,"0.0%",28999,86997,已发货,已确认,直销,销售一部,李娜,"2025-12-06",否,"","",上海地理勘测有限公司,QT-202310-00562,"","2025-10-23",Active
SO0000721,SO-202310-00313,"2025-10-23","10049",上海地理勘测有限公司,20,P0004,UAV-XF-PRO-B,UAV-XF-PRO-B,3,台,4199,"0.0%",4199,12597,已发货,已确认,直销,销售一部,李娜,"2025-12-04",否,"","",上海地理勘测有限公司,QT-202310-00562,"","2025-10-23",Active
SO0000722,SO-202412-00314,"2025-12-29","10049",上海地理勘测有限公司,10,P0004,UAV-XF-PRO-B,UAV-XF-PRO-B,5,台,4199,"0.0%",4199,20995,已发货,已确认,直销,销售一部,谢文,"2026-01-01",否,"","",上海地理勘测有限公司,QT-202412-00314,"","2025-12-29",Active
SO0000723,SO-202302-00315,"2025-02-12","10049",上海地理勘测有限公司,10,P0003,UAV-XF-PRO-A,UAV-XF-PRO-A,11,台,3799,"6.5%",3552,39073,已发货,已确认,项目销售,销售一部,孙丽,"2025-04-01",否,HT-2023-095,"2023年哈尔滨市测绘项目",上海地理勘测有限公司,QT-202302-00391,"","2025-02-12",Active
SO0000724,SO-202302-00315,"2025-02-12","10049",上海地理勘测有限公司,20,P0007,UAV-JF-ENT-SV,UAV-JF-ENT-SV,6,台,28999,"0.0%",28999,173994,已发货,已确认,项目销售,销售一部,孙丽,"2025-02-27",否,HT-2023-095,"2023年哈尔滨市测绘项目",上海地理勘测有限公司,QT-202302-00391,"","2025-02-12",Active
SO0000725,SO-202302-00315,"2025-02-12","10049",上海地理勘测有限公司,30,P0004,UAV-XF-PRO-B,UAV-XF-PRO-B,23,台,4199,"7.5%",3884,89334,已发货,已确认,项目销售,销售一部,孙丽,"2025-03-05",否,HT-2023-095,"2023年哈尔滨市测绘项目",上海地理勘测有限公司,QT-202302-00391,"","2025-02-12",Active
SO0000726,SO-202306-00316,"2025-06-01","10050",大连天图测控有限公司,10,P0003,UAV-XF-PRO-A,UAV-XF-PRO-A,5,台,3799,"0.0%",3799,18995,已发货,已确认,直销,销售一部,钱进,"2025-07-03",否,"","",大连天图测控有限公司,QT-202305-00624,"","2025-06-01",Active
SO0000727,SO-202306-00316,"2025-06-01","10050",大连天图测控有限公司,20,P0007,UAV-JF-ENT-SV,UAV-JF-ENT-SV,1,台,28999,"0.0%",28999,28999,已发货,已确认,直销,销售一部,钱进,"2025-07-27",否,"","",大连天图测控有限公司,QT-202305-00624,"","2025-06-01",Active
SO0000728,SO-202402-00317,"2025-02-19","10050",大连天图测控有限公司,10,P0004,UAV-XF-PRO-B,UAV-XF-PRO-B,4,台,4199,"0.0%",4199,16796,已发货,已确认,直销,销售一部,姚强,"2025-03-07",否,"","",大连天图测控有限公司,"","","2025-02-19",Active
SO0000729,SO-202402-00317,"2025-02-19","10050",大连天图测控有限公司,20,P0003,UAV-XF-PRO-A,UAV-XF-PRO-A,3,台,3799,"0.0%",3799,11397,已发货,已确认,直销,销售一部,姚强,"2025-03-22",否,"","",大连天图测控有限公司,"","","2025-02-19",Active
SO0000730,SO-202407-00318,"2025-07-13","10050",大连天图测控有限公司,10,P0004,UAV-XF-PRO-B,UAV-XF-PRO-B,1,台,4199,"0.0%",4199,4199,已发货,已确认,直销,销售一部,曹磊,"2025-09-11",否,"","",大连天图测控有限公司,"","","2025-07-13",Active
SO0000731,SO-202408-00319,"2025-08-01","10051",哈尔滨天图测量科技有限公司,10,P0004,UAV-XF-PRO-B,UAV-XF-PRO-B,4,台,4199,"0.0%",4199,16796,已发货,已确认,直销,销售一部,韩雪,"2025-08-27",否,"","",哈尔滨天图测量科技有限公司,"","","2025-08-01",Active
SO0000732,SO-202408-00319,"2025-08-01","10051",哈尔滨天图测量科技有限公司,20,P0003,UAV-XF-PRO-A,UAV-XF-PRO-A,4,台,3799,"0.0%",3799,15196,已发货,已确认,直销,销售一部,韩雪,"2025-09-26",否,"","",哈尔滨天图测量科技有限公司,"","","2025-08-01",Active
SO0000733,SO-202304-00320,"2025-04-30","10051",哈尔滨天图测量科技有限公司,10,P0007,UAV-JF-ENT-SV,UAV-JF-ENT-SV,3,台,28999,"0.0%",28999,86997,已发货,已确认,直销,销售一部,郑海,"2025-05-16",否,"","",哈尔滨天图测量科技有限公司,QT-202304-00320,"","2025-04-30",Active
SO0000734,SO-202409-00321,"2025-09-14","10052",郑州地景测控工程有限公司,10,P0004,UAV-XF-PRO-B,UAV-XF-PRO-B,7,台,4199,"0.0%",4199,29393,已发货,已确认,项目销售,销售一部,杨帆,"2025-10-25",否,HT-2024-393,郑州地景测控工程有限公司设备采购项目,郑州地景测控工程有限公司,QT-202409-00321,"","2025-09-14",Active
SO0000735,SO-202409-00321,"2025-09-14","10052",郑州地景测控工程有限公司,20,P0007,UAV-JF-ENT-SV,UAV-JF-ENT-SV,4,台,28999,"0.0%",28999,115996,已发货,已确认,项目销售,销售一部,杨帆,"2025-10-02",否,HT-2024-393,郑州地景测控工程有限公司设备采购项目,郑州地景测控工程有限公司,QT-202409-00321,"","2025-09-14",Active
SO0000736,SO-202409-00321,"2025-09-14","10052",郑州地景测控工程有限公司,30,P0003,UAV-XF-PRO-A,UAV-XF-PRO-A,19,台,3799,"4.9%",3613,68644,已发货,已确认,项目销售,销售一部,杨帆,"2025-10-02",否,HT-2024-393,郑州地景测控工程有限公司设备采购项目,郑州地景测控工程有限公司,QT-202409-00321,"","2025-09-14",Active
SO0000737,SO-202404-00322,"2025-04-01","10052",郑州地景测控工程有限公司,10,P0007,UAV-JF-ENT-SV,UAV-JF-ENT-SV,13,台,28999,"5.1%",27520,357761,已发货,已确认,项目销售,销售一部,王强,"2025-04-17",否,HT-2024-309,长沙市测绘服务应用项目,郑州地景测控工程有限公司,QT-202403-00570,"","2025-04-01",Active
SO0000738,SO-202404-00322,"2025-04-01","10052",郑州地景测控工程有限公司,20,P0003,UAV-XF-PRO-A,UAV-XF-PRO-A,15,台,3799,"3.3%",3674,55104,已发货,已确认,项目销售,销售一部,王强,"2025-05-06",否,HT-2024-309,长沙市测绘服务应用项目,郑州地景测控工程有限公司,QT-202403-00570,"","2025-04-01",Active
SO0000739,SO-202404-00322,"2025-04-01","10052",郑州地景测控工程有限公司,30,P0004,UAV-XF-PRO-B,UAV-XF-PRO-B,27,台,4199,"8.6%",3838,103623,已发货,已确认,项目销售,销售一部,王强,"2025-05-23",否,HT-2024-309,长沙市测绘服务应用项目,郑州地景测控工程有限公司,QT-202403-00570,"","2025-04-01",Active
SO0000740,SO-202306-00323,"2025-06-01","10052",郑州地景测控工程有限公司,10,P0004,UAV-XF-PRO-B,UAV-XF-PRO-B,4,台,4199,"0.0%",4199,16796,已发货,已确认,直销,销售一部,蒋敏,"2025-07-12",是,"","",郑州地景测控工程有限公司,QT-202305-00625,"","2025-06-01",Active
SO0000741,SO-202306-00323,"2025-06-01","10052",郑州地景测控工程有限公司,20,P0007,UAV-JF-ENT-SV,UAV-JF-ENT-SV,1,台,28999,"0.0%",28999,28999,已发货,已确认,直销,销售一部,蒋敏,"2025-06-20",是,"","",郑州地景测控工程有限公司,QT-202305-00625,"","2025-06-01",Active
SO0000742,SO-202407-00324,"2025-07-28","10053",厦门图新勘测服务有限公司,10,P0004,UAV-XF-PRO-B,UAV-XF-PRO-B,7,台,4199,"13.3%",3641,25484,已发货,已确认,项目销售,销售一部,王强,"2025-08-14",否,HT-2024-227,厦门图新勘测服务有限公司设备采购项目,厦门图新勘测服务有限公司,QT-202407-00546,"","2025-07-28",Active
SO0000743,SO-202407-00324,"2025-07-28","10053",厦门图新勘测服务有限公司,20,P0007,UAV-JF-ENT-SV,UAV-JF-ENT-SV,7,台,28999,"8.9%",26418,184927,已发货,已确认,项目销售,销售一部,王强,"2025-09-25",否,HT-2024-227,厦门图新勘测服务有限公司设备采购项目,厦门图新勘测服务有限公司,QT-202407-00546,"","2025-07-28",Active
SO0000744,SO-202407-00324,"2025-07-28","10053",厦门图新勘测服务有限公司,30,P0003,UAV-XF-PRO-A,UAV-XF-PRO-A,21,台,3799,"10.9%",3385,71083,已发货,已确认,项目销售,销售一部,王强,"2025-09-21",否,HT-2024-227,厦门图新勘测服务有限公司设备采购项目,厦门图新勘测服务有限公司,QT-202407-00546,"","2025-07-28",Active
SO0000745,SO-202403-00325,"2025-03-10","10053",厦门图新勘测服务有限公司,10,P0003,UAV-XF-PRO-A,UAV-XF-PRO-A,22,台,3799,"11.5%",3362,73967,已发货,已确认,项目销售,销售一部,蒋敏,"2025-04-15",否,HT-2024-244,咸阳市地理信息应用项目,厦门图新勘测服务有限公司,QT-202402-00580,"","2025-03-10",Active
SO0000746,SO-202403-00325,"2025-03-10","10053",厦门图新勘测服务有限公司,20,P0004,UAV-XF-PRO-B,UAV-XF-PRO-B,19,台,4199,"9.3%",3808,72361,已发货,已确认,项目销售,销售一部,蒋敏,"2025-05-08",否,HT-2024-244,咸阳市地理信息应用项目,厦门图新勘测服务有限公司,QT-202402-00580,"","2025-03-10",Active
SO0000747,SO-202304-00326,"2025-04-01","10053",厦门图新勘测服务有限公司,10,P0004,UAV-XF-PRO-B,UAV-XF-PRO-B,7,台,4199,"13.8%",3620,25337,已发货,已确认,项目销售,销售一部,张伟,"2025-04-21",否,HT-2023-364,咸阳市地理信息应用项目,厦门图新勘测服务有限公司,QT-202304-00326,"","2025-04-01",Active
SO0000748,SO-202304-00326,"2025-04-01","10053",厦门图新勘测服务有限公司,20,P0003,UAV-XF-PRO-A,UAV-XF-PRO-A,10,台,3799,"7.7%",3506,35065,已发货,已确认,项目销售,销售一部,张伟,"2025-04-27",否,HT-2023-364,咸阳市地理信息应用项目,厦门图新勘测服务有限公司,QT-202304-00326,"","2025-04-01",Active
SO0000749,SO-202401-00327,"2025-01-26","10053",厦门图新勘测服务有限公司,10,P0004,UAV-XF-PRO-B,UAV-XF-PRO-B,30,台,4199,"14.9%",3573,107201,已发货,已确认,项目销售,销售一部,郑海,"2025-03-21",否,HT-2024-156,厦门图新勘测服务有限公司设备采购项目,厦门图新勘测服务有限公司,QT-202401-00327,"","2025-01-26",Active
SO0000750,SO-202401-00327,"2025-01-26","10053",厦门图新勘测服务有限公司,20,P0007,UAV-JF-ENT-SV,UAV-JF-ENT-SV,8,台,28999,"10.4%",25983,207865,已发货,已确认,项目销售,销售一部,郑海,"2025-02-25",否,HT-2024-156,厦门图新勘测服务有限公司设备采购项目,厦门图新勘测服务有限公司,QT-202401-00327,"","2025-01-26",Active
SO0000751,SO-202401-00327,"2025-01-26","10053",厦门图新勘测服务有限公司,30,P0003,UAV-XF-PRO-A,UAV-XF-PRO-A,14,台,3799,"6.6%",3548,49676,已发货,已确认,项目销售,销售一部,郑海,"2025-03-22",否,HT-2024-156,厦门图新勘测服务有限公司设备采购项目,厦门图新勘测服务有限公司,QT-202401-00327,"","2025-01-26",Active
SO0000752,SO-202301-00328,"2025-01-03","10053",厦门图新勘测服务有限公司,10,P0004,UAV-XF-PRO-B,UAV-XF-PRO-B,6,台,4199,"11.2%",3729,22372,已取消,已取消,项目销售,销售一部,刘洋,"2025-02-05",否,HT-2023-335,咸阳市地理信息应用项目,厦门图新勘测服务有限公司,QT-202301-00328,"","2025-01-03",Active
SO0000753,SO-202301-00328,"2025-01-03","10053",厦门图新勘测服务有限公司,20,P0007,UAV-JF-ENT-SV,UAV-JF-ENT-SV,5,台,28999,"12.2%",25461,127306,已取消,已取消,项目销售,销售一部,刘洋,"2025-02-23",否,HT-2023-335,咸阳市地理信息应用项目,厦门图新勘测服务有限公司,QT-202301-00328,"","2025-01-03",Active
SO0000754,SO-202301-00328,"2025-01-03","10053",厦门图新勘测服务有限公司,30,P0003,UAV-XF-PRO-A,UAV-XF-PRO-A,15,台,3799,"10.9%",3385,50774,已取消,已取消,项目销售,销售一部,刘洋,"2025-01-30",否,HT-2023-335,咸阳市地理信息应用项目,厦门图新勘测服务有限公司,QT-202301-00328,"","2025-01-03",Active
SO0000755,SO-202412-00329,"2025-12-05","10053",厦门图新勘测服务有限公司,10,P0007,UAV-JF-ENT-SV,UAV-JF-ENT-SV,7,台,28999,"8.0%",26679,186754,已发货,已确认,项目销售,销售一部,周杰,"2025-12-08",否,HT-2024-307,咸阳市地理信息应用项目,厦门图新勘测服务有限公司,QT-202411-00585,"","2025-12-05",Active
SO0000756,SO-202412-00329,"2025-12-05","10053",厦门图新勘测服务有限公司,20,P0004,UAV-XF-PRO-B,UAV-XF-PRO-B,7,台,4199,"10.1%",3775,26424,已发货,已确认,项目销售,销售一部,周杰,"2025-12-08",否,HT-2024-307,咸阳市地理信息应用项目,厦门图新勘测服务有限公司,QT-202411-00585,"","2025-12-05",Active
SO0000757,SO-202412-00329,"2025-12-05","10053",厦门图新勘测服务有限公司,30,P0003,UAV-XF-PRO-A,UAV-XF-PRO-A,16,台,3799,"11.5%",3362,53794,已发货,已确认,项目销售,销售一部,周杰,"2025-12-08",否,HT-2024-307,咸阳市地理信息应用项目,厦门图新勘测服务有限公司,QT-202411-00585,"","2025-12-05",Active
SO0000758,SO-202403-00330,"2025-03-22","10053",厦门图新勘测服务有限公司,10,P0004,UAV-XF-PRO-B,UAV-XF-PRO-B,23,台,4199,"11.1%",3733,85857,已发货,已确认,项目销售,销售一部,吴磊,"2025-05-10",否,HT-2024-263,咸阳市地理信息应用项目,厦门图新勘测服务有限公司,QT-202403-00556,"","2025-03-22",Active
SO0000759,SO-202403-00330,"2025-03-22","10053",厦门图新勘测服务有限公司,20,P0007,UAV-JF-ENT-SV,UAV-JF-ENT-SV,12,台,28999,"12.9%",25258,303098,已发货,已确认,项目销售,销售一部,吴磊,"2025-05-20",否,HT-2024-263,咸阳市地理信息应用项目,厦门图新勘测服务有限公司,QT-202403-00556,"","2025-03-22",Active
SO0000760,SO-202403-00330,"2025-03-22","10053",厦门图新勘测服务有限公司,30,P0003,UAV-XF-PRO-A,UAV-XF-PRO-A,18,台,3799,"11.5%",3362,60518,已发货,已确认,项目销售,销售一部,吴磊,"2025-05-19",否,HT-2024-263,咸阳市地理信息应用项目,厦门图新勘测服务有限公司,QT-202403-00556,"","2025-03-22",Active
SO0000761,SO-202305-00331,"2025-05-30","10053",厦门图新勘测服务有限公司,10,P0007,UAV-JF-ENT-SV,UAV-JF-ENT-SV,4,台,28999,"9.9%",26128,104512,已发货,已确认,项目销售,销售一部,孙丽,"2025-06-27",否,HT-2023-185,厦门图新勘测服务有限公司设备采购项目,厦门图新勘测服务有限公司,QT-202305-00331,"","2025-05-30",Active
SO0000762,SO-202305-00331,"2025-05-30","10053",厦门图新勘测服务有限公司,20,P0003,UAV-XF-PRO-A,UAV-XF-PRO-A,13,台,3799,"12.8%",3313,43065,已发货,已确认,项目销售,销售一部,孙丽,"2025-06-30",否,HT-2023-185,厦门图新勘测服务有限公司设备采购项目,厦门图新勘测服务有限公司,QT-202305-00331,"","2025-05-30",Active
SO0000763,SO-202305-00331,"2025-05-30","10053",厦门图新勘测服务有限公司,30,P0004,UAV-XF-PRO-B,UAV-XF-PRO-B,6,台,4199,"5.8%",3955,23733,已发货,已确认,项目销售,销售一部,孙丽,"2025-07-17",否,HT-2023-185,厦门图新勘测服务有限公司设备采购项目,厦门图新勘测服务有限公司,QT-202305-00331,"","2025-05-30",Active
SO0000764,SO-202410-00332,"2025-10-16","10053",厦门图新勘测服务有限公司,10,P0003,UAV-XF-PRO-A,UAV-XF-PRO-A,23,台,3799,"11.8%",3351,77067,已发货,已确认,项目销售,销售一部,王强,"2025-12-06",否,HT-2024-386,"2024年咸阳市测绘项目",厦门图新勘测服务有限公司,QT-202410-00535,"","2025-10-16",Active
SO0000765,SO-202410-00332,"2025-10-16","10053",厦门图新勘测服务有限公司,20,P0007,UAV-JF-ENT-SV,UAV-JF-ENT-SV,9,台,28999,"8.4%",26563,239068,已发货,已确认,项目销售,销售一部,王强,"2025-11-02",否,HT-2024-386,"2024年咸阳市测绘项目",厦门图新勘测服务有限公司,QT-202410-00535,"","2025-10-16",Active
SO0000766,SO-202410-00332,"2025-10-16","10053",厦门图新勘测服务有限公司,30,P0004,UAV-XF-PRO-B,UAV-XF-PRO-B,15,台,4199,"8.0%",3863,57946,已发货,已确认,项目销售,销售一部,王强,"2025-12-10",否,HT-2024-386,"2024年咸阳市测绘项目",厦门图新勘测服务有限公司,QT-202410-00535,"","2025-10-16",Active
SO0000767,SO-202310-00333,"2025-10-05","10053",厦门图新勘测服务有限公司,10,P0007,UAV-JF-ENT-SV,UAV-JF-ENT-SV,10,台,28999,"11.7%",25606,256061,已发货,已确认,项目销售,销售一部,钱进,"2025-11-30",否,HT-2023-266,厦门图新勘测服务有限公司设备采购项目,厦门图新勘测服务有限公司,QT-202309-00543,"","2025-10-05",Active
SO0000768,SO-202310-00333,"2025-10-05","10053",厦门图新勘测服务有限公司,20,P0004,UAV-XF-PRO-B,UAV-XF-PRO-B,8,台,4199,"13.1%",3649,29191,已发货,已确认,项目销售,销售一部,钱进,"2025-11-11",否,HT-2023-266,厦门图新勘测服务有限公司设备采购项目,厦门图新勘测服务有限公司,QT-202309-00543,"","2025-10-05",Active
SO0000769,SO-202310-00333,"2025-10-05","10053",厦门图新勘测服务有限公司,30,P0003,UAV-XF-PRO-A,UAV-XF-PRO-A,14,台,3799,"13.4%",3290,46059,已发货,已确认,项目销售,销售一部,钱进,"2025-11-23",否,HT-2023-266,厦门图新勘测服务有限公司设备采购项目,厦门图新勘测服务有限公司,QT-202309-00543,"","2025-10-05",Active
SO0000770,SO-202306-00334,"2025-06-16","10053",厦门图新勘测服务有限公司,10,P0007,UAV-JF-ENT-SV,UAV-JF-ENT-SV,12,台,28999,"9.2%",26331,315973,已发货,已确认,项目销售,销售一部,赵敏,"2025-07-28",否,HT-2023-287,咸阳市地理信息应用项目,厦门图新勘测服务有限公司,QT-202306-00411,"","2025-06-16",Active
SO0000771,SO-202306-00334,"2025-06-16","10053",厦门图新勘测服务有限公司,20,P0003,UAV-XF-PRO-A,UAV-XF-PRO-A,28,台,3799,"11.0%",3381,94671,已发货,已确认,项目销售,销售一部,赵敏,"2025-07-16",否,HT-2023-287,咸阳市地理信息应用项目,厦门图新勘测服务有限公司,QT-202306-00411,"","2025-06-16",Active
SO0000772,SO-202306-00334,"2025-06-16","10053",厦门图新勘测服务有限公司,30,P0004,UAV-XF-PRO-B,UAV-XF-PRO-B,13,台,4199,"7.8%",3871,50329,已发货,已确认,项目销售,销售一部,赵敏,"2025-08-08",否,HT-2023-287,咸阳市地理信息应用项目,厦门图新勘测服务有限公司,QT-202306-00411,"","2025-06-16",Active
SO0000773,SO-202303-00335,"2025-03-20","10053",厦门图新勘测服务有限公司,10,P0003,UAV-XF-PRO-A,UAV-XF-PRO-A,3,台,3799,"5.3%",3598,10793,已发货,已确认,直销,销售一部,赵敏,"2025-04-18",否,"","",厦门图新勘测服务有限公司,QT-202303-00610,"","2025-03-20",Active
SO0000774,SO-202303-00335,"2025-03-20","10053",厦门图新勘测服务有限公司,20,P0004,UAV-XF-PRO-B,UAV-XF-PRO-B,4,台,4199,"10.8%",3746,14982,已发货,已确认,直销,销售一部,赵敏,"2025-04-21",否,"","",厦门图新勘测服务有限公司,QT-202303-00610,"","2025-03-20",Active
SO0000775,SO-202303-00335,"2025-03-20","10053",厦门图新勘测服务有限公司,30,P0007,UAV-JF-ENT-SV,UAV-JF-ENT-SV,9,台,28999,"9.1%",26360,237241,已发货,已确认,直销,销售一部,赵敏,"2025-04-14",否,"","",厦门图新勘测服务有限公司,QT-202303-00610,"","2025-03-20",Active
SO0000776,SO-202312-00336,"2025-12-17","10053",厦门图新勘测服务有限公司,10,P0007,UAV-JF-ENT-SV,UAV-JF-ENT-SV,5,台,28999,"13.7%",25026,125131,已发货,已确认,直销,销售一部,陈静,"2025-12-20",否,"","",厦门图新勘测服务有限公司,QT-202312-00597,"","2025-12-17",Active
SO0000777,SO-202312-00336,"2025-12-17","10053",厦门图新勘测服务有限公司,20,P0003,UAV-XF-PRO-A,UAV-XF-PRO-A,3,台,3799,"5.3%",3598,10793,已发货,已确认,直销,销售一部,陈静,"2025-12-20",否,"","",厦门图新勘测服务有限公司,QT-202312-00597,"","2025-12-17",Active
SO0000778,SO-202312-00336,"2025-12-17","10053",厦门图新勘测服务有限公司,30,P0004,UAV-XF-PRO-B,UAV-XF-PRO-B,5,台,4199,"7.0%",3905,19525,已发货,已确认,直销,销售一部,陈静,"2025-12-20",否,"","",厦门图新勘测服务有限公司,QT-202312-00597,"","2025-12-17",Active
SO0000779,SO-202308-00337,"2025-08-03","10053",厦门图新勘测服务有限公司,10,P0007,UAV-JF-ENT-SV,UAV-JF-ENT-SV,5,台,28999,"13.0%",25229,126146,已发货,已确认,直销,销售一部,刘洋,"2025-08-29",否,"","",厦门图新勘测服务有限公司,QT-202308-00337,"","2025-08-03",Active
SO0000780,SO-202308-00337,"2025-08-03","10053",厦门图新勘测服务有限公司,20,P0003,UAV-XF-PRO-A,UAV-XF-PRO-A,7,台,3799,"11.9%",3347,23428,已发货,已确认,直销,销售一部,刘洋,"2025-08-29",否,"","",厦门图新勘测服务有限公司,QT-202308-00337,"","2025-08-03",Active
SO0000781,SO-202308-00337,"2025-08-03","10053",厦门图新勘测服务有限公司,30,P0004,UAV-XF-PRO-B,UAV-XF-PRO-B,6,台,4199,"6.4%",3930,23582,已发货,已确认,直销,销售一部,刘洋,"2025-09-14",否,"","",厦门图新勘测服务有限公司,QT-202308-00337,"","2025-08-03",Active
SO0000782,SO-202304-00338,"2025-04-21","10053",厦门图新勘测服务有限公司,10,P0004,UAV-XF-PRO-B,UAV-XF-PRO-B,9,台,4199,"8.2%",3855,34692,已发货,已确认,项目销售,销售一部,李娜,"2025-05-29",否,HT-2023-023,"2023年咸阳市测绘项目",厦门图新勘测服务有限公司,QT-202304-00338,"","2025-04-21",Active
SO0000783,SO-202304-00338,"2025-04-21","10053",厦门图新勘测服务有限公司,20,P0007,UAV-JF-ENT-SV,UAV-JF-ENT-SV,3,台,28999,"10.2%",26041,78123,已发货,已确认,项目销售,销售一部,李娜,"2025-05-28",否,HT-2023-023,"2023年咸阳市测绘项目",厦门图新勘测服务有限公司,QT-202304-00338,"","2025-04-21",Active
SO0000784,SO-202305-00339,"2025-05-07","10054",南京地景勘测技术有限公司,10,P0003,UAV-XF-PRO-A,UAV-XF-PRO-A,5,台,3799,"0.0%",3799,18995,已发货,已确认,直销,销售一部,贾斌,"2025-07-04",否,"","",南京地景勘测技术有限公司,QT-202305-00339,"","2025-05-07",Active
SO0000785,SO-202408-00340,"2025-08-16","10055",郑州经纬空间信息有限公司,10,P0004,UAV-XF-PRO-B,UAV-XF-PRO-B,26,台,4199,"11.2%",3729,96946,已发货,已确认,项目销售,销售一部,钱进,"2025-09-29",否,HT-2024-259,厦门市勘测设计应用项目,郑州经纬空间信息有限公司,QT-202408-00522,"","2025-08-16",Active
SO0000786,SO-202408-00340,"2025-08-16","10055",郑州经纬空间信息有限公司,20,P0007,UAV-JF-ENT-SV,UAV-JF-ENT-SV,14,台,28999,"12.6%",25345,354832,已发货,已确认,项目销售,销售一部,钱进,"2025-09-06",否,HT-2024-259,厦门市勘测设计应用项目,郑州经纬空间信息有限公司,QT-202408-00522,"","2025-08-16",Active
SO0000787,SO-202408-00340,"2025-08-16","10055",郑州经纬空间信息有限公司,30,P0003,UAV-XF-PRO-A,UAV-XF-PRO-A,17,台,3799,"13.7%",3279,55735,已发货,已确认,项目销售,销售一部,钱进,"2025-09-08",否,HT-2024-259,厦门市勘测设计应用项目,郑州经纬空间信息有限公司,QT-202408-00522,"","2025-08-16",Active
SO0000788,SO-202301-00341,"2025-01-15","10055",郑州经纬空间信息有限公司,10,P0003,UAV-XF-PRO-A,UAV-XF-PRO-A,24,台,3799,"11.1%",3377,81055,已发货,已确认,项目销售,销售一部,曹磊,"2025-02-03",否,HT-2023-276,"2023年厦门市测绘项目",郑州经纬空间信息有限公司,QT-202301-00587,"","2025-01-15",Active
SO0000789,SO-202301-00341,"2025-01-15","10055",郑州经纬空间信息有限公司,20,P0004,UAV-XF-PRO-B,UAV-XF-PRO-B,16,台,4199,"10.1%",3775,60398,已发货,已确认,项目销售,销售一部,曹磊,"2025-03-08",否,HT-2023-276,"2023年厦门市测绘项目",郑州经纬空间信息有限公司,QT-202301-00587,"","2025-01-15",Active
SO0000790,SO-202301-00341,"2025-01-15","10055",郑州经纬空间信息有限公司,30,P0007,UAV-JF-ENT-SV,UAV-JF-ENT-SV,3,台,28999,"12.8%",25287,75861,已发货,已确认,项目销售,销售一部,曹磊,"2025-03-09",否,HT-2023-276,"2023年厦门市测绘项目",郑州经纬空间信息有限公司,QT-202301-00587,"","2025-01-15",Active
SO0000791,SO-202412-00342,"2025-12-25","10055",郑州经纬空间信息有限公司,10,P0007,UAV-JF-ENT-SV,UAV-JF-ENT-SV,8,台,28999,"10.0%",26099,208793,已发货,已确认,项目销售,销售一部,姚强,"2025-12-28",否,HT-2024-093,郑州经纬空间信息有限公司设备采购项目,郑州经纬空间信息有限公司,QT-202412-00342,"","2025-12-25",Active
SO0000792,SO-202412-00342,"2025-12-25","10055",郑州经纬空间信息有限公司,20,P0003,UAV-XF-PRO-A,UAV-XF-PRO-A,24,台,3799,"9.0%",3457,82970,已发货,已确认,项目销售,销售一部,姚强,"2025-12-28",否,HT-2024-093,郑州经纬空间信息有限公司设备采购项目,郑州经纬空间信息有限公司,QT-202412-00342,"","2025-12-25",Active
SO0000793,SO-202412-00342,"2025-12-25","10055",郑州经纬空间信息有限公司,30,P0004,UAV-XF-PRO-B,UAV-XF-PRO-B,7,台,4199,"8.5%",3842,26895,已发货,已确认,项目销售,销售一部,姚强,"2025-12-28",否,HT-2024-093,郑州经纬空间信息有限公司设备采购项目,郑州经纬空间信息有限公司,QT-202412-00342,"","2025-12-25",Active
SO0000794,SO-202308-00343,"2025-08-22","10055",郑州经纬空间信息有限公司,10,P0007,UAV-JF-ENT-SV,UAV-JF-ENT-SV,7,台,28999,"10.6%",25925,181476,已取消,已取消,项目销售,销售一部,蒋敏,"2025-09-27",否,HT-2023-070,郑州经纬空间信息有限公司设备采购项目,郑州经纬空间信息有限公司,QT-202308-00340,"","2025-08-22",Active
SO0000795,SO-202308-00343,"2025-08-22","10055",郑州经纬空间信息有限公司,20,P0004,UAV-XF-PRO-B,UAV-XF-PRO-B,17,台,4199,"8.5%",3842,65316,已取消,已取消,项目销售,销售一部,蒋敏,"2025-10-03",否,HT-2023-070,郑州经纬空间信息有限公司设备采购项目,郑州经纬空间信息有限公司,QT-202308-00340,"","2025-08-22",Active
SO0000796,SO-202308-00343,"2025-08-22","10055",郑州经纬空间信息有限公司,30,P0003,UAV-XF-PRO-A,UAV-XF-PRO-A,9,台,3799,"12.2%",3336,30020,已取消,已取消,项目销售,销售一部,蒋敏,"2025-09-30",否,HT-2023-070,郑州经纬空间信息有限公司设备采购项目,郑州经纬空间信息有限公司,QT-202308-00340,"","2025-08-22",Active
SO0000797,SO-202302-00344,"2025-02-11","10055",郑州经纬空间信息有限公司,10,P0007,UAV-JF-ENT-SV,UAV-JF-ENT-SV,5,台,28999,"13.4%",25113,125566,已发货,已确认,项目销售,销售一部,王强,"2025-04-10",否,HT-2023-160,厦门市勘测设计应用项目,郑州经纬空间信息有限公司,QT-202302-00392,"","2025-02-11",Active
SO0000798,SO-202302-00344,"2025-02-11","10055",郑州经纬空间信息有限公司,20,P0003,UAV-XF-PRO-A,UAV-XF-PRO-A,21,台,3799,"6.7%",3544,74434,已发货,已确认,项目销售,销售一部,王强,"2025-03-27",否,HT-2023-160,厦门市勘测设计应用项目,郑州经纬空间信息有限公司,QT-202302-00392,"","2025-02-11",Active
SO0000799,SO-202302-00344,"2025-02-11","10055",郑州经纬空间信息有限公司,30,P0004,UAV-XF-PRO-B,UAV-XF-PRO-B,30,台,4199,"14.2%",3603,108082,已发货,已确认,项目销售,销售一部,王强,"2025-04-10",否,HT-2023-160,厦门市勘测设计应用项目,郑州经纬空间信息有限公司,QT-202302-00392,"","2025-02-11",Active
SO0000800,SO-202310-00345,"2025-10-25","10055",郑州经纬空间信息有限公司,10,P0004,UAV-XF-PRO-B,UAV-XF-PRO-B,30,台,4199,"6.9%",3909,117278,已发货,已确认,项目销售,销售一部,蒋敏,"2025-11-19",否,HT-2023-348,郑州经纬空间信息有限公司设备采购项目,郑州经纬空间信息有限公司,QT-202310-00563,"","2025-10-25",Active
SO0000801,SO-202310-00345,"2025-10-25","10055",郑州经纬空间信息有限公司,20,P0003,UAV-XF-PRO-A,UAV-XF-PRO-A,15,台,3799,"13.7%",3279,49178,已发货,已确认,项目销售,销售一部,蒋敏,"2025-12-11",否,HT-2023-348,郑州经纬空间信息有限公司设备采购项目,郑州经纬空间信息有限公司,QT-202310-00563,"","2025-10-25",Active
SO0000802,SO-202405-00346,"2025-05-18","10055",郑州经纬空间信息有限公司,10,P0004,UAV-XF-PRO-B,UAV-XF-PRO-B,20,台,4199,"8.5%",3842,76842,已发货,已确认,项目销售,销售一部,赵敏,"2025-07-14",否,HT-2024-203,郑州经纬空间信息有限公司设备采购项目,郑州经纬空间信息有限公司,QT-202405-00346,"","2025-05-18",Active
SO0000803,SO-202405-00346,"2025-05-18","10055",郑州经纬空间信息有限公司,20,P0003,UAV-XF-PRO-A,UAV-XF-PRO-A,17,台,3799,"10.8%",3389,57608,已发货,已确认,项目销售,销售一部,赵敏,"2025-06-05",否,HT-2024-203,郑州经纬空间信息有限公司设备采购项目,郑州经纬空间信息有限公司,QT-202405-00346,"","2025-05-18",Active
SO0000804,SO-202405-00346,"2025-05-18","10055",郑州经纬空间信息有限公司,30,P0007,UAV-JF-ENT-SV,UAV-JF-ENT-SV,7,台,28999,"10.8%",25867,181070,已发货,已确认,项目销售,销售一部,赵敏,"2025-07-12",否,HT-2024-203,郑州经纬空间信息有限公司设备采购项目,郑州经纬空间信息有限公司,QT-202405-00346,"","2025-05-18",Active
SO0000805,SO-202307-00347,"2025-07-23","10055",郑州经纬空间信息有限公司,10,P0004,UAV-XF-PRO-B,UAV-XF-PRO-B,21,台,4199,"11.3%",3725,78215,已发货,已确认,项目销售,销售一部,孙丽,"2025-09-06",否,HT-2023-218,厦门市勘测设计应用项目,郑州经纬空间信息有限公司,QT-202307-00511,"","2025-07-23",Active
SO0000806,SO-202307-00347,"2025-07-23","10055",郑州经纬空间信息有限公司,20,P0003,UAV-XF-PRO-A,UAV-XF-PRO-A,27,台,3799,"11.6%",3358,90675,已发货,已确认,项目销售,销售一部,孙丽,"2025-09-10",否,HT-2023-218,厦门市勘测设计应用项目,郑州经纬空间信息有限公司,QT-202307-00511,"","2025-07-23",Active
SO0000807,SO-202408-00348,"2025-08-30","10055",郑州经纬空间信息有限公司,10,P0007,UAV-JF-ENT-SV,UAV-JF-ENT-SV,11,台,28999,"7.4%",26853,295384,已发货,已确认,项目销售,销售一部,吴磊,"2025-10-27",否,HT-2024-487,郑州经纬空间信息有限公司设备采购项目,郑州经纬空间信息有限公司,QT-202408-00348,"","2025-08-30",Active
SO0000808,SO-202408-00348,"2025-08-30","10055",郑州经纬空间信息有限公司,20,P0004,UAV-XF-PRO-B,UAV-XF-PRO-B,7,台,4199,"13.5%",3632,25425,已发货,已确认,项目销售,销售一部,吴磊,"2025-10-05",否,HT-2024-487,郑州经纬空间信息有限公司设备采购项目,郑州经纬空间信息有限公司,QT-202408-00348,"","2025-08-30",Active
SO0000809,SO-202408-00348,"2025-08-30","10055",郑州经纬空间信息有限公司,30,P0003,UAV-XF-PRO-A,UAV-XF-PRO-A,27,台,3799,"9.1%",3453,93239,已发货,已确认,项目销售,销售一部,吴磊,"2025-09-26",否,HT-2024-487,郑州经纬空间信息有限公司设备采购项目,郑州经纬空间信息有限公司,QT-202408-00348,"","2025-08-30",Active
SO0000810,SO-202404-00349,"2025-04-10","10055",郑州经纬空间信息有限公司,10,P0003,UAV-XF-PRO-A,UAV-XF-PRO-A,14,台,3799,"14.6%",3244,45421,已发货,已确认,项目销售,销售一部,赵敏,"2025-05-26",否,HT-2024-016,"2024年厦门市测绘项目",郑州经纬空间信息有限公司,QT-202403-00571,"","2025-04-10",Active
SO0000811,SO-202404-00349,"2025-04-10","10055",郑州经纬空间信息有限公司,20,P0007,UAV-JF-ENT-SV,UAV-JF-ENT-SV,10,台,28999,"11.3%",25722,257221,已发货,已确认,项目销售,销售一部,赵敏,"2025-06-02",否,HT-2024-016,"2024年厦门市测绘项目",郑州经纬空间信息有限公司,QT-202403-00571,"","2025-04-10",Active
SO0000812,SO-202404-00349,"2025-04-10","10055",郑州经纬空间信息有限公司,30,P0004,UAV-XF-PRO-B,UAV-XF-PRO-B,26,台,4199,"11.3%",3725,96837,已发货,已确认,项目销售,销售一部,赵敏,"2025-05-22",否,HT-2024-016,"2024年厦门市测绘项目",郑州经纬空间信息有限公司,QT-202403-00571,"","2025-04-10",Active
SO0000813,SO-202301-00350,"2025-01-28","10055",郑州经纬空间信息有限公司,10,P0004,UAV-XF-PRO-B,UAV-XF-PRO-B,22,台,4199,"12.3%",3683,81015,已发货,已确认,项目销售,销售一部,陈静,"2025-03-02",否,HT-2023-050,"2023年厦门市测绘项目",郑州经纬空间信息有限公司,QT-202301-00350,"","2025-01-28",Active
SO0000814,SO-202301-00350,"2025-01-28","10055",郑州经纬空间信息有限公司,20,P0003,UAV-XF-PRO-A,UAV-XF-PRO-A,16,台,3799,"10.8%",3389,54219,已发货,已确认,项目销售,销售一部,陈静,"2025-03-12",否,HT-2023-050,"2023年厦门市测绘项目",郑州经纬空间信息有限公司,QT-202301-00350,"","2025-01-28",Active
SO0000815,SO-202301-00350,"2025-01-28","10055",郑州经纬空间信息有限公司,30,P0007,UAV-JF-ENT-SV,UAV-JF-ENT-SV,8,台,28999,"12.0%",25519,204153,已发货,已确认,项目销售,销售一部,陈静,"2025-02-14",否,HT-2023-050,"2023年厦门市测绘项目",郑州经纬空间信息有限公司,QT-202301-00350,"","2025-01-28",Active
SO0000816,SO-202411-00351,"2025-11-08","10055",郑州经纬空间信息有限公司,10,P0003,UAV-XF-PRO-A,UAV-XF-PRO-A,22,台,3799,"7.6%",3510,77226,已发货,已确认,项目销售,销售一部,姚强,"2025-12-08",否,HT-2024-280,"2024年厦门市测绘项目",郑州经纬空间信息有限公司,QT-202410-00540,"","2025-11-08",Active
SO0000817,SO-202411-00351,"2025-11-08","10055",郑州经纬空间信息有限公司,20,P0007,UAV-JF-ENT-SV,UAV-JF-ENT-SV,5,台,28999,"14.2%",24881,124406,已发货,已确认,项目销售,销售一部,姚强,"2025-11-29",否,HT-2024-280,"2024年厦门市测绘项目",郑州经纬空间信息有限公司,QT-202410-00540,"","2025-11-08",Active
SO0000818,SO-202401-00352,"2025-01-28","10056",成都测控地理信息工程有限公司,10,P0004,UAV-XF-PRO-B,UAV-XF-PRO-B,2,台,4199,"0.0%",4199,8398,已发货,已确认,直销,销售一部,韩雪,"2025-03-23",否,"","",成都测控地理信息工程有限公司,QT-202401-00352,"","2025-01-28",Active
SO0000819,SO-202411-00353,"2025-11-06","10056",成都测控地理信息工程有限公司,10,P0003,UAV-XF-PRO-A,UAV-XF-PRO-A,19,台,3799,"4.5%",3628,68933,已发货,已确认,项目销售,销售一部,郑海,"2025-12-06",否,HT-2024-160,北京市测绘服务应用项目,成都测控地理信息工程有限公司,QT-202410-00541,"","2025-11-06",Active
SO0000820,SO-202411-00353,"2025-11-06","10056",成都测控地理信息工程有限公司,20,P0004,UAV-XF-PRO-B,UAV-XF-PRO-B,28,台,4199,"3.4%",4056,113574,已发货,已确认,项目销售,销售一部,郑海,"2025-12-27",否,HT-2024-160,北京市测绘服务应用项目,成都测控地理信息工程有限公司,QT-202410-00541,"","2025-11-06",Active
SO0000821,SO-202411-00353,"2025-11-06","10056",成都测控地理信息工程有限公司,30,P0007,UAV-JF-ENT-SV,UAV-JF-ENT-SV,10,台,28999,"9.7%",26186,261861,已发货,已确认,项目销售,销售一部,郑海,"2025-12-11",否,HT-2024-160,北京市测绘服务应用项目,成都测控地理信息工程有限公司,QT-202410-00541,"","2025-11-06",Active
SO0000822,SO-202408-00354,"2025-08-05","10056",成都测控地理信息工程有限公司,10,P0007,UAV-JF-ENT-SV,UAV-JF-ENT-SV,9,台,28999,"0.0%",28999,260991,已发货,已确认,项目销售,销售一部,姚强,"2025-09-21",否,HT-2024-241,成都测控地理信息工程有限公司设备采购项目,成都测控地理信息工程有限公司,QT-202408-00354,"","2025-08-05",Active
SO0000823,SO-202408-00354,"2025-08-05","10056",成都测控地理信息工程有限公司,20,P0004,UAV-XF-PRO-B,UAV-XF-PRO-B,28,台,4199,"9.4%",3804,106520,已发货,已确认,项目销售,销售一部,姚强,"2025-09-29",否,HT-2024-241,成都测控地理信息工程有限公司设备采购项目,成都测控地理信息工程有限公司,QT-202408-00354,"","2025-08-05",Active
SO0000824,SO-202408-00354,"2025-08-05","10056",成都测控地理信息工程有限公司,30,P0003,UAV-XF-PRO-A,UAV-XF-PRO-A,28,台,3799,"7.6%",3510,98288,已发货,已确认,项目销售,销售一部,姚强,"2025-09-14",否,HT-2024-241,成都测控地理信息工程有限公司设备采购项目,成都测控地理信息工程有限公司,QT-202408-00354,"","2025-08-05",Active
SO0000825,SO-202405-00355,"2025-05-21","10057",青岛天图勘测工程有限公司,10,P0007,UAV-JF-ENT-SV,UAV-JF-ENT-SV,3,台,28999,"0.0%",28999,86997,已发货,已确认,直销,销售一部,袁琳,"2025-07-16",否,"","",青岛天图勘测工程有限公司,QT-202405-00355,"","2025-05-21",Active
SO0000826,SO-202408-00356,"2025-08-27","10057",青岛天图勘测工程有限公司,10,P0003,UAV-XF-PRO-A,UAV-XF-PRO-A,1,台,3799,"0.0%",3799,3799,已发货,已确认,直销,销售一部,李娜,"2025-09-23",否,"","",青岛天图勘测工程有限公司,"","","2025-08-27",Active
SO0000827,SO-202312-00357,"2025-12-16","10057",青岛天图勘测工程有限公司,10,P0003,UAV-XF-PRO-A,UAV-XF-PRO-A,1,台,3799,"0.0%",3799,3799,已发货,已确认,直销,销售一部,冯涛,"2025-12-19",否,"","",青岛天图勘测工程有限公司,QT-202312-00357,"","2025-12-16",Active
SO0000828,SO-202312-00357,"2025-12-16","10057",青岛天图勘测工程有限公司,20,P0007,UAV-JF-ENT-SV,UAV-JF-ENT-SV,5,台,28999,"0.0%",28999,144995,已发货,已确认,直销,销售一部,冯涛,"2025-12-19",否,"","",青岛天图勘测工程有限公司,QT-202312-00357,"","2025-12-16",Active
SO0000829,SO-202309-00358,"2025-09-11","10058",大连天图测绘有限公司,10,P0003,UAV-XF-PRO-A,UAV-XF-PRO-A,13,台,3799,"10.0%",3419,44448,已发货,已确认,项目销售,销售一部,周杰,"2025-09-28",否,HT-2023-157,"2023年咸阳市测绘项目",大连天图测绘有限公司,QT-202309-00538,"","2025-09-11",Active
SO0000830,SO-202309-00358,"2025-09-11","10058",大连天图测绘有限公司,20,P0004,UAV-XF-PRO-B,UAV-XF-PRO-B,24,台,4199,"11.0%",3737,89691,已发货,已确认,项目销售,销售一部,周杰,"2025-10-07",否,HT-2023-157,"2023年咸阳市测绘项目",大连天图测绘有限公司,QT-202309-00538,"","2025-09-11",Active
SO0000831,SO-202309-00358,"2025-09-11","10058",大连天图测绘有限公司,30,P0007,UAV-JF-ENT-SV,UAV-JF-ENT-SV,13,台,28999,"12.2%",25461,330995,已发货,已确认,项目销售,销售一部,周杰,"2025-09-26",否,HT-2023-157,"2023年咸阳市测绘项目",大连天图测绘有限公司,QT-202309-00538,"","2025-09-11",Active
SO0000832,SO-202302-00359,"2025-02-08","10058",大连天图测绘有限公司,10,P0007,UAV-JF-ENT-SV,UAV-JF-ENT-SV,13,台,28999,"13.7%",25026,325340,已发货,已确认,项目销售,销售一部,韩雪,"2025-03-12",否,HT-2023-011,咸阳市勘测设计应用项目,大连天图测绘有限公司,QT-202302-00359,"","2025-02-08",Active
SO0000833,SO-202302-00359,"2025-02-08","10058",大连天图测绘有限公司,20,P0004,UAV-XF-PRO-B,UAV-XF-PRO-B,19,台,4199,"9.0%",3821,72601,已发货,已确认,项目销售,销售一部,韩雪,"2025-04-04",否,HT-2023-011,咸阳市勘测设计应用项目,大连天图测绘有限公司,QT-202302-00359,"","2025-02-08",Active
SO0000834,SO-202302-00359,"2025-02-08","10058",大连天图测绘有限公司,30,P0003,UAV-XF-PRO-A,UAV-XF-PRO-A,15,台,3799,"14.0%",3267,49007,已发货,已确认,项目销售,销售一部,韩雪,"2025-03-09",否,HT-2023-011,咸阳市勘测设计应用项目,大连天图测绘有限公司,QT-202302-00359,"","2025-02-08",Active
SO0000835,SO-202311-00360,"2025-11-21","10058",大连天图测绘有限公司,10,P0004,UAV-XF-PRO-B,UAV-XF-PRO-B,12,台,4199,"14.4%",3594,43132,已发货,已确认,项目销售,销售一部,冯涛,"2025-12-24",否,HT-2023-354,咸阳市勘测设计应用项目,大连天图测绘有限公司,QT-202311-00511,"","2025-11-21",Active
SO0000836,SO-202311-00360,"2025-11-21","10058",大连天图测绘有限公司,20,P0003,UAV-XF-PRO-A,UAV-XF-PRO-A,28,台,3799,"7.9%",3499,97969,已发货,已确认,项目销售,销售一部,冯涛,"2025-11-24",否,HT-2023-354,咸阳市勘测设计应用项目,大连天图测绘有限公司,QT-202311-00511,"","2025-11-21",Active
SO0000837,SO-202411-00361,"2025-11-14","10058",大连天图测绘有限公司,10,P0004,UAV-XF-PRO-B,UAV-XF-PRO-B,20,台,4199,"5.7%",3960,79193,已发货,已确认,项目销售,销售一部,孙丽,"2025-11-29",否,HT-2024-326,"2024年咸阳市测绘项目",大连天图测绘有限公司,QT-202411-00361,"","2025-11-14",Active
SO0000838,SO-202411-00361,"2025-11-14","10058",大连天图测绘有限公司,20,P0003,UAV-XF-PRO-A,UAV-XF-PRO-A,15,台,3799,"11.6%",3358,50375,已发货,已确认,项目销售,销售一部,孙丽,"2025-12-21",否,HT-2024-326,"2024年咸阳市测绘项目",大连天图测绘有限公司,QT-202411-00361,"","2025-11-14",Active
SO0000839,SO-202411-00361,"2025-11-14","10058",大连天图测绘有限公司,30,P0007,UAV-JF-ENT-SV,UAV-JF-ENT-SV,10,台,28999,"13.5%",25084,250841,已发货,已确认,项目销售,销售一部,孙丽,"2025-12-30",否,HT-2024-326,"2024年咸阳市测绘项目",大连天图测绘有限公司,QT-202411-00361,"","2025-11-14",Active
SO0000840,SO-202408-00362,"2025-08-10","10058",大连天图测绘有限公司,10,P0004,UAV-XF-PRO-B,UAV-XF-PRO-B,13,台,4199,"11.0%",3737,48582,已发货,已确认,项目销售,销售一部,冯涛,"2025-10-06",否,HT-2024-049,咸阳市勘测设计应用项目,大连天图测绘有限公司,QT-202408-00362,"","2025-08-10",Active
SO0000841,SO-202408-00362,"2025-08-10","10058",大连天图测绘有限公司,20,P0007,UAV-JF-ENT-SV,UAV-JF-ENT-SV,12,台,28999,"5.3%",27462,329545,已发货,已确认,项目销售,销售一部,冯涛,"2025-10-04",否,HT-2024-049,咸阳市勘测设计应用项目,大连天图测绘有限公司,QT-202408-00362,"","2025-08-10",Active
SO0000842,SO-202408-00362,"2025-08-10","10058",大连天图测绘有限公司,30,P0003,UAV-XF-PRO-A,UAV-XF-PRO-A,20,台,3799,"9.4%",3442,68838,已发货,已确认,项目销售,销售一部,冯涛,"2025-09-16",否,HT-2024-049,咸阳市勘测设计应用项目,大连天图测绘有限公司,QT-202408-00362,"","2025-08-10",Active
SO0000843,SO-202406-00363,"2025-06-27","10058",大连天图测绘有限公司,10,P0007,UAV-JF-ENT-SV,UAV-JF-ENT-SV,7,台,28999,"12.1%",25490,178431,已发货,已确认,项目销售,销售一部,姚强,"2025-08-01",否,HT-2024-259,大连天图测绘有限公司设备采购项目,大连天图测绘有限公司,QT-202406-00393,"","2025-06-27",Active
SO0000844,SO-202406-00363,"2025-06-27","10058",大连天图测绘有限公司,20,P0003,UAV-XF-PRO-A,UAV-XF-PRO-A,19,台,3799,"8.3%",3484,66190,已发货,已确认,项目销售,销售一部,姚强,"2025-07-13",否,HT-2024-259,大连天图测绘有限公司设备采购项目,大连天图测绘有限公司,QT-202406-00393,"","2025-06-27",Active
SO0000845,SO-202307-00364,"2025-07-24","10058",大连天图测绘有限公司,10,P0004,UAV-XF-PRO-B,UAV-XF-PRO-B,23,台,4199,"10.7%",3750,86243,已发货,已确认,项目销售,销售一部,蒋敏,"2025-08-09",否,HT-2023-093,"2023年咸阳市测绘项目",大连天图测绘有限公司,QT-202307-00512,"","2025-07-24",Active
SO0000846,SO-202307-00364,"2025-07-24","10058",大连天图测绘有限公司,20,P0007,UAV-JF-ENT-SV,UAV-JF-ENT-SV,15,台,28999,"5.3%",27462,411931,已发货,已确认,项目销售,销售一部,蒋敏,"2025-09-12",否,HT-2023-093,"2023年咸阳市测绘项目",大连天图测绘有限公司,QT-202307-00512,"","2025-07-24",Active
SO0000847,SO-202307-00364,"2025-07-24","10058",大连天图测绘有限公司,30,P0003,UAV-XF-PRO-A,UAV-XF-PRO-A,28,台,3799,"10.1%",3415,95628,已发货,已确认,项目销售,销售一部,蒋敏,"2025-08-23",否,HT-2023-093,"2023年咸阳市测绘项目",大连天图测绘有限公司,QT-202307-00512,"","2025-07-24",Active
SO0000848,SO-202411-00365,"2025-11-07","10058",大连天图测绘有限公司,10,P0004,UAV-XF-PRO-B,UAV-XF-PRO-B,24,台,4199,"5.5%",3968,95233,已发货,已确认,项目销售,销售一部,韩雪,"2025-11-29",否,HT-2024-465,大连天图测绘有限公司设备采购项目,大连天图测绘有限公司,QT-202411-00365,"","2025-11-07",Active
SO0000849,SO-202411-00365,"2025-11-07","10058",大连天图测绘有限公司,20,P0007,UAV-JF-ENT-SV,UAV-JF-ENT-SV,4,台,28999,"11.0%",25809,103236,已发货,已确认,项目销售,销售一部,韩雪,"2025-12-05",否,HT-2024-465,大连天图测绘有限公司设备采购项目,大连天图测绘有限公司,QT-202411-00365,"","2025-11-07",Active
SO0000850,SO-202411-00365,"2025-11-07","10058",大连天图测绘有限公司,30,P0003,UAV-XF-PRO-A,UAV-XF-PRO-A,8,台,3799,"9.3%",3446,27566,已发货,已确认,项目销售,销售一部,韩雪,"2025-12-03",否,HT-2024-465,大连天图测绘有限公司设备采购项目,大连天图测绘有限公司,QT-202411-00365,"","2025-11-07",Active
SO0000851,SO-202404-00366,"2025-04-18","10058",大连天图测绘有限公司,10,P0004,UAV-XF-PRO-B,UAV-XF-PRO-B,16,台,4199,"7.5%",3884,62145,已发货,已确认,项目销售,销售一部,刘洋,"2025-05-29",否,HT-2024-211,大连天图测绘有限公司设备采购项目,大连天图测绘有限公司,QT-202404-00366,"","2025-04-18",Active
SO0000852,SO-202404-00366,"2025-04-18","10058",大连天图测绘有限公司,20,P0003,UAV-XF-PRO-A,UAV-XF-PRO-A,24,台,3799,"12.2%",3336,80052,已发货,已确认,项目销售,销售一部,刘洋,"2025-05-26",否,HT-2024-211,大连天图测绘有限公司设备采购项目,大连天图测绘有限公司,QT-202404-00366,"","2025-04-18",Active
SO0000853,SO-202404-00366,"2025-04-18","10058",大连天图测绘有限公司,30,P0007,UAV-JF-ENT-SV,UAV-JF-ENT-SV,13,台,28999,"13.9%",24968,324586,已发货,已确认,项目销售,销售一部,刘洋,"2025-06-15",否,HT-2024-211,大连天图测绘有限公司设备采购项目,大连天图测绘有限公司,QT-202404-00366,"","2025-04-18",Active
SO0000854,SO-202402-00367,"2025-02-27","10058",大连天图测绘有限公司,10,P0004,UAV-XF-PRO-B,UAV-XF-PRO-B,17,台,4199,"10.1%",3775,64173,已发货,已确认,项目销售,销售一部,吴磊,"2025-04-11",否,HT-2024-123,"2024年咸阳市测绘项目",大连天图测绘有限公司,QT-202402-00367,"","2025-02-27",Active
SO0000855,SO-202402-00367,"2025-02-27","10058",大连天图测绘有限公司,20,P0003,UAV-XF-PRO-A,UAV-XF-PRO-A,14,台,3799,"6.7%",3544,49623,已发货,已确认,项目销售,销售一部,吴磊,"2025-04-10",否,HT-2024-123,"2024年咸阳市测绘项目",大连天图测绘有限公司,QT-202402-00367,"","2025-02-27",Active
SO0000856,SO-202402-00367,"2025-02-27","10058",大连天图测绘有限公司,30,P0007,UAV-JF-ENT-SV,UAV-JF-ENT-SV,5,台,28999,"5.8%",27317,136585,已发货,已确认,项目销售,销售一部,吴磊,"2025-03-24",否,HT-2024-123,"2024年咸阳市测绘项目",大连天图测绘有限公司,QT-202402-00367,"","2025-02-27",Active
SO0000857,SO-202311-00368,"2025-11-14","10058",大连天图测绘有限公司,10,P0003,UAV-XF-PRO-A,UAV-XF-PRO-A,29,台,3799,"10.4%",3404,98713,已取消,已取消,项目销售,销售一部,韩雪,"2025-12-10",否,HT-2023-104,"2023年咸阳市测绘项目",大连天图测绘有限公司,QT-202311-00368,"","2025-11-14",Active
SO0000858,SO-202311-00368,"2025-11-14","10058",大连天图测绘有限公司,20,P0007,UAV-JF-ENT-SV,UAV-JF-ENT-SV,13,台,28999,"5.9%",27288,354745,已取消,已取消,项目销售,销售一部,韩雪,"2025-12-23",否,HT-2023-104,"2023年咸阳市测绘项目",大连天图测绘有限公司,QT-202311-00368,"","2025-11-14",Active
SO0000859,SO-202311-00368,"2025-11-14","10058",大连天图测绘有限公司,30,P0004,UAV-XF-PRO-B,UAV-XF-PRO-B,23,台,4199,"8.5%",3842,88368,已取消,已取消,项目销售,销售一部,韩雪,"2025-12-25",否,HT-2023-104,"2023年咸阳市测绘项目",大连天图测绘有限公司,QT-202311-00368,"","2025-11-14",Active
SO0000860,SO-202411-00369,"2025-11-05","10059",杭州测控地理信息技术有限公司,10,P0007,UAV-JF-ENT-SV,UAV-JF-ENT-SV,5,台,28999,"0.0%",28999,144995,已发货,已确认,直销,销售一部,谢文,"2025-12-04",是,"","",杭州测控地理信息技术有限公司,QT-202411-00369,"","2025-11-05",Active
SO0000861,SO-202411-00369,"2025-11-05","10059",杭州测控地理信息技术有限公司,20,P0004,UAV-XF-PRO-B,UAV-XF-PRO-B,2,台,4199,"0.0%",4199,8398,已发货,已确认,直销,销售一部,谢文,"2025-12-29",是,"","",杭州测控地理信息技术有限公司,QT-202411-00369,"","2025-11-05",Active
SO0000862,SO-202303-00370,"2025-03-27","10059",杭州测控地理信息技术有限公司,10,P0004,UAV-XF-PRO-B,UAV-XF-PRO-B,5,台,4199,"0.0%",4199,20995,已发货,已确认,项目销售,销售一部,孙丽,"2025-05-01",否,HT-2023-490,杭州测控地理信息技术有限公司设备采购项目,杭州测控地理信息技术有限公司,QT-202303-00611,"","2025-03-27",Active
SO0000863,SO-202303-00370,"2025-03-27","10059",杭州测控地理信息技术有限公司,20,P0003,UAV-XF-PRO-A,UAV-XF-PRO-A,24,台,3799,"8.0%",3495,83882,已发货,已确认,项目销售,销售一部,孙丽,"2025-05-17",否,HT-2023-490,杭州测控地理信息技术有限公司设备采购项目,杭州测控地理信息技术有限公司,QT-202303-00611,"","2025-03-27",Active
SO0000864,SO-202304-00371,"2025-04-03","10059",杭州测控地理信息技术有限公司,10,P0004,UAV-XF-PRO-B,UAV-XF-PRO-B,5,台,4199,"0.0%",4199,20995,已发货,已确认,项目销售,销售一部,冯涛,"2025-05-26",否,HT-2023-293,常州市地质勘探应用项目,杭州测控地理信息技术有限公司,QT-202303-00624,"","2025-04-03",Active
SO0000865,SO-202304-00371,"2025-04-03","10059",杭州测控地理信息技术有限公司,20,P0007,UAV-JF-ENT-SV,UAV-JF-ENT-SV,15,台,28999,"4.8%",27607,414106,已发货,已确认,项目销售,销售一部,冯涛,"2025-05-23",否,HT-2023-293,常州市地质勘探应用项目,杭州测控地理信息技术有限公司,QT-202303-00624,"","2025-04-03",Active
SO0000866,SO-202304-00371,"2025-04-03","10059",杭州测控地理信息技术有限公司,30,P0003,UAV-XF-PRO-A,UAV-XF-PRO-A,21,台,3799,"3.1%",3681,77306,已发货,已确认,项目销售,销售一部,冯涛,"2025-04-28",否,HT-2023-293,常州市地质勘探应用项目,杭州测控地理信息技术有限公司,QT-202303-00624,"","2025-04-03",Active
SO0000867,SO-202408-00372,"2025-08-17","10059",杭州测控地理信息技术有限公司,10,P0003,UAV-XF-PRO-A,UAV-XF-PRO-A,2,台,3799,"0.0%",3799,7598,已发货,已确认,直销,销售一部,曹磊,"2025-10-01",否,"","",杭州测控地理信息技术有限公司,QT-202408-00523,"","2025-08-17",Active
SO0000868,SO-202408-00372,"2025-08-17","10059",杭州测控地理信息技术有限公司,20,P0007,UAV-JF-ENT-SV,UAV-JF-ENT-SV,2,台,28999,"0.0%",28999,57998,已发货,已确认,直销,销售一部,曹磊,"2025-09-21",否,"","",杭州测控地理信息技术有限公司,QT-202408-00523,"","2025-08-17",Active
SO0000869,SO-202312-00373,"2025-12-04","10059",杭州测控地理信息技术有限公司,10,P0003,UAV-XF-PRO-A,UAV-XF-PRO-A,11,台,3799,"5.4%",3594,39532,已发货,已确认,项目销售,销售一部,袁琳,"2025-12-07",否,HT-2023-121,杭州测控地理信息技术有限公司设备采购项目,杭州测控地理信息技术有限公司,QT-202312-00373,"","2025-12-04",Active
SO0000870,SO-202312-00373,"2025-12-04","10059",杭州测控地理信息技术有限公司,20,P0007,UAV-JF-ENT-SV,UAV-JF-ENT-SV,6,台,28999,"0.0%",28999,173994,已发货,已确认,项目销售,销售一部,袁琳,"2025-12-07",否,HT-2023-121,杭州测控地理信息技术有限公司设备采购项目,杭州测控地理信息技术有限公司,QT-202312-00373,"","2025-12-04",Active
SO0000871,SO-202312-00373,"2025-12-04","10059",杭州测控地理信息技术有限公司,30,P0004,UAV-XF-PRO-B,UAV-XF-PRO-B,24,台,4199,"6.5%",3926,94226,已发货,已确认,项目销售,销售一部,袁琳,"2025-12-07",否,HT-2023-121,杭州测控地理信息技术有限公司设备采购项目,杭州测控地理信息技术有限公司,QT-202312-00373,"","2025-12-04",Active
SO0000872,SO-202310-00374,"2025-10-09","10060",南京星图测量服务有限公司,10,P0003,UAV-XF-PRO-A,UAV-XF-PRO-A,5,台,3799,"0.0%",3799,18995,已发货,已确认,直销,销售一部,韩雪,"2025-12-04",否,"","",南京星图测量服务有限公司,"","","2025-10-09",Active
SO0000873,SO-202304-00375,"2025-04-26","10060",南京星图测量服务有限公司,10,P0004,UAV-XF-PRO-B,UAV-XF-PRO-B,10,台,4199,"8.0%",3863,38631,已发货,已确认,项目销售,销售一部,孙丽,"2025-05-15",否,HT-2023-494,南京星图测量服务有限公司设备采购项目,南京星图测量服务有限公司,QT-202304-00588,"","2025-04-26",Active
SO0000874,SO-202304-00375,"2025-04-26","10060",南京星图测量服务有限公司,20,P0003,UAV-XF-PRO-A,UAV-XF-PRO-A,5,台,3799,"0.0%",3799,18995,已发货,已确认,项目销售,销售一部,孙丽,"2025-05-13",否,HT-2023-494,南京星图测量服务有限公司设备采购项目,南京星图测量服务有限公司,QT-202304-00588,"","2025-04-26",Active
SO0000875,SO-202401-00376,"2025-01-12","10060",南京星图测量服务有限公司,10,P0004,UAV-XF-PRO-B,UAV-XF-PRO-B,4,台,4199,"0.0%",4199,16796,已发货,已确认,直销,销售一部,郑海,"2025-01-31",否,"","",南京星图测量服务有限公司,"","","2025-01-12",Active
SO0000876,SO-202401-00376,"2025-01-12","10060",南京星图测量服务有限公司,20,P0003,UAV-XF-PRO-A,UAV-XF-PRO-A,4,台,3799,"0.0%",3799,15196,已发货,已确认,直销,销售一部,郑海,"2025-02-12",否,"","",南京星图测量服务有限公司,"","","2025-01-12",Active
SO0000877,SO-202302-00377,"2025-02-25","10060",南京星图测量服务有限公司,10,P0004,UAV-XF-PRO-B,UAV-XF-PRO-B,5,台,4199,"0.0%",4199,20995,已发货,已确认,直销,销售一部,周杰,"2025-04-22",否,"","",南京星图测量服务有限公司,QT-202302-00377,"","2025-02-25",Active
SO0000878,SO-202403-00378,"2025-03-29","10061",沈阳经纬测量有限公司,10,P0003,UAV-XF-PRO-A,UAV-XF-PRO-A,4,台,3799,"0.0%",3799,15196,已发货,已确认,直销,销售一部,冯涛,"2025-04-16",否,"","",沈阳经纬测量有限公司,QT-202403-00378,"","2025-03-29",Active
SO0000879,SO-202308-00379,"2025-08-30","10061",沈阳经纬测量有限公司,10,P0003,UAV-XF-PRO-A,UAV-XF-PRO-A,3,台,3799,"0.0%",3799,11397,已发货,已确认,直销,销售一部,郑海,"2025-10-09",否,"","",沈阳经纬测量有限公司,QT-202308-00341,"","2025-08-30",Active
SO0000880,SO-202308-00379,"2025-08-30","10061",沈阳经纬测量有限公司,20,P0007,UAV-JF-ENT-SV,UAV-JF-ENT-SV,5,台,28999,"0.0%",28999,144995,已发货,已确认,直销,销售一部,郑海,"2025-10-24",否,"","",沈阳经纬测量有限公司,QT-202308-00341,"","2025-08-30",Active
SO0000881,SO-202410-00380,"2025-10-21","10061",沈阳经纬测量有限公司,10,P0003,UAV-XF-PRO-A,UAV-XF-PRO-A,1,台,3799,"0.0%",3799,3799,已发货,已确认,直销,销售一部,蒋敏,"2025-11-14",否,"","",沈阳经纬测量有限公司,QT-202410-00536,"","2025-10-21",Active
SO0000882,SO-202410-00380,"2025-10-21","10061",沈阳经纬测量有限公司,20,P0007,UAV-JF-ENT-SV,UAV-JF-ENT-SV,3,台,28999,"0.0%",28999,86997,已发货,已确认,直销,销售一部,蒋敏,"2025-12-12",否,"","",沈阳经纬测量有限公司,QT-202410-00536,"","2025-10-21",Active
SO0000883,SO-202312-00381,"2025-12-07","10061",沈阳经纬测量有限公司,10,P0004,UAV-XF-PRO-B,UAV-XF-PRO-B,2,台,4199,"0.0%",4199,8398,已发货,已确认,直销,销售一部,蒋敏,"2025-12-10",否,"","",沈阳经纬测量有限公司,"","","2025-12-07",Active
SO0000884,SO-202407-00382,"2025-07-14","10062",南京地景测量技术有限公司,10,P0004,UAV-XF-PRO-B,UAV-XF-PRO-B,2,台,4199,"0.0%",4199,8398,已发货,已确认,直销,销售一部,孙丽,"2025-08-13",否,"","",南京地景测量技术有限公司,"","","2025-07-14",Active
SO0000885,SO-202407-00382,"2025-07-14","10062",南京地景测量技术有限公司,20,P0003,UAV-XF-PRO-A,UAV-XF-PRO-A,4,台,3799,"0.0%",3799,15196,已发货,已确认,直销,销售一部,孙丽,"2025-08-11",否,"","",南京地景测量技术有限公司,"","","2025-07-14",Active
SO0000886,SO-202410-00383,"2025-10-18","10062",南京地景测量技术有限公司,10,P0007,UAV-JF-ENT-SV,UAV-JF-ENT-SV,1,台,28999,"0.0%",28999,28999,已发货,已确认,直销,销售一部,刘洋,"2025-12-01",否,"","",南京地景测量技术有限公司,QT-202410-00383,"","2025-10-18",Active
SO0000887,SO-202410-00383,"2025-10-18","10062",南京地景测量技术有限公司,20,P0003,UAV-XF-PRO-A,UAV-XF-PRO-A,4,台,3799,"0.0%",3799,15196,已发货,已确认,直销,销售一部,刘洋,"2025-11-17",否,"","",南京地景测量技术有限公司,QT-202410-00383,"","2025-10-18",Active
SO0000888,SO-202306-00384,"2025-06-11","10062",南京地景测量技术有限公司,10,P0003,UAV-XF-PRO-A,UAV-XF-PRO-A,15,台,3799,"3.7%",3658,54877,已发货,已确认,项目销售,销售一部,周杰,"2025-08-09",否,HT-2023-333,"2023年上海市测绘项目",南京地景测量技术有限公司,QT-202306-00412,"","2025-06-11",Active
SO0000889,SO-202306-00384,"2025-06-11","10062",南京地景测量技术有限公司,20,P0004,UAV-XF-PRO-B,UAV-XF-PRO-B,13,台,4199,"5.5%",3968,51585,已发货,已确认,项目销售,销售一部,周杰,"2025-08-03",否,HT-2023-333,"2023年上海市测绘项目",南京地景测量技术有限公司,QT-202306-00412,"","2025-06-11",Active
SO0000890,SO-202306-00384,"2025-06-11","10062",南京地景测量技术有限公司,30,P0007,UAV-JF-ENT-SV,UAV-JF-ENT-SV,3,台,28999,"0.0%",28999,86997,已发货,已确认,项目销售,销售一部,周杰,"2025-07-04",否,HT-2023-333,"2023年上海市测绘项目",南京地景测量技术有限公司,QT-202306-00412,"","2025-06-11",Active
SO0000891,SO-202305-00385,"2025-05-17","10062",南京地景测量技术有限公司,10,P0004,UAV-XF-PRO-B,UAV-XF-PRO-B,3,台,4199,"0.0%",4199,12597,已发货,已确认,直销,销售一部,吴磊,"2025-06-02",否,"","",南京地景测量技术有限公司,QT-202305-00385,"","2025-05-17",Active
SO0000892,SO-202401-00386,"2025-01-12","10062",南京地景测量技术有限公司,10,P0003,UAV-XF-PRO-A,UAV-XF-PRO-A,5,台,3799,"0.0%",3799,18995,已发货,已确认,直销,销售一部,陈静,"2025-02-19",否,"","",南京地景测量技术有限公司,"","","2025-01-12",Active
SO0000893,SO-202407-00387,"2025-07-25","10062",南京地景测量技术有限公司,10,P0003,UAV-XF-PRO-A,UAV-XF-PRO-A,20,台,3799,"4.3%",3636,72713,已发货,已确认,项目销售,销售一部,贾斌,"2025-09-21",否,HT-2024-237,"2024年上海市测绘项目",南京地景测量技术有限公司,QT-202407-00547,"","2025-07-25",Active
SO0000894,SO-202407-00387,"2025-07-25","10062",南京地景测量技术有限公司,20,P0007,UAV-JF-ENT-SV,UAV-JF-ENT-SV,7,台,28999,"0.0%",28999,202993,已发货,已确认,项目销售,销售一部,贾斌,"2025-08-18",否,HT-2024-237,"2024年上海市测绘项目",南京地景测量技术有限公司,QT-202407-00547,"","2025-07-25",Active
SO0000895,SO-202407-00387,"2025-07-25","10062",南京地景测量技术有限公司,30,P0004,UAV-XF-PRO-B,UAV-XF-PRO-B,28,台,4199,"3.6%",4048,113340,已发货,已确认,项目销售,销售一部,贾斌,"2025-08-17",否,HT-2024-237,"2024年上海市测绘项目",南京地景测量技术有限公司,QT-202407-00547,"","2025-07-25",Active
SO0000896,SO-202302-00388,"2025-02-20","10062",南京地景测量技术有限公司,10,P0004,UAV-XF-PRO-B,UAV-XF-PRO-B,13,台,4199,"4.9%",3993,51912,已发货,已确认,项目销售,销售一部,冯涛,"2025-03-08",否,HT-2023-046,南京地景测量技术有限公司设备采购项目,南京地景测量技术有限公司,QT-202302-00388,"","2025-02-20",Active
SO0000897,SO-202302-00388,"2025-02-20","10062",南京地景测量技术有限公司,20,P0003,UAV-XF-PRO-A,UAV-XF-PRO-A,11,台,3799,"5.3%",3598,39574,已发货,已确认,项目销售,销售一部,冯涛,"2025-03-16",否,HT-2023-046,南京地景测量技术有限公司设备采购项目,南京地景测量技术有限公司,QT-202302-00388,"","2025-02-20",Active
SO0000898,SO-202302-00388,"2025-02-20","10062",南京地景测量技术有限公司,30,P0007,UAV-JF-ENT-SV,UAV-JF-ENT-SV,12,台,28999,"9.9%",26128,313537,已发货,已确认,项目销售,销售一部,冯涛,"2025-03-30",否,HT-2023-046,南京地景测量技术有限公司设备采购项目,南京地景测量技术有限公司,QT-202302-00388,"","2025-02-20",Active
SO0000899,SO-202406-00389,"2025-06-22","10062",南京地景测量技术有限公司,10,P0003,UAV-XF-PRO-A,UAV-XF-PRO-A,3,台,3799,"0.0%",3799,11397,已发货,已确认,直销,销售一部,蒋敏,"2025-08-17",否,"","",南京地景测量技术有限公司,QT-202406-00389,"","2025-06-22",Active
SO0000900,SO-202406-00389,"2025-06-22","10062",南京地景测量技术有限公司,20,P0007,UAV-JF-ENT-SV,UAV-JF-ENT-SV,2,台,28999,"0.0%",28999,57998,已发货,已确认,直销,销售一部,蒋敏,"2025-08-13",否,"","",南京地景测量技术有限公司,QT-202406-00389,"","2025-06-22",Active
SO0000901,SO-202310-00390,"2025-10-22","10063",哈尔滨天图空间信息工程有限公司,10,P0004,UAV-XF-PRO-B,UAV-XF-PRO-B,20,台,4199,"8.5%",3842,76842,已发货,已确认,项目销售,销售一部,姚强,"2025-12-09",否,HT-2023-422,哈尔滨天图空间信息工程有限公司设备采购项目,哈尔滨天图空间信息工程有限公司,QT-202310-00564,"","2025-10-22",Active
SO0000902,SO-202310-00390,"2025-10-22","10063",哈尔滨天图空间信息工程有限公司,20,P0003,UAV-XF-PRO-A,UAV-XF-PRO-A,20,台,3799,"13.2%",3298,65951,已发货,已确认,项目销售,销售一部,姚强,"2025-11-30",否,HT-2023-422,哈尔滨天图空间信息工程有限公司设备采购项目,哈尔滨天图空间信息工程有限公司,QT-202310-00564,"","2025-10-22",Active
SO0000903,SO-202310-00390,"2025-10-22","10063",哈尔滨天图空间信息工程有限公司,30,P0007,UAV-JF-ENT-SV,UAV-JF-ENT-SV,3,台,28999,"8.3%",26592,79776,已发货,已确认,项目销售,销售一部,姚强,"2025-11-10",否,HT-2023-422,哈尔滨天图空间信息工程有限公司设备采购项目,哈尔滨天图空间信息工程有限公司,QT-202310-00564,"","2025-10-22",Active
SO0000904,SO-202305-00391,"2025-05-30","10063",哈尔滨天图空间信息工程有限公司,10,P0007,UAV-JF-ENT-SV,UAV-JF-ENT-SV,6,台,28999,"13.5%",25084,150505,已发货,已确认,项目销售,销售一部,张伟,"2025-07-22",否,HT-2023-190,上海市勘测设计应用项目,哈尔滨天图空间信息工程有限公司,QT-202305-00391,"","2025-05-30",Active
SO0000905,SO-202305-00391,"2025-05-30","10063",哈尔滨天图空间信息工程有限公司,20,P0003,UAV-XF-PRO-A,UAV-XF-PRO-A,29,台,3799,"7.7%",3506,101688,已发货,已确认,项目销售,销售一部,张伟,"2025-06-21",否,HT-2023-190,上海市勘测设计应用项目,哈尔滨天图空间信息工程有限公司,QT-202305-00391,"","2025-05-30",Active
SO0000906,SO-202305-00391,"2025-05-30","10063",哈尔滨天图空间信息工程有限公司,30,P0004,UAV-XF-PRO-B,UAV-XF-PRO-B,25,台,4199,"13.0%",3653,91328,已发货,已确认,项目销售,销售一部,张伟,"2025-07-15",否,HT-2023-190,上海市勘测设计应用项目,哈尔滨天图空间信息工程有限公司,QT-202305-00391,"","2025-05-30",Active
SO0000907,SO-202305-00392,"2025-05-17","10063",哈尔滨天图空间信息工程有限公司,10,P0004,UAV-XF-PRO-B,UAV-XF-PRO-B,6,台,4199,"11.4%",3720,22322,已发货,已确认,直销,销售一部,孙丽,"2025-06-03",否,"","",哈尔滨天图空间信息工程有限公司,QT-202305-00392,"","2025-05-17",Active
SO0000908,SO-202305-00392,"2025-05-17","10063",哈尔滨天图空间信息工程有限公司,20,P0007,UAV-JF-ENT-SV,UAV-JF-ENT-SV,9,台,28999,"8.7%",26476,238285,已发货,已确认,直销,销售一部,孙丽,"2025-06-22",否,"","",哈尔滨天图空间信息工程有限公司,QT-202305-00392,"","2025-05-17",Active
SO0000909,SO-202305-00392,"2025-05-17","10063",哈尔滨天图空间信息工程有限公司,30,P0003,UAV-XF-PRO-A,UAV-XF-PRO-A,4,台,3799,"12.3%",3332,13327,已发货,已确认,直销,销售一部,孙丽,"2025-07-05",否,"","",哈尔滨天图空间信息工程有限公司,QT-202305-00392,"","2025-05-17",Active
SO0000910,SO-202303-00393,"2025-03-02","10063",哈尔滨天图空间信息工程有限公司,10,P0007,UAV-JF-ENT-SV,UAV-JF-ENT-SV,12,台,28999,"9.8%",26157,313885,已发货,已确认,项目销售,销售一部,李娜,"2025-04-01",否,HT-2023-481,上海市勘测设计应用项目,哈尔滨天图空间信息工程有限公司,QT-202303-00393,"","2025-03-02",Active
SO0000911,SO-202303-00393,"2025-03-02","10063",哈尔滨天图空间信息工程有限公司,20,P0003,UAV-XF-PRO-A,UAV-XF-PRO-A,13,台,3799,"7.0%",3533,45930,已发货,已确认,项目销售,销售一部,李娜,"2025-03-28",否,HT-2023-481,上海市勘测设计应用项目,哈尔滨天图空间信息工程有限公司,QT-202303-00393,"","2025-03-02",Active
SO0000912,SO-202409-00394,"2025-09-26","10063",哈尔滨天图空间信息工程有限公司,10,P0007,UAV-JF-ENT-SV,UAV-JF-ENT-SV,3,台,28999,"5.2%",27491,82473,已发货,已确认,项目销售,销售一部,冯涛,"2025-10-28",否,HT-2024-287,"2024年上海市测绘项目",哈尔滨天图空间信息工程有限公司,QT-202409-00394,"","2025-09-26",Active
SO0000913,SO-202409-00394,"2025-09-26","10063",哈尔滨天图空间信息工程有限公司,20,P0003,UAV-XF-PRO-A,UAV-XF-PRO-A,22,台,3799,"12.2%",3336,73381,已发货,已确认,项目销售,销售一部,冯涛,"2025-10-23",否,HT-2024-287,"2024年上海市测绘项目",哈尔滨天图空间信息工程有限公司,QT-202409-00394,"","2025-09-26",Active
SO0000914,SO-202409-00394,"2025-09-26","10063",哈尔滨天图空间信息工程有限公司,30,P0004,UAV-XF-PRO-B,UAV-XF-PRO-B,28,台,4199,"6.7%",3918,109695,已发货,已确认,项目销售,销售一部,冯涛,"2025-10-15",否,HT-2024-287,"2024年上海市测绘项目",哈尔滨天图空间信息工程有限公司,QT-202409-00394,"","2025-09-26",Active
SO0000915,SO-202405-00395,"2025-05-19","10063",哈尔滨天图空间信息工程有限公司,10,P0004,UAV-XF-PRO-B,UAV-XF-PRO-B,3,台,4199,"12.9%",3657,10972,已发货,已确认,直销,销售一部,孙丽,"2025-06-18",否,"","",哈尔滨天图空间信息工程有限公司,QT-202405-00545,"","2025-05-19",Active
SO0000916,SO-202405-00395,"2025-05-19","10063",哈尔滨天图空间信息工程有限公司,20,P0003,UAV-XF-PRO-A,UAV-XF-PRO-A,10,台,3799,"10.4%",3404,34039,已发货,已确认,直销,销售一部,孙丽,"2025-07-07",否,"","",哈尔滨天图空间信息工程有限公司,QT-202405-00545,"","2025-05-19",Active
SO0000917,SO-202305-00396,"2025-05-11","10063",哈尔滨天图空间信息工程有限公司,10,P0003,UAV-XF-PRO-A,UAV-XF-PRO-A,6,台,3799,"10.2%",3412,20469,已发货,已确认,直销,销售一部,姚强,"2025-06-23",否,"","",哈尔滨天图空间信息工程有限公司,QT-202305-00617,"","2025-05-11",Active
SO0000918,SO-202305-00396,"2025-05-11","10063",哈尔滨天图空间信息工程有限公司,20,P0007,UAV-JF-ENT-SV,UAV-JF-ENT-SV,4,台,28999,"10.2%",26041,104164,已发货,已确认,直销,销售一部,姚强,"2025-06-01",否,"","",哈尔滨天图空间信息工程有限公司,QT-202305-00617,"","2025-05-11",Active
SO0000919,SO-202403-00397,"2025-03-22","10063",哈尔滨天图空间信息工程有限公司,10,P0004,UAV-XF-PRO-B,UAV-XF-PRO-B,23,台,4199,"14.9%",3573,82187,已取消,已取消,项目销售,销售一部,陈静,"2025-05-03",否,HT-2024-437,上海市勘测设计应用项目,哈尔滨天图空间信息工程有限公司,QT-202403-00397,"","2025-03-22",Active
SO0000920,SO-202403-00397,"2025-03-22","10063",哈尔滨天图空间信息工程有限公司,20,P0003,UAV-XF-PRO-A,UAV-XF-PRO-A,8,台,3799,"7.8%",3503,28021,已取消,已取消,项目销售,销售一部,陈静,"2025-05-04",否,HT-2024-437,上海市勘测设计应用项目,哈尔滨天图空间信息工程有限公司,QT-202403-00397,"","2025-03-22",Active
SO0000921,SO-202403-00397,"2025-03-22","10063",哈尔滨天图空间信息工程有限公司,30,P0007,UAV-JF-ENT-SV,UAV-JF-ENT-SV,15,台,28999,"8.6%",26505,397576,已取消,已取消,项目销售,销售一部,陈静,"2025-05-13",否,HT-2024-437,上海市勘测设计应用项目,哈尔滨天图空间信息工程有限公司,QT-202403-00397,"","2025-03-22",Active
SO0000922,SO-202308-00398,"2025-08-24","10063",哈尔滨天图空间信息工程有限公司,10,P0007,UAV-JF-ENT-SV,UAV-JF-ENT-SV,12,台,28999,"12.3%",25432,305185,已发货,已确认,项目销售,销售一部,陈静,"2025-10-18",否,HT-2023-459,哈尔滨天图空间信息工程有限公司设备采购项目,哈尔滨天图空间信息工程有限公司,QT-202308-00342,"","2025-08-24",Active
SO0000923,SO-202308-00398,"2025-08-24","10063",哈尔滨天图空间信息工程有限公司,20,P0003,UAV-XF-PRO-A,UAV-XF-PRO-A,10,台,3799,"11.7%",3355,33545,已发货,已确认,项目销售,销售一部,陈静,"2025-10-08",否,HT-2023-459,哈尔滨天图空间信息工程有限公司设备采购项目,哈尔滨天图空间信息工程有限公司,QT-202308-00342,"","2025-08-24",Active
SO0000924,SO-202308-00398,"2025-08-24","10063",哈尔滨天图空间信息工程有限公司,30,P0004,UAV-XF-PRO-B,UAV-XF-PRO-B,21,台,4199,"12.2%",3687,77421,已发货,已确认,项目销售,销售一部,陈静,"2025-10-19",否,HT-2023-459,哈尔滨天图空间信息工程有限公司设备采购项目,哈尔滨天图空间信息工程有限公司,QT-202308-00342,"","2025-08-24",Active
SO0000925,SO-202412-00399,"2025-12-27","10063",哈尔滨天图空间信息工程有限公司,10,P0003,UAV-XF-PRO-A,UAV-XF-PRO-A,13,台,3799,"8.2%",3487,45337,已发货,已确认,项目销售,销售一部,谢文,"2025-12-30",否,HT-2024-064,哈尔滨天图空间信息工程有限公司设备采购项目,哈尔滨天图空间信息工程有限公司,QT-202412-00521,"","2025-12-27",Active
SO0000926,SO-202412-00399,"2025-12-27","10063",哈尔滨天图空间信息工程有限公司,20,P0007,UAV-JF-ENT-SV,UAV-JF-ENT-SV,7,台,28999,"8.7%",26476,185333,已发货,已确认,项目销售,销售一部,谢文,"2025-12-30",否,HT-2024-064,哈尔滨天图空间信息工程有限公司设备采购项目,哈尔滨天图空间信息工程有限公司,QT-202412-00521,"","2025-12-27",Active
SO0000927,SO-202412-00399,"2025-12-27","10063",哈尔滨天图空间信息工程有限公司,30,P0004,UAV-XF-PRO-B,UAV-XF-PRO-B,29,台,4199,"5.5%",3968,115073,已发货,已确认,项目销售,销售一部,谢文,"2025-12-30",否,HT-2024-064,哈尔滨天图空间信息工程有限公司设备采购项目,哈尔滨天图空间信息工程有限公司,QT-202412-00521,"","2025-12-27",Active
SO0000928,SO-202307-00400,"2025-07-04","10063",哈尔滨天图空间信息工程有限公司,10,P0003,UAV-XF-PRO-A,UAV-XF-PRO-A,10,台,3799,"13.4%",3290,32899,已发货,已确认,直销,销售一部,陈静,"2025-07-23",否,"","",哈尔滨天图空间信息工程有限公司,QT-202307-00400,"","2025-07-04",Active
SO0000929,SO-202307-00400,"2025-07-04","10063",哈尔滨天图空间信息工程有限公司,20,P0004,UAV-XF-PRO-B,UAV-XF-PRO-B,9,台,4199,"8.3%",3850,34654,已发货,已确认,直销,销售一部,陈静,"2025-07-25",否,"","",哈尔滨天图空间信息工程有限公司,QT-202307-00400,"","2025-07-04",Active
SO0000930,SO-202303-00401,"2025-03-20","10063",哈尔滨天图空间信息工程有限公司,10,P0003,UAV-XF-PRO-A,UAV-XF-PRO-A,29,台,3799,"13.9%",3271,94857,已发货,已确认,项目销售,销售一部,周杰,"2025-04-18",否,HT-2023-349,"2023年上海市测绘项目",哈尔滨天图空间信息工程有限公司,QT-202303-00612,"","2025-03-20",Active
SO0000931,SO-202303-00401,"2025-03-20","10063",哈尔滨天图空间信息工程有限公司,20,P0007,UAV-JF-ENT-SV,UAV-JF-ENT-SV,6,台,28999,"11.9%",25548,153289,已发货,已确认,项目销售,销售一部,周杰,"2025-04-23",否,HT-2023-349,"2023年上海市测绘项目",哈尔滨天图空间信息工程有限公司,QT-202303-00612,"","2025-03-20",Active
SO0000932,SO-202303-00401,"2025-03-20","10063",哈尔滨天图空间信息工程有限公司,30,P0004,UAV-XF-PRO-B,UAV-XF-PRO-B,15,台,4199,"7.3%",3892,58387,已发货,已确认,项目销售,销售一部,周杰,"2025-05-04",否,HT-2023-349,"2023年上海市测绘项目",哈尔滨天图空间信息工程有限公司,QT-202303-00612,"","2025-03-20",Active
SO0000933,SO-202311-00402,"2025-11-28","10064",上海天地地理信息技术有限公司,10,P0004,UAV-XF-PRO-B,UAV-XF-PRO-B,3,台,4199,"0.0%",4199,12597,已发货,已确认,直销,销售一部,刘洋,"2025-12-01",否,"","",上海天地地理信息技术有限公司,"","","2025-11-28",Active
SO0000934,SO-202408-00403,"2025-08-31","10065",上海天图地理信息服务有限公司,10,P0004,UAV-XF-PRO-B,UAV-XF-PRO-B,2,台,4199,"0.0%",4199,8398,已取消,已取消,直销,销售一部,张伟,"2025-10-05",否,"","",上海天图地理信息服务有限公司,"","","2025-08-31",Active
SO0000935,SO-202408-00404,"2025-08-05","10065",上海天图地理信息服务有限公司,10,P0007,UAV-JF-ENT-SV,UAV-JF-ENT-SV,4,台,28999,"0.0%",28999,115996,已发货,已确认,直销,销售一部,刘洋,"2025-08-30",否,"","",上海天图地理信息服务有限公司,QT-202407-00550,"","2025-08-05",Active
SO0000936,SO-202303-00405,"2025-03-14","10065",上海天图地理信息服务有限公司,10,P0004,UAV-XF-PRO-B,UAV-XF-PRO-B,21,台,4199,"2.2%",4107,86239,已发货,已确认,项目销售,销售一部,谢文,"2025-05-09",否,HT-2023-092,"2023年常州市测绘项目",上海天图地理信息服务有限公司,QT-202303-00405,"","2025-03-14",Active
SO0000937,SO-202303-00405,"2025-03-14","10065",上海天图地理信息服务有限公司,20,P0007,UAV-JF-ENT-SV,UAV-JF-ENT-SV,12,台,28999,"3.7%",27926,335112,已发货,已确认,项目销售,销售一部,谢文,"2025-04-15",否,HT-2023-092,"2023年常州市测绘项目",上海天图地理信息服务有限公司,QT-202303-00405,"","2025-03-14",Active
SO0000938,SO-202303-00405,"2025-03-14","10065",上海天图地理信息服务有限公司,30,P0003,UAV-XF-PRO-A,UAV-XF-PRO-A,12,台,3799,"2.5%",3704,44448,已发货,已确认,项目销售,销售一部,谢文,"2025-04-28",否,HT-2023-092,"2023年常州市测绘项目",上海天图地理信息服务有限公司,QT-202303-00405,"","2025-03-14",Active
SO0000939,SO-202306-00406,"2025-06-16","10066",大连视界传媒制作工作室,10,P0005,UAV-XF-PRO-C,UAV-XF-PRO-C,3,台,4599,"0.0%",4599,13797,已发货,已确认,直销,销售一部,冯涛,"2025-07-22",否,"","",大连视界传媒制作工作室,QT-202306-00406,"","2025-06-16",Active
SO0000940,SO-202306-00406,"2025-06-16","10066",大连视界传媒制作工作室,20,P0003,UAV-XF-PRO-A,UAV-XF-PRO-A,3,台,3799,"0.0%",3799,11397,已发货,已确认,直销,销售一部,冯涛,"2025-07-21",否,"","",大连视界传媒制作工作室,QT-202306-00406,"","2025-06-16",Active
SO0000941,SO-202403-00407,"2025-03-18","10066",大连视界传媒制作工作室,10,P0005,UAV-XF-PRO-C,UAV-XF-PRO-C,5,台,4599,"0.0%",4599,22995,已发货,已确认,项目销售,销售一部,郑海,"2025-04-27",否,HT-2024-050,大连视界传媒制作工作室设备采购项目,大连视界传媒制作工作室,QT-202403-00557,"","2025-03-18",Active
SO0000942,SO-202403-00407,"2025-03-18","10066",大连视界传媒制作工作室,20,P0004,UAV-XF-PRO-B,UAV-XF-PRO-B,6,台,4199,"0.0%",4199,25194,已发货,已确认,项目销售,销售一部,郑海,"2025-04-28",否,HT-2024-050,大连视界传媒制作工作室设备采购项目,大连视界传媒制作工作室,QT-202403-00557,"","2025-03-18",Active
SO0000943,SO-202403-00407,"2025-03-18","10066",大连视界传媒制作工作室,30,P0002,UAV-XF-BASIC-PLUS,UAV-XF-BASIC-PLUS,16,台,2299,"4.8%",2189,35018,已发货,已确认,项目销售,销售一部,郑海,"2025-04-10",否,HT-2024-050,大连视界传媒制作工作室设备采购项目,大连视界传媒制作工作室,QT-202403-00557,"","2025-03-18",Active
SO0000944,SO-202403-00407,"2025-03-18","10066",大连视界传媒制作工作室,40,P0003,UAV-XF-PRO-A,UAV-XF-PRO-A,19,台,3799,"3.9%",3651,69366,已发货,已确认,项目销售,销售一部,郑海,"2025-04-03",否,HT-2024-050,大连视界传媒制作工作室设备采购项目,大连视界传媒制作工作室,QT-202403-00557,"","2025-03-18",Active
SO0000945,SO-202402-00408,"2025-02-02","10066",大连视界传媒制作工作室,10,P0004,UAV-XF-PRO-B,UAV-XF-PRO-B,3,台,4199,"0.0%",4199,12597,已发货,已确认,直销,销售一部,姚强,"2025-03-06",否,"","",大连视界传媒制作工作室,"","","2025-02-02",Active
SO0000946,SO-202403-00409,"2025-03-20","10066",大连视界传媒制作工作室,10,P0003,UAV-XF-PRO-A,UAV-XF-PRO-A,4,台,3799,"0.0%",3799,15196,已发货,已确认,直销,销售一部,蒋敏,"2025-04-28",否,"","",大连视界传媒制作工作室,QT-202403-00409,"","2025-03-20",Active
SO0000947,SO-202403-00409,"2025-03-20","10066",大连视界传媒制作工作室,20,P0004,UAV-XF-PRO-B,UAV-XF-PRO-B,3,台,4199,"0.0%",4199,12597,已发货,已确认,直销,销售一部,蒋敏,"2025-05-09",否,"","",大连视界传媒制作工作室,QT-202403-00409,"","2025-03-20",Active
SO0000948,SO-202412-00410,"2025-12-31","10067",杭州光影时代影像工作室,10,P0004,UAV-XF-PRO-B,UAV-XF-PRO-B,5,台,4199,"0.0%",4199,20995,已发货,已确认,直销,销售一部,刘洋,"2026-01-03",否,"","",杭州光影时代影像工作室,"","","2025-12-31",Active
SO0000949,SO-202303-00411,"2025-03-23","10067",杭州光影时代影像工作室,10,P0005,UAV-XF-PRO-C,UAV-XF-PRO-C,1,台,4599,"0.0%",4599,4599,已发货,已确认,直销,销售一部,姚强,"2025-04-22",否,"","",杭州光影时代影像工作室,"","","2025-03-23",Active
SO0000950,SO-202303-00411,"2025-03-23","10067",杭州光影时代影像工作室,20,P0003,UAV-XF-PRO-A,UAV-XF-PRO-A,2,台,3799,"0.0%",3799,7598,已发货,已确认,直销,销售一部,姚强,"2025-04-27",否,"","",杭州光影时代影像工作室,"","","2025-03-23",Active
SO0000951,SO-202310-00412,"2025-10-30","10067",杭州光影时代影像工作室,10,P0002,UAV-XF-BASIC-PLUS,UAV-XF-BASIC-PLUS,4,台,2299,"0.0%",2299,9196,已发货,已确认,直销,销售一部,袁琳,"2025-12-28",否,"","",杭州光影时代影像工作室,"","","2025-10-30",Active
SO0000952,SO-202310-00412,"2025-10-30","10067",杭州光影时代影像工作室,20,P0003,UAV-XF-PRO-A,UAV-XF-PRO-A,4,台,3799,"0.0%",3799,15196,已发货,已确认,直销,销售一部,袁琳,"2025-11-29",否,"","",杭州光影时代影像工作室,"","","2025-10-30",Active
SO0000953,SO-202304-00413,"2025-04-07","10067",杭州光影时代影像工作室,10,P0002,UAV-XF-BASIC-PLUS,UAV-XF-BASIC-PLUS,25,台,2299,"7.3%",2131,53279,已发货,已确认,项目销售,销售一部,韩雪,"2025-05-26",否,HT-2023-182,杭州光影时代影像工作室设备采购项目,杭州光影时代影像工作室,QT-202303-00625,"","2025-04-07",Active
SO0000954,SO-202304-00413,"2025-04-07","10067",杭州光影时代影像工作室,20,P0003,UAV-XF-PRO-A,UAV-XF-PRO-A,16,台,3799,"6.5%",3552,56833,已发货,已确认,项目销售,销售一部,韩雪,"2025-05-10",否,HT-2023-182,杭州光影时代影像工作室设备采购项目,杭州光影时代影像工作室,QT-202303-00625,"","2025-04-07",Active
SO0000955,SO-202304-00413,"2025-04-07","10067",杭州光影时代影像工作室,30,P0005,UAV-XF-PRO-C,UAV-XF-PRO-C,8,台,4599,"0.0%",4599,36792,已发货,已确认,项目销售,销售一部,韩雪,"2025-05-22",否,HT-2023-182,杭州光影时代影像工作室设备采购项目,杭州光影时代影像工作室,QT-202303-00625,"","2025-04-07",Active
SO0000956,SO-202304-00413,"2025-04-07","10067",杭州光影时代影像工作室,40,P0004,UAV-XF-PRO-B,UAV-XF-PRO-B,9,台,4199,"0.0%",4199,37791,已发货,已确认,项目销售,销售一部,韩雪,"2025-04-26",否,HT-2023-182,杭州光影时代影像工作室设备采购项目,杭州光影时代影像工作室,QT-202303-00625,"","2025-04-07",Active
SO0000957,SO-202304-00414,"2025-04-27","10067",杭州光影时代影像工作室,10,P0002,UAV-XF-BASIC-PLUS,UAV-XF-BASIC-PLUS,2,台,2299,"0.0%",2299,4598,已发货,已确认,直销,销售一部,韩雪,"2025-06-18",否,"","",杭州光影时代影像工作室,"","","2025-04-27",Active
SO0000958,SO-202304-00414,"2025-04-27","10067",杭州光影时代影像工作室,20,P0003,UAV-XF-PRO-A,UAV-XF-PRO-A,3,台,3799,"0.0%",3799,11397,已发货,已确认,直销,销售一部,韩雪,"2025-06-17",否,"","",杭州光影时代影像工作室,"","","2025-04-27",Active
SO0000959,SO-202412-00415,"2025-12-22","10067",杭州光影时代影像工作室,10,P0003,UAV-XF-PRO-A,UAV-XF-PRO-A,4,台,3799,"0.0%",3799,15196,已发货,已确认,直销,销售一部,郑海,"2025-12-25",否,"","",杭州光影时代影像工作室,"","","2025-12-22",Active
SO0000960,SO-202312-00416,"2025-12-16","10067",杭州光影时代影像工作室,10,P0005,UAV-XF-PRO-C,UAV-XF-PRO-C,5,台,4599,"0.0%",4599,22995,已发货,已确认,直销,销售一部,陈静,"2025-12-19",否,"","",杭州光影时代影像工作室,QT-202312-00416,"","2025-12-16",Active
SO0000961,SO-202312-00416,"2025-12-16","10067",杭州光影时代影像工作室,20,P0002,UAV-XF-BASIC-PLUS,UAV-XF-BASIC-PLUS,1,台,2299,"0.0%",2299,2299,已发货,已确认,直销,销售一部,陈静,"2025-12-19",否,"","",杭州光影时代影像工作室,QT-202312-00416,"","2025-12-16",Active
SO0000962,SO-202407-00417,"2025-07-01","10067",杭州光影时代影像工作室,10,P0005,UAV-XF-PRO-C,UAV-XF-PRO-C,3,台,4599,"0.0%",4599,13797,已发货,已确认,直销,销售一部,张伟,"2025-08-13",是,"","",杭州光影时代影像工作室,"","","2025-07-01",Active
SO0000963,SO-202311-00418,"2025-11-07","10068",重庆镜头影像文化有限公司,10,P0004,UAV-XF-PRO-B,UAV-XF-PRO-B,12,台,4199,"10.4%",3762,45148,已发货,已确认,项目销售,销售一部,贾斌,"2025-12-13",否,HT-2023-203,重庆镜头影像文化有限公司设备采购项目,重庆镜头影像文化有限公司,QT-202311-00418,"","2025-11-07",Active
SO0000964,SO-202311-00418,"2025-11-07","10068",重庆镜头影像文化有限公司,20,P0002,UAV-XF-BASIC-PLUS,UAV-XF-BASIC-PLUS,11,台,2299,"8.2%",2110,23215,已发货,已确认,项目销售,销售一部,贾斌,"2025-11-10",否,HT-2023-203,重庆镜头影像文化有限公司设备采购项目,重庆镜头影像文化有限公司,QT-202311-00418,"","2025-11-07",Active
SO0000965,SO-202311-00418,"2025-11-07","10068",重庆镜头影像文化有限公司,30,P0005,UAV-XF-PRO-C,UAV-XF-PRO-C,13,台,4599,"12.4%",4029,52373,已发货,已确认,项目销售,销售一部,贾斌,"2025-11-23",否,HT-2023-203,重庆镜头影像文化有限公司设备采购项目,重庆镜头影像文化有限公司,QT-202311-00418,"","2025-11-07",Active
SO0000966,SO-202307-00419,"2025-07-15","10068",重庆镜头影像文化有限公司,10,P0003,UAV-XF-PRO-A,UAV-XF-PRO-A,18,台,3799,"11.0%",3381,60860,已取消,已取消,项目销售,销售一部,赵敏,"2025-08-30",否,HT-2023-333,"2023年南京市影视传媒项目",重庆镜头影像文化有限公司,QT-202307-00513,"","2025-07-15",Active
SO0000967,SO-202307-00419,"2025-07-15","10068",重庆镜头影像文化有限公司,20,P0005,UAV-XF-PRO-C,UAV-XF-PRO-C,30,台,4599,"14.5%",3932,117964,已取消,已取消,项目销售,销售一部,赵敏,"2025-09-01",否,HT-2023-333,"2023年南京市影视传媒项目",重庆镜头影像文化有限公司,QT-202307-00513,"","2025-07-15",Active
SO0000968,SO-202307-00419,"2025-07-15","10068",重庆镜头影像文化有限公司,30,P0004,UAV-XF-PRO-B,UAV-XF-PRO-B,6,台,4199,"5.9%",3951,23708,已取消,已取消,项目销售,销售一部,赵敏,"2025-08-31",否,HT-2023-333,"2023年南京市影视传媒项目",重庆镜头影像文化有限公司,QT-202307-00513,"","2025-07-15",Active
SO0000969,SO-202407-00420,"2025-07-05","10068",重庆镜头影像文化有限公司,10,P0003,UAV-XF-PRO-A,UAV-XF-PRO-A,21,台,3799,"6.3%",3560,74753,已发货,已确认,项目销售,销售一部,杨帆,"2025-08-09",否,HT-2024-060,"2024年南京市影视传媒项目",重庆镜头影像文化有限公司,QT-202406-00396,"","2025-07-05",Active
SO0000970,SO-202407-00420,"2025-07-05","10068",重庆镜头影像文化有限公司,20,P0005,UAV-XF-PRO-C,UAV-XF-PRO-C,30,台,4599,"9.6%",4158,124725,已发货,已确认,项目销售,销售一部,杨帆,"2025-08-07",否,HT-2024-060,"2024年南京市影视传媒项目",重庆镜头影像文化有限公司,QT-202406-00396,"","2025-07-05",Active
SO0000971,SO-202407-00420,"2025-07-05","10068",重庆镜头影像文化有限公司,30,P0004,UAV-XF-PRO-B,UAV-XF-PRO-B,23,台,4199,"11.7%",3708,85278,已发货,已确认,项目销售,销售一部,杨帆,"2025-07-24",否,HT-2024-060,"2024年南京市影视传媒项目",重庆镜头影像文化有限公司,QT-202406-00396,"","2025-07-05",Active
SO0000972,SO-202407-00420,"2025-07-05","10068",重庆镜头影像文化有限公司,40,P0002,UAV-XF-BASIC-PLUS,UAV-XF-BASIC-PLUS,28,台,2299,"14.2%",1973,55231,已发货,已确认,项目销售,销售一部,杨帆,"2025-07-25",否,HT-2024-060,"2024年南京市影视传媒项目",重庆镜头影像文化有限公司,QT-202406-00396,"","2025-07-05",Active
SO0000973,SO-202405-00421,"2025-05-11","10068",重庆镜头影像文化有限公司,10,P0004,UAV-XF-PRO-B,UAV-XF-PRO-B,7,台,4199,"9.3%",3808,26659,已发货,已确认,项目销售,销售一部,姚强,"2025-06-24",否,HT-2024-425,重庆镜头影像文化有限公司设备采购项目,重庆镜头影像文化有限公司,QT-202405-00421,"","2025-05-11",Active
SO0000974,SO-202405-00421,"2025-05-11","10068",重庆镜头影像文化有限公司,20,P0005,UAV-XF-PRO-C,UAV-XF-PRO-C,24,台,4599,"8.5%",4208,100994,已发货,已确认,项目销售,销售一部,姚强,"2025-06-07",否,HT-2024-425,重庆镜头影像文化有限公司设备采购项目,重庆镜头影像文化有限公司,QT-202405-00421,"","2025-05-11",Active
SO0000975,SO-202412-00422,"2025-12-31","10068",重庆镜头影像文化有限公司,10,P0002,UAV-XF-BASIC-PLUS,UAV-XF-BASIC-PLUS,10,台,2299,"10.5%",2058,20576,已发货,已确认,直销,销售一部,蒋敏,"2026-01-03",否,"","",重庆镜头影像文化有限公司,QT-202412-00522,"","2025-12-31",Active
SO0000976,SO-202412-00422,"2025-12-31","10068",重庆镜头影像文化有限公司,20,P0004,UAV-XF-PRO-B,UAV-XF-PRO-B,8,台,4199,"14.3%",3599,28788,已发货,已确认,直销,销售一部,蒋敏,"2026-01-03",否,"","",重庆镜头影像文化有限公司,QT-202412-00522,"","2025-12-31",Active
SO0000977,SO-202405-00423,"2025-05-12","10068",重庆镜头影像文化有限公司,10,P0002,UAV-XF-BASIC-PLUS,UAV-XF-BASIC-PLUS,17,台,2299,"9.3%",2085,35448,已发货,已确认,项目销售,销售一部,曹磊,"2025-05-27",否,HT-2024-250,"2024年南京市影视传媒项目",重庆镜头影像文化有限公司,QT-202405-00423,"","2025-05-12",Active
SO0000978,SO-202405-00423,"2025-05-12","10068",重庆镜头影像文化有限公司,20,P0005,UAV-XF-PRO-C,UAV-XF-PRO-C,24,台,4599,"6.7%",4291,102981,已发货,已确认,项目销售,销售一部,曹磊,"2025-05-28",否,HT-2024-250,"2024年南京市影视传媒项目",重庆镜头影像文化有限公司,QT-202405-00423,"","2025-05-12",Active
SO0000979,SO-202405-00423,"2025-05-12","10068",重庆镜头影像文化有限公司,30,P0004,UAV-XF-PRO-B,UAV-XF-PRO-B,5,台,4199,"12.7%",3666,18329,已发货,已确认,项目销售,销售一部,曹磊,"2025-06-23",否,HT-2024-250,"2024年南京市影视传媒项目",重庆镜头影像文化有限公司,QT-202405-00423,"","2025-05-12",Active
SO0000980,SO-202405-00423,"2025-05-12","10068",重庆镜头影像文化有限公司,40,P0003,UAV-XF-PRO-A,UAV-XF-PRO-A,9,台,3799,"12.4%",3328,29951,已发货,已确认,项目销售,销售一部,曹磊,"2025-06-10",否,HT-2024-250,"2024年南京市影视传媒项目",重庆镜头影像文化有限公司,QT-202405-00423,"","2025-05-12",Active
SO0000981,SO-202408-00424,"2025-08-13","10068",重庆镜头影像文化有限公司,10,P0002,UAV-XF-BASIC-PLUS,UAV-XF-BASIC-PLUS,27,台,2299,"6.3%",2154,58162,已发货,已确认,项目销售,销售一部,孙丽,"2025-09-06",否,HT-2024-060,重庆镜头影像文化有限公司设备采购项目,重庆镜头影像文化有限公司,QT-202408-00524,"","2025-08-13",Active
SO0000982,SO-202408-00424,"2025-08-13","10068",重庆镜头影像文化有限公司,20,P0005,UAV-XF-PRO-C,UAV-XF-PRO-C,11,台,4599,"7.3%",4263,46896,已发货,已确认,项目销售,销售一部,孙丽,"2025-09-10",否,HT-2024-060,重庆镜头影像文化有限公司设备采购项目,重庆镜头影像文化有限公司,QT-202408-00524,"","2025-08-13",Active
SO0000983,SO-202408-00424,"2025-08-13","10068",重庆镜头影像文化有限公司,30,P0003,UAV-XF-PRO-A,UAV-XF-PRO-A,14,台,3799,"13.2%",3298,46165,已发货,已确认,项目销售,销售一部,孙丽,"2025-08-29",否,HT-2024-060,重庆镜头影像文化有限公司设备采购项目,重庆镜头影像文化有限公司,QT-202408-00524,"","2025-08-13",Active
SO0000984,SO-202408-00424,"2025-08-13","10068",重庆镜头影像文化有限公司,40,P0004,UAV-XF-PRO-B,UAV-XF-PRO-B,22,台,4199,"9.0%",3821,84064,已发货,已确认,项目销售,销售一部,孙丽,"2025-08-30",否,HT-2024-060,重庆镜头影像文化有限公司设备采购项目,重庆镜头影像文化有限公司,QT-202408-00524,"","2025-08-13",Active
SO0000985,SO-202301-00425,"2025-01-22","10068",重庆镜头影像文化有限公司,10,P0005,UAV-XF-PRO-C,UAV-XF-PRO-C,15,台,4599,"5.7%",4337,65053,已发货,已确认,项目销售,销售一部,陈静,"2025-03-20",否,HT-2023-113,南京市婚庆摄影应用项目,重庆镜头影像文化有限公司,QT-202301-00588,"","2025-01-22",Active
SO0000986,SO-202301-00425,"2025-01-22","10068",重庆镜头影像文化有限公司,20,P0003,UAV-XF-PRO-A,UAV-XF-PRO-A,11,台,3799,"13.0%",3305,36356,已发货,已确认,项目销售,销售一部,陈静,"2025-02-16",否,HT-2023-113,南京市婚庆摄影应用项目,重庆镜头影像文化有限公司,QT-202301-00588,"","2025-01-22",Active
SO0000987,SO-202301-00425,"2025-01-22","10068",重庆镜头影像文化有限公司,30,P0004,UAV-XF-PRO-B,UAV-XF-PRO-B,18,台,4199,"5.1%",3985,71727,已发货,已确认,项目销售,销售一部,陈静,"2025-02-20",否,HT-2023-113,南京市婚庆摄影应用项目,重庆镜头影像文化有限公司,QT-202301-00588,"","2025-01-22",Active
SO0000988,SO-202305-00426,"2025-05-15","10068",重庆镜头影像文化有限公司,10,P0005,UAV-XF-PRO-C,UAV-XF-PRO-C,5,台,4599,"6.2%",4314,21569,已取消,已取消,直销,销售一部,郑海,"2025-06-27",否,"","",重庆镜头影像文化有限公司,"","","2025-05-15",Active
SO0000989,SO-202305-00426,"2025-05-15","10068",重庆镜头影像文化有限公司,20,P0003,UAV-XF-PRO-A,UAV-XF-PRO-A,4,台,3799,"6.7%",3544,14178,已取消,已取消,直销,销售一部,郑海,"2025-06-23",否,"","",重庆镜头影像文化有限公司,"","","2025-05-15",Active
SO0000990,SO-202306-00427,"2025-06-15","10068",重庆镜头影像文化有限公司,10,P0002,UAV-XF-BASIC-PLUS,UAV-XF-BASIC-PLUS,28,台,2299,"12.9%",2002,56068,已发货,已确认,项目销售,销售一部,贾斌,"2025-07-03",否,HT-2023-089,"2023年南京市影视传媒项目",重庆镜头影像文化有限公司,QT-202306-00413,"","2025-06-15",Active
SO0000991,SO-202306-00427,"2025-06-15","10068",重庆镜头影像文化有限公司,20,P0005,UAV-XF-PRO-C,UAV-XF-PRO-C,19,台,4599,"10.6%",4112,78119,已发货,已确认,项目销售,销售一部,贾斌,"2025-07-12",否,HT-2023-089,"2023年南京市影视传媒项目",重庆镜头影像文化有限公司,QT-202306-00413,"","2025-06-15",Active
SO0000992,SO-202403-00428,"2025-03-01","10068",重庆镜头影像文化有限公司,10,P0002,UAV-XF-BASIC-PLUS,UAV-XF-BASIC-PLUS,7,台,2299,"5.3%",2177,15240,已发货,已确认,项目销售,销售一部,姚强,"2025-04-17",是,HT-2024-452,重庆镜头影像文化有限公司设备采购项目,重庆镜头影像文化有限公司,QT-202403-00428,"","2025-03-01",Active
SO0000993,SO-202403-00428,"2025-03-01","10068",重庆镜头影像文化有限公司,20,P0005,UAV-XF-PRO-C,UAV-XF-PRO-C,23,台,4599,"7.8%",4240,97526,已发货,已确认,项目销售,销售一部,姚强,"2025-03-23",是,HT-2024-452,重庆镜头影像文化有限公司设备采购项目,重庆镜头影像文化有限公司,QT-202403-00428,"","2025-03-01",Active
SO0000994,SO-202403-00428,"2025-03-01","10068",重庆镜头影像文化有限公司,30,P0003,UAV-XF-PRO-A,UAV-XF-PRO-A,10,台,3799,"7.4%",3518,35179,已发货,已确认,项目销售,销售一部,姚强,"2025-03-23",是,HT-2024-452,重庆镜头影像文化有限公司设备采购项目,重庆镜头影像文化有限公司,QT-202403-00428,"","2025-03-01",Active
SO0000995,SO-202405-00429,"2025-05-30","10068",重庆镜头影像文化有限公司,10,P0005,UAV-XF-PRO-C,UAV-XF-PRO-C,9,台,4599,"13.1%",3997,35969,已发货,已确认,直销,销售一部,李娜,"2025-06-19",否,"","",重庆镜头影像文化有限公司,QT-202405-00546,"","2025-05-30",Active
SO0000996,SO-202405-00429,"2025-05-30","10068",重庆镜头影像文化有限公司,20,P0002,UAV-XF-BASIC-PLUS,UAV-XF-BASIC-PLUS,8,台,2299,"10.2%",2065,16516,已发货,已确认,直销,销售一部,李娜,"2025-07-16",否,"","",重庆镜头影像文化有限公司,QT-202405-00546,"","2025-05-30",Active
SO0000997,SO-202405-00429,"2025-05-30","10068",重庆镜头影像文化有限公司,30,P0004,UAV-XF-PRO-B,UAV-XF-PRO-B,4,台,4199,"5.6%",3964,15855,已发货,已确认,直销,销售一部,李娜,"2025-06-15",否,"","",重庆镜头影像文化有限公司,QT-202405-00546,"","2025-05-30",Active
SO0000998,SO-202312-00430,"2025-12-30","10068",重庆镜头影像文化有限公司,10,P0002,UAV-XF-BASIC-PLUS,UAV-XF-BASIC-PLUS,17,台,2299,"5.4%",2175,36972,已发货,已确认,项目销售,销售一部,李娜,"2026-01-02",否,HT-2023-264,南京市婚庆摄影应用项目,重庆镜头影像文化有限公司,QT-202312-00430,"","2025-12-30",Active
SO0000999,SO-202312-00430,"2025-12-30","10068",重庆镜头影像文化有限公司,20,P0004,UAV-XF-PRO-B,UAV-XF-PRO-B,16,台,4199,"11.4%",3720,59525,已发货,已确认,项目销售,销售一部,李娜,"2026-01-02",否,HT-2023-264,南京市婚庆摄影应用项目,重庆镜头影像文化有限公司,QT-202312-00430,"","2025-12-30",Active
SO0001000,SO-202403-00431,"2025-03-24","10068",重庆镜头影像文化有限公司,10,P0002,UAV-XF-BASIC-PLUS,UAV-XF-BASIC-PLUS,7,台,2299,"12.7%",2007,14049,已取消,已取消,直销,销售一部,韩雪,"2025-05-22",否,"","",重庆镜头影像文化有限公司,QT-202403-00431,"","2025-03-24",Active
SO0001001,SO-202403-00431,"2025-03-24","10068",重庆镜头影像文化有限公司,20,P0005,UAV-XF-PRO-C,UAV-XF-PRO-C,4,台,4599,"8.5%",4208,16832,已取消,已取消,直销,销售一部,韩雪,"2025-05-02",否,"","",重庆镜头影像文化有限公司,QT-202403-00431,"","2025-03-24",Active
SO0001002,SO-202304-00432,"2025-04-18","10068",重庆镜头影像文化有限公司,10,P0003,UAV-XF-PRO-A,UAV-XF-PRO-A,9,台,3799,"6.5%",3552,31969,已发货,已确认,项目销售,销售一部,陈静,"2025-05-14",否,HT-2023-150,南京市婚庆摄影应用项目,重庆镜头影像文化有限公司,QT-202304-00589,"","2025-04-18",Active
SO0001003,SO-202304-00432,"2025-04-18","10068",重庆镜头影像文化有限公司,20,P0004,UAV-XF-PRO-B,UAV-XF-PRO-B,23,台,4199,"14.9%",3573,82187,已发货,已确认,项目销售,销售一部,陈静,"2025-06-05",否,HT-2023-150,南京市婚庆摄影应用项目,重庆镜头影像文化有限公司,QT-202304-00589,"","2025-04-18",Active
SO0001004,SO-202304-00432,"2025-04-18","10068",重庆镜头影像文化有限公司,30,P0005,UAV-XF-PRO-C,UAV-XF-PRO-C,9,台,4599,"13.6%",3974,35762,已发货,已确认,项目销售,销售一部,陈静,"2025-06-02",否,HT-2023-150,南京市婚庆摄影应用项目,重庆镜头影像文化有限公司,QT-202304-00589,"","2025-04-18",Active
SO0001005,SO-202304-00432,"2025-04-18","10068",重庆镜头影像文化有限公司,40,P0002,UAV-XF-BASIC-PLUS,UAV-XF-BASIC-PLUS,29,台,2299,"14.6%",1963,56937,已发货,已确认,项目销售,销售一部,陈静,"2025-06-10",否,HT-2023-150,南京市婚庆摄影应用项目,重庆镜头影像文化有限公司,QT-202304-00589,"","2025-04-18",Active
SO0001006,SO-202306-00433,"2025-06-07","10069",郑州光影时代文化传媒有限公司,10,P0005,UAV-XF-PRO-C,UAV-XF-PRO-C,3,台,4599,"0.0%",4599,13797,已发货,已确认,直销,销售一部,钱进,"2025-07-31",否,"","",郑州光影时代文化传媒有限公司,"","","2025-06-07",Active
SO0001007,SO-202309-00434,"2025-09-09","10070",西安视界传媒广告传媒有限公司,10,P0004,UAV-XF-PRO-B,UAV-XF-PRO-B,2,台,4199,"0.0%",4199,8398,已发货,已确认,直销,销售一部,姚强,"2025-10-05",否,"","",西安视界传媒广告传媒有限公司,"","","2025-09-09",Active
SO0001008,SO-202309-00434,"2025-09-09","10070",西安视界传媒广告传媒有限公司,20,P0002,UAV-XF-BASIC-PLUS,UAV-XF-BASIC-PLUS,5,台,2299,"0.0%",2299,11495,已发货,已确认,直销,销售一部,姚强,"2025-10-03",否,"","",西安视界传媒广告传媒有限公司,"","","2025-09-09",Active
SO0001009,SO-202401-00435,"2025-01-05","10071",长沙视界文化工作室,10,P0005,UAV-XF-PRO-C,UAV-XF-PRO-C,1,台,4599,"0.0%",4599,4599,已发货,已确认,直销,销售一部,周杰,"2025-01-30",否,"","",长沙视界文化工作室,"","","2025-01-05",Active
SO0001010,SO-202402-00436,"2025-02-28","10071",长沙视界文化工作室,10,P0002,UAV-XF-BASIC-PLUS,UAV-XF-BASIC-PLUS,2,台,2299,"0.0%",2299,4598,已取消,已取消,直销,销售一部,蒋敏,"2025-04-02",否,"","",长沙视界文化工作室,"","","2025-02-28",Active
SO0001011,SO-202301-00437,"2025-01-11","10071",长沙视界文化工作室,10,P0005,UAV-XF-PRO-C,UAV-XF-PRO-C,5,台,4599,"0.0%",4599,22995,已发货,已确认,直销,销售一部,曹磊,"2025-02-15",否,"","",长沙视界文化工作室,QT-202301-00437,"","2025-01-11",Active
SO0001012,SO-202301-00437,"2025-01-11","10071",长沙视界文化工作室,20,P0004,UAV-XF-PRO-B,UAV-XF-PRO-B,1,台,4199,"0.0%",4199,4199,已发货,已确认,直销,销售一部,曹磊,"2025-01-27",否,"","",长沙视界文化工作室,QT-202301-00437,"","2025-01-11",Active
SO0001013,SO-202302-00438,"2025-02-07","10071",长沙视界文化工作室,10,P0003,UAV-XF-PRO-A,UAV-XF-PRO-A,18,台,3799,"9.6%",3434,61817,已发货,已确认,项目销售,销售一部,刘洋,"2025-03-18",否,HT-2023-366,宁波市短视频制作应用项目,长沙视界文化工作室,QT-202301-00591,"","2025-02-07",Active
SO0001014,SO-202302-00438,"2025-02-07","10071",长沙视界文化工作室,20,P0004,UAV-XF-PRO-B,UAV-XF-PRO-B,29,台,4199,"5.2%",3981,115439,已发货,已确认,项目销售,销售一部,刘洋,"2025-03-27",否,HT-2023-366,宁波市短视频制作应用项目,长沙视界文化工作室,QT-202301-00591,"","2025-02-07",Active
SO0001015,SO-202302-00438,"2025-02-07","10071",长沙视界文化工作室,30,P0002,UAV-XF-BASIC-PLUS,UAV-XF-BASIC-PLUS,10,台,2299,"8.7%",2099,20990,已发货,已确认,项目销售,销售一部,刘洋,"2025-02-22",否,HT-2023-366,宁波市短视频制作应用项目,长沙视界文化工作室,QT-202301-00591,"","2025-02-07",Active
SO0001016,SO-202302-00438,"2025-02-07","10071",长沙视界文化工作室,40,P0005,UAV-XF-PRO-C,UAV-XF-PRO-C,16,台,4599,"2.8%",4470,71524,已发货,已确认,项目销售,销售一部,刘洋,"2025-02-27",否,HT-2023-366,宁波市短视频制作应用项目,长沙视界文化工作室,QT-202301-00591,"","2025-02-07",Active
SO0001017,SO-202411-00439,"2025-11-28","10071",长沙视界文化工作室,10,P0003,UAV-XF-PRO-A,UAV-XF-PRO-A,4,台,3799,"0.0%",3799,15196,已发货,已确认,直销,销售一部,谢文,"2025-12-01",否,"","",长沙视界文化工作室,"","","2025-11-28",Active
SO0001018,SO-202411-00439,"2025-11-28","10071",长沙视界文化工作室,20,P0002,UAV-XF-BASIC-PLUS,UAV-XF-BASIC-PLUS,4,台,2299,"0.0%",2299,9196,已发货,已确认,直销,销售一部,谢文,"2025-12-01",否,"","",长沙视界文化工作室,"","","2025-11-28",Active
SO0001019,SO-202406-00440,"2025-06-24","10071",长沙视界文化工作室,10,P0004,UAV-XF-PRO-B,UAV-XF-PRO-B,1,台,4199,"0.0%",4199,4199,已发货,已确认,直销,销售一部,贾斌,"2025-07-28",否,"","",长沙视界文化工作室,"","","2025-06-24",Active
SO0001020,SO-202406-00440,"2025-06-24","10071",长沙视界文化工作室,20,P0005,UAV-XF-PRO-C,UAV-XF-PRO-C,4,台,4599,"0.0%",4599,18396,已发货,已确认,直销,销售一部,贾斌,"2025-08-08",否,"","",长沙视界文化工作室,"","","2025-06-24",Active
SO0001021,SO-202412-00441,"2025-12-15","10072",郑州影立方制作传媒有限公司,10,P0004,UAV-XF-PRO-B,UAV-XF-PRO-B,20,台,4199,"10.1%",3775,75498,已发货,已确认,项目销售,销售一部,钱进,"2025-12-18",否,HT-2024-019,厦门市影视制作应用项目,郑州影立方制作传媒有限公司,QT-202412-00523,"","2025-12-15",Active
SO0001022,SO-202412-00441,"2025-12-15","10072",郑州影立方制作传媒有限公司,20,P0002,UAV-XF-BASIC-PLUS,UAV-XF-BASIC-PLUS,11,台,2299,"13.7%",1984,21824,已发货,已确认,项目销售,销售一部,钱进,"2025-12-18",否,HT-2024-019,厦门市影视制作应用项目,郑州影立方制作传媒有限公司,QT-202412-00523,"","2025-12-15",Active
SO0001023,SO-202412-00441,"2025-12-15","10072",郑州影立方制作传媒有限公司,30,P0005,UAV-XF-PRO-C,UAV-XF-PRO-C,9,台,4599,"6.9%",4282,38535,已发货,已确认,项目销售,销售一部,钱进,"2025-12-18",否,HT-2024-019,厦门市影视制作应用项目,郑州影立方制作传媒有限公司,QT-202412-00523,"","2025-12-15",Active
SO0001024,SO-202412-00441,"2025-12-15","10072",郑州影立方制作传媒有限公司,40,P0003,UAV-XF-PRO-A,UAV-XF-PRO-A,12,台,3799,"8.4%",3480,41759,已发货,已确认,项目销售,销售一部,钱进,"2025-12-18",否,HT-2024-019,厦门市影视制作应用项目,郑州影立方制作传媒有限公司,QT-202412-00523,"","2025-12-15",Active
SO0001025,SO-202305-00442,"2025-05-10","10072",郑州影立方制作传媒有限公司,10,P0002,UAV-XF-BASIC-PLUS,UAV-XF-BASIC-PLUS,6,台,2299,"12.5%",2012,12070,已发货,已确认,直销,销售一部,曹磊,"2025-07-06",否,"","",郑州影立方制作传媒有限公司,QT-202304-00600,"","2025-05-10",Active
SO0001026,SO-202305-00442,"2025-05-10","10072",郑州影立方制作传媒有限公司,20,P0004,UAV-XF-PRO-B,UAV-XF-PRO-B,7,台,4199,"11.7%",3708,25954,已发货,已确认,直销,销售一部,曹磊,"2025-06-23",否,"","",郑州影立方制作传媒有限公司,QT-202304-00600,"","2025-05-10",Active
SO0001027,SO-202305-00442,"2025-05-10","10072",郑州影立方制作传媒有限公司,30,P0003,UAV-XF-PRO-A,UAV-XF-PRO-A,7,台,3799,"7.4%",3518,24625,已发货,已确认,直销,销售一部,曹磊,"2025-06-02",否,"","",郑州影立方制作传媒有限公司,QT-202304-00600,"","2025-05-10",Active
SO0001028,SO-202305-00442,"2025-05-10","10072",郑州影立方制作传媒有限公司,40,P0005,UAV-XF-PRO-C,UAV-XF-PRO-C,8,台,4599,"10.8%",4102,32818,已发货,已确认,直销,销售一部,曹磊,"2025-07-06",否,"","",郑州影立方制作传媒有限公司,QT-202304-00600,"","2025-05-10",Active
SO0001029,SO-202301-00443,"2025-01-24","10072",郑州影立方制作传媒有限公司,10,P0003,UAV-XF-PRO-A,UAV-XF-PRO-A,25,台,3799,"14.5%",3248,81204,已发货,已确认,项目销售,销售一部,张伟,"2025-02-20",否,HT-2023-372,郑州影立方制作传媒有限公司设备采购项目,郑州影立方制作传媒有限公司,QT-202301-00443,"","2025-01-24",Active
SO0001030,SO-202301-00443,"2025-01-24","10072",郑州影立方制作传媒有限公司,20,P0005,UAV-XF-PRO-C,UAV-XF-PRO-C,10,台,4599,"14.9%",3914,39138,已发货,已确认,项目销售,销售一部,张伟,"2025-03-20",否,HT-2023-372,郑州影立方制作传媒有限公司设备采购项目,郑州影立方制作传媒有限公司,QT-202301-00443,"","2025-01-24",Active
SO0001031,SO-202301-00443,"2025-01-24","10072",郑州影立方制作传媒有限公司,30,P0004,UAV-XF-PRO-B,UAV-XF-PRO-B,6,台,4199,"6.6%",3922,23531,已发货,已确认,项目销售,销售一部,张伟,"2025-02-23",否,HT-2023-372,郑州影立方制作传媒有限公司设备采购项目,郑州影立方制作传媒有限公司,QT-202301-00443,"","2025-01-24",Active
SO0001032,SO-202401-00444,"2025-01-17","10072",郑州影立方制作传媒有限公司,10,P0002,UAV-XF-BASIC-PLUS,UAV-XF-BASIC-PLUS,23,台,2299,"10.2%",2065,47484,已发货,已确认,项目销售,销售一部,吴磊,"2025-02-23",是,HT-2024-064,郑州影立方制作传媒有限公司设备采购项目,郑州影立方制作传媒有限公司,QT-202401-00568,"","2025-01-17",Active
SO0001033,SO-202401-00444,"2025-01-17","10072",郑州影立方制作传媒有限公司,20,P0004,UAV-XF-PRO-B,UAV-XF-PRO-B,11,台,4199,"8.7%",3834,42171,已发货,已确认,项目销售,销售一部,吴磊,"2025-03-08",是,HT-2024-064,郑州影立方制作传媒有限公司设备采购项目,郑州影立方制作传媒有限公司,QT-202401-00568,"","2025-01-17",Active
SO0001034,SO-202401-00444,"2025-01-17","10072",郑州影立方制作传媒有限公司,30,P0003,UAV-XF-PRO-A,UAV-XF-PRO-A,17,台,3799,"10.5%",3400,57802,已发货,已确认,项目销售,销售一部,吴磊,"2025-02-14",是,HT-2024-064,郑州影立方制作传媒有限公司设备采购项目,郑州影立方制作传媒有限公司,QT-202401-00568,"","2025-01-17",Active
SO0001035,SO-202404-00445,"2025-04-09","10072",郑州影立方制作传媒有限公司,10,P0005,UAV-XF-PRO-C,UAV-XF-PRO-C,28,台,4599,"12.2%",4038,113062,已取消,已取消,项目销售,销售一部,孙丽,"2025-05-26",否,HT-2024-322,厦门市影视制作应用项目,郑州影立方制作传媒有限公司,QT-202404-00445,"","2025-04-09",Active
SO0001036,SO-202404-00445,"2025-04-09","10072",郑州影立方制作传媒有限公司,20,P0002,UAV-XF-BASIC-PLUS,UAV-XF-BASIC-PLUS,15,台,2299,"11.6%",2032,30485,已取消,已取消,项目销售,销售一部,孙丽,"2025-05-05",否,HT-2024-322,厦门市影视制作应用项目,郑州影立方制作传媒有限公司,QT-202404-00445,"","2025-04-09",Active
SO0001037,SO-202404-00445,"2025-04-09","10072",郑州影立方制作传媒有限公司,30,P0004,UAV-XF-PRO-B,UAV-XF-PRO-B,13,台,4199,"11.6%",3712,48255,已取消,已取消,项目销售,销售一部,孙丽,"2025-05-25",否,HT-2024-322,厦门市影视制作应用项目,郑州影立方制作传媒有限公司,QT-202404-00445,"","2025-04-09",Active
SO0001038,SO-202404-00445,"2025-04-09","10072",郑州影立方制作传媒有限公司,40,P0003,UAV-XF-PRO-A,UAV-XF-PRO-A,29,台,3799,"9.5%",3438,99705,已取消,已取消,项目销售,销售一部,孙丽,"2025-06-05",否,HT-2024-322,厦门市影视制作应用项目,郑州影立方制作传媒有限公司,QT-202404-00445,"","2025-04-09",Active
SO0001039,SO-202411-00446,"2025-11-13","10072",郑州影立方制作传媒有限公司,10,P0005,UAV-XF-PRO-C,UAV-XF-PRO-C,13,台,4599,"14.4%",3937,51178,已发货,已确认,项目销售,销售一部,袁琳,"2025-12-21",否,HT-2024-168,厦门市影视制作应用项目,郑州影立方制作传媒有限公司,QT-202411-00578,"","2025-11-13",Active
SO0001040,SO-202411-00446,"2025-11-13","10072",郑州影立方制作传媒有限公司,20,P0002,UAV-XF-BASIC-PLUS,UAV-XF-BASIC-PLUS,18,台,2299,"8.6%",2101,37823,已发货,已确认,项目销售,销售一部,袁琳,"2025-11-16",否,HT-2024-168,厦门市影视制作应用项目,郑州影立方制作传媒有限公司,QT-202411-00578,"","2025-11-13",Active
SO0001041,SO-202305-00447,"2025-05-31","10072",郑州影立方制作传媒有限公司,10,P0003,UAV-XF-PRO-A,UAV-XF-PRO-A,10,台,3799,"6.7%",3544,35445,已发货,已确认,直销,销售一部,蒋敏,"2025-06-22",否,"","",郑州影立方制作传媒有限公司,QT-202305-00618,"","2025-05-31",Active
SO0001042,SO-202305-00447,"2025-05-31","10072",郑州影立方制作传媒有限公司,20,P0002,UAV-XF-BASIC-PLUS,UAV-XF-BASIC-PLUS,7,台,2299,"13.7%",1984,13888,已发货,已确认,直销,销售一部,蒋敏,"2025-07-07",否,"","",郑州影立方制作传媒有限公司,QT-202305-00618,"","2025-05-31",Active
SO0001043,SO-202406-00448,"2025-06-22","10072",郑州影立方制作传媒有限公司,10,P0002,UAV-XF-BASIC-PLUS,UAV-XF-BASIC-PLUS,17,台,2299,"6.8%",2143,36425,已发货,已确认,项目销售,销售一部,冯涛,"2025-08-08",否,HT-2024-256,厦门市影视制作应用项目,郑州影立方制作传媒有限公司,QT-202406-00394,"","2025-06-22",Active
SO0001044,SO-202406-00448,"2025-06-22","10072",郑州影立方制作传媒有限公司,20,P0004,UAV-XF-PRO-B,UAV-XF-PRO-B,11,台,4199,"13.6%",3628,39907,已发货,已确认,项目销售,销售一部,冯涛,"2025-08-19",否,HT-2024-256,厦门市影视制作应用项目,郑州影立方制作传媒有限公司,QT-202406-00394,"","2025-06-22",Active
SO0001045,SO-202406-00448,"2025-06-22","10072",郑州影立方制作传媒有限公司,30,P0003,UAV-XF-PRO-A,UAV-XF-PRO-A,12,台,3799,"7.2%",3525,42306,已发货,已确认,项目销售,销售一部,冯涛,"2025-07-19",否,HT-2024-256,厦门市影视制作应用项目,郑州影立方制作传媒有限公司,QT-202406-00394,"","2025-06-22",Active
SO0001046,SO-202406-00448,"2025-06-22","10072",郑州影立方制作传媒有限公司,40,P0005,UAV-XF-PRO-C,UAV-XF-PRO-C,28,台,4599,"7.6%",4249,118985,已发货,已确认,项目销售,销售一部,冯涛,"2025-08-09",否,HT-2024-256,厦门市影视制作应用项目,郑州影立方制作传媒有限公司,QT-202406-00394,"","2025-06-22",Active
SO0001047,SO-202405-00449,"2025-05-16","10072",郑州影立方制作传媒有限公司,10,P0004,UAV-XF-PRO-B,UAV-XF-PRO-B,6,台,4199,"8.1%",3859,23153,已发货,已确认,直销,销售一部,蒋敏,"2025-07-03",否,"","",郑州影立方制作传媒有限公司,QT-202405-00449,"","2025-05-16",Active
SO0001048,SO-202405-00449,"2025-05-16","10072",郑州影立方制作传媒有限公司,20,P0005,UAV-XF-PRO-C,UAV-XF-PRO-C,5,台,4599,"11.3%",4079,20397,已发货,已确认,直销,销售一部,蒋敏,"2025-06-06",否,"","",郑州影立方制作传媒有限公司,QT-202405-00449,"","2025-05-16",Active
SO0001049,SO-202405-00449,"2025-05-16","10072",郑州影立方制作传媒有限公司,30,P0003,UAV-XF-PRO-A,UAV-XF-PRO-A,5,台,3799,"8.7%",3468,17342,已发货,已确认,直销,销售一部,蒋敏,"2025-07-09",否,"","",郑州影立方制作传媒有限公司,QT-202405-00449,"","2025-05-16",Active
SO0001050,SO-202405-00449,"2025-05-16","10072",郑州影立方制作传媒有限公司,40,P0002,UAV-XF-BASIC-PLUS,UAV-XF-BASIC-PLUS,6,台,2299,"6.6%",2147,12884,已发货,已确认,直销,销售一部,蒋敏,"2025-07-15",否,"","",郑州影立方制作传媒有限公司,QT-202405-00449,"","2025-05-16",Active
SO0001051,SO-202404-00450,"2025-04-29","10072",郑州影立方制作传媒有限公司,10,P0002,UAV-XF-BASIC-PLUS,UAV-XF-BASIC-PLUS,6,台,2299,"5.4%",2175,13049,已发货,已确认,项目销售,销售一部,李娜,"2025-06-08",否,HT-2024-210,"2024年厦门市影视传媒项目",郑州影立方制作传媒有限公司,QT-202404-00542,"","2025-04-29",Active
SO0001052,SO-202404-00450,"2025-04-29","10072",郑州影立方制作传媒有限公司,20,P0003,UAV-XF-PRO-A,UAV-XF-PRO-A,14,台,3799,"11.1%",3377,47282,已发货,已确认,项目销售,销售一部,李娜,"2025-06-16",否,HT-2024-210,"2024年厦门市影视传媒项目",郑州影立方制作传媒有限公司,QT-202404-00542,"","2025-04-29",Active
SO0001053,SO-202404-00450,"2025-04-29","10072",郑州影立方制作传媒有限公司,30,P0004,UAV-XF-PRO-B,UAV-XF-PRO-B,18,台,4199,"6.1%",3943,70971,已发货,已确认,项目销售,销售一部,李娜,"2025-06-12",否,HT-2024-210,"2024年厦门市影视传媒项目",郑州影立方制作传媒有限公司,QT-202404-00542,"","2025-04-29",Active
SO0001054,SO-202302-00451,"2025-02-11","10072",郑州影立方制作传媒有限公司,10,P0004,UAV-XF-PRO-B,UAV-XF-PRO-B,7,台,4199,"12.5%",3674,25719,已发货,已确认,项目销售,销售一部,曹磊,"2025-04-02",否,HT-2023-249,"2023年厦门市影视传媒项目",郑州影立方制作传媒有限公司,QT-202302-00393,"","2025-02-11",Active
SO0001055,SO-202302-00451,"2025-02-11","10072",郑州影立方制作传媒有限公司,20,P0005,UAV-XF-PRO-C,UAV-XF-PRO-C,26,台,4599,"11.9%",4052,105345,已发货,已确认,项目销售,销售一部,曹磊,"2025-04-06",否,HT-2023-249,"2023年厦门市影视传媒项目",郑州影立方制作传媒有限公司,QT-202302-00393,"","2025-02-11",Active
SO0001056,SO-202302-00451,"2025-02-11","10072",郑州影立方制作传媒有限公司,30,P0002,UAV-XF-BASIC-PLUS,UAV-XF-BASIC-PLUS,24,台,2299,"5.4%",2175,52196,已发货,已确认,项目销售,销售一部,曹磊,"2025-03-01",否,HT-2023-249,"2023年厦门市影视传媒项目",郑州影立方制作传媒有限公司,QT-202302-00393,"","2025-02-11",Active
SO0001057,SO-202302-00451,"2025-02-11","10072",郑州影立方制作传媒有限公司,40,P0003,UAV-XF-PRO-A,UAV-XF-PRO-A,29,台,3799,"10.9%",3385,98162,已发货,已确认,项目销售,销售一部,曹磊,"2025-03-07",否,HT-2023-249,"2023年厦门市影视传媒项目",郑州影立方制作传媒有限公司,QT-202302-00393,"","2025-02-11",Active
SO0001058,SO-202403-00452,"2025-03-07","10072",郑州影立方制作传媒有限公司,10,P0004,UAV-XF-PRO-B,UAV-XF-PRO-B,5,台,4199,"8.5%",3842,19210,已发货,已确认,直销,销售一部,李娜,"2025-04-16",否,"","",郑州影立方制作传媒有限公司,QT-202403-00452,"","2025-03-07",Active
SO0001059,SO-202403-00452,"2025-03-07","10072",郑州影立方制作传媒有限公司,20,P0003,UAV-XF-PRO-A,UAV-XF-PRO-A,6,台,3799,"12.5%",3324,19945,已发货,已确认,直销,销售一部,李娜,"2025-04-13",否,"","",郑州影立方制作传媒有限公司,QT-202403-00452,"","2025-03-07",Active
SO0001060,SO-202403-00452,"2025-03-07","10072",郑州影立方制作传媒有限公司,30,P0002,UAV-XF-BASIC-PLUS,UAV-XF-BASIC-PLUS,4,台,2299,"12.7%",2007,8028,已发货,已确认,直销,销售一部,李娜,"2025-04-08",否,"","",郑州影立方制作传媒有限公司,QT-202403-00452,"","2025-03-07",Active
SO0001061,SO-202312-00453,"2025-12-24","10072",郑州影立方制作传媒有限公司,10,P0002,UAV-XF-BASIC-PLUS,UAV-XF-BASIC-PLUS,5,台,2299,"12.9%",2002,10012,已发货,已确认,直销,销售一部,王强,"2025-12-27",否,"","",郑州影立方制作传媒有限公司,"","","2025-12-24",Active
SO0001062,SO-202312-00453,"2025-12-24","10072",郑州影立方制作传媒有限公司,20,P0003,UAV-XF-PRO-A,UAV-XF-PRO-A,7,台,3799,"7.4%",3518,24625,已发货,已确认,直销,销售一部,王强,"2025-12-27",否,"","",郑州影立方制作传媒有限公司,"","","2025-12-24",Active
SO0001063,SO-202409-00454,"2025-09-12","10072",郑州影立方制作传媒有限公司,10,P0005,UAV-XF-PRO-C,UAV-XF-PRO-C,8,台,4599,"7.3%",4263,34106,已发货,已确认,项目销售,销售一部,刘洋,"2025-11-04",否,HT-2024-077,厦门市影视制作应用项目,郑州影立方制作传媒有限公司,QT-202409-00589,"","2025-09-12",Active
SO0001064,SO-202409-00454,"2025-09-12","10072",郑州影立方制作传媒有限公司,20,P0002,UAV-XF-BASIC-PLUS,UAV-XF-BASIC-PLUS,20,台,2299,"12.7%",2007,40141,已发货,已确认,项目销售,销售一部,刘洋,"2025-10-25",否,HT-2024-077,厦门市影视制作应用项目,郑州影立方制作传媒有限公司,QT-202409-00589,"","2025-09-12",Active
SO0001065,SO-202411-00455,"2025-11-11","10072",郑州影立方制作传媒有限公司,10,P0003,UAV-XF-PRO-A,UAV-XF-PRO-A,7,台,3799,"6.2%",3563,24944,已发货,已确认,项目销售,销售一部,贾斌,"2025-12-17",否,HT-2024-491,厦门市影视制作应用项目,郑州影立方制作传媒有限公司,QT-202411-00455,"","2025-11-11",Active
SO0001066,SO-202411-00455,"2025-11-11","10072",郑州影立方制作传媒有限公司,20,P0005,UAV-XF-PRO-C,UAV-XF-PRO-C,13,台,4599,"5.5%",4346,56499,已发货,已确认,项目销售,销售一部,贾斌,"2025-11-28",否,HT-2024-491,厦门市影视制作应用项目,郑州影立方制作传媒有限公司,QT-202411-00455,"","2025-11-11",Active
SO0001067,SO-202411-00455,"2025-11-11","10072",郑州影立方制作传媒有限公司,30,P0004,UAV-XF-PRO-B,UAV-XF-PRO-B,17,台,4199,"6.6%",3922,66672,已发货,已确认,项目销售,销售一部,贾斌,"2025-12-12",否,HT-2024-491,厦门市影视制作应用项目,郑州影立方制作传媒有限公司,QT-202411-00455,"","2025-11-11",Active
SO0001068,SO-202411-00455,"2025-11-11","10072",郑州影立方制作传媒有限公司,40,P0002,UAV-XF-BASIC-PLUS,UAV-XF-BASIC-PLUS,8,台,2299,"8.7%",2099,16792,已发货,已确认,项目销售,销售一部,贾斌,"2025-12-23",否,HT-2024-491,厦门市影视制作应用项目,郑州影立方制作传媒有限公司,QT-202411-00455,"","2025-11-11",Active
SO0001069,SO-202306-00456,"2025-06-19","10073",哈尔滨视界传媒文化有限公司,10,P0002,UAV-XF-BASIC-PLUS,UAV-XF-BASIC-PLUS,21,台,2299,"9.2%",2087,43837,已发货,已确认,项目销售,销售一部,张伟,"2025-08-11",否,HT-2023-159,哈尔滨市影视制作应用项目,哈尔滨视界传媒文化有限公司,QT-202306-00414,"","2025-06-19",Active
SO0001070,SO-202306-00456,"2025-06-19","10073",哈尔滨视界传媒文化有限公司,20,P0004,UAV-XF-PRO-B,UAV-XF-PRO-B,24,台,4199,"3.1%",4069,97652,已发货,已确认,项目销售,销售一部,张伟,"2025-07-19",否,HT-2023-159,哈尔滨市影视制作应用项目,哈尔滨视界传媒文化有限公司,QT-202306-00414,"","2025-06-19",Active
SO0001071,SO-202306-00456,"2025-06-19","10073",哈尔滨视界传媒文化有限公司,30,P0003,UAV-XF-PRO-A,UAV-XF-PRO-A,26,台,3799,"6.0%",3571,92848,已发货,已确认,项目销售,销售一部,张伟,"2025-08-17",否,HT-2023-159,哈尔滨市影视制作应用项目,哈尔滨视界传媒文化有限公司,QT-202306-00414,"","2025-06-19",Active
SO0001072,SO-202409-00457,"2025-09-25","10074",大连镜头影视工作室,10,P0002,UAV-XF-BASIC-PLUS,UAV-XF-BASIC-PLUS,28,台,2299,"4.1%",2205,61733,已发货,已确认,项目销售,销售一部,谢文,"2025-10-26",否,HT-2024-268,"2024年常州市影视传媒项目",大连镜头影视工作室,QT-202409-00590,"","2025-09-25",Active
SO0001073,SO-202409-00457,"2025-09-25","10074",大连镜头影视工作室,20,P0003,UAV-XF-PRO-A,UAV-XF-PRO-A,25,台,3799,"5.9%",3575,89372,已发货,已确认,项目销售,销售一部,谢文,"2025-11-05",否,HT-2024-268,"2024年常州市影视传媒项目",大连镜头影视工作室,QT-202409-00590,"","2025-09-25",Active
SO0001074,SO-202409-00457,"2025-09-25","10074",大连镜头影视工作室,30,P0005,UAV-XF-PRO-C,UAV-XF-PRO-C,26,台,4599,"3.3%",4447,115628,已发货,已确认,项目销售,销售一部,谢文,"2025-11-01",否,HT-2024-268,"2024年常州市影视传媒项目",大连镜头影视工作室,QT-202409-00590,"","2025-09-25",Active
SO0001075,SO-202409-00457,"2025-09-25","10074",大连镜头影视工作室,40,P0004,UAV-XF-PRO-B,UAV-XF-PRO-B,7,台,4199,"0.0%",4199,29393,已发货,已确认,项目销售,销售一部,谢文,"2025-10-10",否,HT-2024-268,"2024年常州市影视传媒项目",大连镜头影视工作室,QT-202409-00590,"","2025-09-25",Active
SO0001076,SO-202305-00458,"2025-05-04","10074",大连镜头影视工作室,10,P0002,UAV-XF-BASIC-PLUS,UAV-XF-BASIC-PLUS,2,台,2299,"0.0%",2299,4598,已取消,已取消,直销,销售一部,谢文,"2025-06-25",否,"","",大连镜头影视工作室,"","","2025-05-04",Active
SO0001077,SO-202408-00459,"2025-08-16","10074",大连镜头影视工作室,10,P0004,UAV-XF-PRO-B,UAV-XF-PRO-B,4,台,4199,"0.0%",4199,16796,已发货,已确认,直销,销售一部,韩雪,"2025-10-12",否,"","",大连镜头影视工作室,QT-202408-00459,"","2025-08-16",Active
SO0001078,SO-202408-00459,"2025-08-16","10074",大连镜头影视工作室,20,P0005,UAV-XF-PRO-C,UAV-XF-PRO-C,3,台,4599,"0.0%",4599,13797,已发货,已确认,直销,销售一部,韩雪,"2025-09-06",否,"","",大连镜头影视工作室,QT-202408-00459,"","2025-08-16",Active
SO0001079,SO-202301-00460,"2025-01-24","10074",大连镜头影视工作室,10,P0002,UAV-XF-BASIC-PLUS,UAV-XF-BASIC-PLUS,5,台,2299,"0.0%",2299,11495,已发货,已确认,直销,销售一部,孙丽,"2025-03-22",是,"","",大连镜头影视工作室,QT-202301-00460,"","2025-01-24",Active
SO0001080,SO-202301-00460,"2025-01-24","10074",大连镜头影视工作室,20,P0005,UAV-XF-PRO-C,UAV-XF-PRO-C,4,台,4599,"0.0%",4599,18396,已发货,已确认,直销,销售一部,孙丽,"2025-02-10",是,"","",大连镜头影视工作室,QT-202301-00460,"","2025-01-24",Active
SO0001081,SO-202304-00461,"2025-04-12","10075",广州镜像传媒广告有限公司,10,P0003,UAV-XF-PRO-A,UAV-XF-PRO-A,5,台,3799,"0.0%",3799,18995,已发货,已确认,直销,销售一部,谢文,"2025-05-03",否,"","",广州镜像传媒广告有限公司,"","","2025-04-12",Active
SO0001082,SO-202402-00462,"2025-02-22","10075",广州镜像传媒广告有限公司,10,P0004,UAV-XF-PRO-B,UAV-XF-PRO-B,3,台,4199,"0.0%",4199,12597,已发货,已确认,直销,销售一部,陈静,"2025-04-14",否,"","",广州镜像传媒广告有限公司,QT-202402-00462,"","2025-02-22",Active
SO0001083,SO-202402-00463,"2025-02-04","10075",广州镜像传媒广告有限公司,10,P0002,UAV-XF-BASIC-PLUS,UAV-XF-BASIC-PLUS,1,台,2299,"0.0%",2299,2299,已发货,已确认,直销,销售一部,赵敏,"2025-03-12",否,"","",广州镜像传媒广告有限公司,"","","2025-02-04",Active
SO0001084,SO-202402-00463,"2025-02-04","10075",广州镜像传媒广告有限公司,20,P0005,UAV-XF-PRO-C,UAV-XF-PRO-C,4,台,4599,"0.0%",4599,18396,已发货,已确认,直销,销售一部,赵敏,"2025-03-19",否,"","",广州镜像传媒广告有限公司,"","","2025-02-04",Active
SO0001085,SO-202302-00464,"2025-02-23","10076",杭州视野制作传媒有限公司,10,P0002,UAV-XF-BASIC-PLUS,UAV-XF-BASIC-PLUS,4,台,2299,"0.0%",2299,9196,已发货,已确认,直销,销售一部,杨帆,"2025-04-21",否,"","",杭州视野制作传媒有限公司,"","","2025-02-23",Active
SO0001086,SO-202401-00465,"2025-01-30","10076",杭州视野制作传媒有限公司,10,P0004,UAV-XF-PRO-B,UAV-XF-PRO-B,5,台,4199,"0.0%",4199,20995,已发货,已确认,直销,销售一部,赵敏,"2025-02-25",否,"","",杭州视野制作传媒有限公司,"","","2025-01-30",Active
SO0001087,SO-202402-00466,"2025-02-22","10076",杭州视野制作传媒有限公司,10,P0005,UAV-XF-PRO-C,UAV-XF-PRO-C,1,台,4599,"0.0%",4599,4599,已发货,已确认,直销,销售一部,周杰,"2025-03-26",否,"","",杭州视野制作传媒有限公司,"","","2025-02-22",Active
SO0001088,SO-202311-00467,"2025-11-08","10077",深圳影像空间文化文化传播有限公司,10,P0003,UAV-XF-PRO-A,UAV-XF-PRO-A,4,台,3799,"0.0%",3799,15196,已发货,已确认,直销,销售一部,袁琳,"2025-12-09",否,"","",深圳影像空间文化文化传播有限公司,"","","2025-11-08",Active
SO0001089,SO-202311-00467,"2025-11-08","10077",深圳影像空间文化文化传播有限公司,20,P0005,UAV-XF-PRO-C,UAV-XF-PRO-C,3,台,4599,"0.0%",4599,13797,已发货,已确认,直销,销售一部,袁琳,"2025-11-11",否,"","",深圳影像空间文化文化传播有限公司,"","","2025-11-08",Active
SO0001090,SO-202306-00468,"2025-06-22","10077",深圳影像空间文化文化传播有限公司,10,P0005,UAV-XF-PRO-C,UAV-XF-PRO-C,30,台,4599,"9.6%",4158,124725,已取消,已取消,项目销售,销售一部,周杰,"2025-08-05",否,HT-2023-285,深圳影像空间文化文化传播有限公司设备采购项目,深圳影像空间文化文化传播有限公司,QT-202306-00415,"","2025-06-22",Active
SO0001091,SO-202306-00468,"2025-06-22","10077",深圳影像空间文化文化传播有限公司,20,P0003,UAV-XF-PRO-A,UAV-XF-PRO-A,27,台,3799,"2.1%",3719,100419,已取消,已取消,项目销售,销售一部,周杰,"2025-07-23",否,HT-2023-285,深圳影像空间文化文化传播有限公司设备采购项目,深圳影像空间文化文化传播有限公司,QT-202306-00415,"","2025-06-22",Active
SO0001092,SO-202306-00468,"2025-06-22","10077",深圳影像空间文化文化传播有限公司,30,P0004,UAV-XF-PRO-B,UAV-XF-PRO-B,29,台,4199,"3.7%",4044,117266,已取消,已取消,项目销售,销售一部,周杰,"2025-07-20",否,HT-2023-285,深圳影像空间文化文化传播有限公司设备采购项目,深圳影像空间文化文化传播有限公司,QT-202306-00415,"","2025-06-22",Active
SO0001093,SO-202306-00468,"2025-06-22","10077",深圳影像空间文化文化传播有限公司,40,P0002,UAV-XF-BASIC-PLUS,UAV-XF-BASIC-PLUS,22,台,2299,"3.8%",2212,48656,已取消,已取消,项目销售,销售一部,周杰,"2025-08-11",否,HT-2023-285,深圳影像空间文化文化传播有限公司设备采购项目,深圳影像空间文化文化传播有限公司,QT-202306-00415,"","2025-06-22",Active
SO0001094,SO-202310-00469,"2025-10-24","10078",厦门影立方制作有限公司,10,P0002,UAV-XF-BASIC-PLUS,UAV-XF-BASIC-PLUS,2,台,2299,"0.0%",2299,4598,已发货,已确认,直销,销售一部,陈静,"2025-12-09",否,"","",厦门影立方制作有限公司,QT-202310-00469,"","2025-10-24",Active
SO0001095,SO-202310-00469,"2025-10-24","10078",厦门影立方制作有限公司,20,P0004,UAV-XF-PRO-B,UAV-XF-PRO-B,1,台,4199,"0.0%",4199,4199,已发货,已确认,直销,销售一部,陈静,"2025-11-29",否,"","",厦门影立方制作有限公司,QT-202310-00469,"","2025-10-24",Active
SO0001096,SO-202411-00470,"2025-11-27","10078",厦门影立方制作有限公司,10,P0004,UAV-XF-PRO-B,UAV-XF-PRO-B,3,台,4199,"0.0%",4199,12597,已发货,已确认,直销,销售一部,冯涛,"2025-12-18",否,"","",厦门影立方制作有限公司,QT-202411-00470,"","2025-11-27",Active
SO0001097,SO-202411-00470,"2025-11-27","10078",厦门影立方制作有限公司,20,P0002,UAV-XF-BASIC-PLUS,UAV-XF-BASIC-PLUS,1,台,2299,"0.0%",2299,2299,已发货,已确认,直销,销售一部,冯涛,"2025-11-30",否,"","",厦门影立方制作有限公司,QT-202411-00470,"","2025-11-27",Active
SO0001098,SO-202406-00471,"2025-06-30","10078",厦门影立方制作有限公司,10,P0005,UAV-XF-PRO-C,UAV-XF-PRO-C,4,台,4599,"0.0%",4599,18396,已发货,已确认,直销,销售一部,袁琳,"2025-08-24",否,"","",厦门影立方制作有限公司,"","","2025-06-30",Active
SO0001099,SO-202406-00471,"2025-06-30","10078",厦门影立方制作有限公司,20,P0002,UAV-XF-BASIC-PLUS,UAV-XF-BASIC-PLUS,2,台,2299,"0.0%",2299,4598,已发货,已确认,直销,销售一部,袁琳,"2025-08-08",否,"","",厦门影立方制作有限公司,"","","2025-06-30",Active
SO0001100,SO-202310-00472,"2025-10-14","10078",厦门影立方制作有限公司,10,P0005,UAV-XF-PRO-C,UAV-XF-PRO-C,4,台,4599,"0.0%",4599,18396,已发货,已确认,直销,销售一部,蒋敏,"2025-11-20",否,"","",厦门影立方制作有限公司,"","","2025-10-14",Active
SO0001101,SO-202410-00473,"2025-10-12","10078",厦门影立方制作有限公司,10,P0002,UAV-XF-BASIC-PLUS,UAV-XF-BASIC-PLUS,15,台,2299,"9.9%",2071,31071,已发货,已确认,项目销售,销售一部,吴磊,"2025-11-08",否,HT-2024-165,厦门影立方制作有限公司设备采购项目,厦门影立方制作有限公司,QT-202410-00537,"","2025-10-12",Active
SO0001102,SO-202410-00473,"2025-10-12","10078",厦门影立方制作有限公司,20,P0004,UAV-XF-PRO-B,UAV-XF-PRO-B,23,台,4199,"7.5%",3884,89334,已发货,已确认,项目销售,销售一部,吴磊,"2025-11-28",否,HT-2024-165,厦门影立方制作有限公司设备采购项目,厦门影立方制作有限公司,QT-202410-00537,"","2025-10-12",Active
SO0001103,SO-202410-00473,"2025-10-12","10078",厦门影立方制作有限公司,30,P0003,UAV-XF-PRO-A,UAV-XF-PRO-A,27,台,3799,"4.9%",3613,97547,已发货,已确认,项目销售,销售一部,吴磊,"2025-11-14",否,HT-2024-165,厦门影立方制作有限公司设备采购项目,厦门影立方制作有限公司,QT-202410-00537,"","2025-10-12",Active
SO0001104,SO-202410-00473,"2025-10-12","10078",厦门影立方制作有限公司,40,P0005,UAV-XF-PRO-C,UAV-XF-PRO-C,29,台,4599,"5.5%",4346,126035,已发货,已确认,项目销售,销售一部,吴磊,"2025-11-07",否,HT-2024-165,厦门影立方制作有限公司设备采购项目,厦门影立方制作有限公司,QT-202410-00537,"","2025-10-12",Active
SO0001105,SO-202312-00474,"2025-12-03","10078",厦门影立方制作有限公司,10,P0003,UAV-XF-PRO-A,UAV-XF-PRO-A,27,台,3799,"5.2%",3601,97239,已发货,已确认,项目销售,销售一部,张伟,"2025-12-06",否,HT-2023-312,厦门影立方制作有限公司设备采购项目,厦门影立方制作有限公司,QT-202311-00514,"","2025-12-03",Active
SO0001106,SO-202312-00474,"2025-12-03","10078",厦门影立方制作有限公司,20,P0002,UAV-XF-BASIC-PLUS,UAV-XF-BASIC-PLUS,17,台,2299,"3.2%",2225,37832,已发货,已确认,项目销售,销售一部,张伟,"2025-12-27",否,HT-2023-312,厦门影立方制作有限公司设备采购项目,厦门影立方制作有限公司,QT-202311-00514,"","2025-12-03",Active
SO0001107,SO-202312-00474,"2025-12-03","10078",厦门影立方制作有限公司,30,P0005,UAV-XF-PRO-C,UAV-XF-PRO-C,27,台,4599,"7.3%",4263,115108,已发货,已确认,项目销售,销售一部,张伟,"2025-12-06",否,HT-2023-312,厦门影立方制作有限公司设备采购项目,厦门影立方制作有限公司,QT-202311-00514,"","2025-12-03",Active
SO0001108,SO-202312-00474,"2025-12-03","10078",厦门影立方制作有限公司,40,P0004,UAV-XF-PRO-B,UAV-XF-PRO-B,17,台,4199,"8.9%",3825,65030,已发货,已确认,项目销售,销售一部,张伟,"2025-12-06",否,HT-2023-312,厦门影立方制作有限公司设备采购项目,厦门影立方制作有限公司,QT-202311-00514,"","2025-12-03",Active
SO0001109,SO-202402-00475,"2025-02-28","10078",厦门影立方制作有限公司,10,P0005,UAV-XF-PRO-C,UAV-XF-PRO-C,23,台,4599,"2.2%",4498,103450,已发货,已确认,项目销售,销售一部,谢文,"2025-04-03",否,HT-2024-276,"2024年北京市影视传媒项目",厦门影立方制作有限公司,QT-202402-00475,"","2025-02-28",Active
SO0001110,SO-202402-00475,"2025-02-28","10078",厦门影立方制作有限公司,20,P0002,UAV-XF-BASIC-PLUS,UAV-XF-BASIC-PLUS,12,台,2299,"6.5%",2150,25795,已发货,已确认,项目销售,销售一部,谢文,"2025-03-16",否,HT-2024-276,"2024年北京市影视传媒项目",厦门影立方制作有限公司,QT-202402-00475,"","2025-02-28",Active
SO0001111,SO-202411-00476,"2025-11-19","10079",天津光影工场广告文化传播有限公司,10,P0004,UAV-XF-PRO-B,UAV-XF-PRO-B,3,台,4199,"0.0%",4199,12597,已取消,已取消,直销,销售一部,赵敏,"2025-12-05",否,"","",天津光影工场广告文化传播有限公司,QT-202411-00476,"","2025-11-19",Active
SO0001112,SO-202412-00477,"2025-12-14","10079",天津光影工场广告文化传播有限公司,10,P0004,UAV-XF-PRO-B,UAV-XF-PRO-B,2,台,4199,"0.0%",4199,8398,已发货,已确认,直销,销售一部,张伟,"2025-12-17",否,"","",天津光影工场广告文化传播有限公司,QT-202412-00477,"","2025-12-14",Active
SO0001113,SO-202412-00477,"2025-12-14","10079",天津光影工场广告文化传播有限公司,20,P0005,UAV-XF-PRO-C,UAV-XF-PRO-C,2,台,4599,"0.0%",4599,9198,已发货,已确认,直销,销售一部,张伟,"2025-12-17",否,"","",天津光影工场广告文化传播有限公司,QT-202412-00477,"","2025-12-14",Active
SO0001114,SO-202301-00478,"2025-01-21","10079",天津光影工场广告文化传播有限公司,10,P0004,UAV-XF-PRO-B,UAV-XF-PRO-B,12,台,4199,"2.3%",4102,49229,已发货,已确认,项目销售,销售一部,吴磊,"2025-03-16",否,HT-2023-047,重庆市影视制作应用项目,天津光影工场广告文化传播有限公司,QT-202301-00478,"","2025-01-21",Active
SO0001115,SO-202301-00478,"2025-01-21","10079",天津光影工场广告文化传播有限公司,20,P0003,UAV-XF-PRO-A,UAV-XF-PRO-A,20,台,3799,"3.3%",3674,73473,已发货,已确认,项目销售,销售一部,吴磊,"2025-03-03",否,HT-2023-047,重庆市影视制作应用项目,天津光影工场广告文化传播有限公司,QT-202301-00478,"","2025-01-21",Active
SO0001116,SO-202301-00478,"2025-01-21","10079",天津光影工场广告文化传播有限公司,30,P0002,UAV-XF-BASIC-PLUS,UAV-XF-BASIC-PLUS,22,台,2299,"5.6%",2170,47746,已发货,已确认,项目销售,销售一部,吴磊,"2025-03-13",否,HT-2023-047,重庆市影视制作应用项目,天津光影工场广告文化传播有限公司,QT-202301-00478,"","2025-01-21",Active
SO0001117,SO-202405-00479,"2025-05-20","10079",天津光影工场广告文化传播有限公司,10,P0002,UAV-XF-BASIC-PLUS,UAV-XF-BASIC-PLUS,2,台,2299,"0.0%",2299,4598,已发货,已确认,直销,销售一部,钱进,"2025-07-07",否,"","",天津光影工场广告文化传播有限公司,QT-202405-00479,"","2025-05-20",Active
SO0001118,SO-202304-00480,"2025-04-24","10080",哈尔滨光影工场影视文化有限公司,10,P0002,UAV-XF-BASIC-PLUS,UAV-XF-BASIC-PLUS,30,台,2299,"3.6%",2216,66487,已发货,已确认,项目销售,销售一部,吴磊,"2025-06-05",否,HT-2023-100,郑州市影视制作应用项目,哈尔滨光影工场影视文化有限公司,QT-202304-00590,"","2025-04-24",Active
SO0001119,SO-202304-00480,"2025-04-24","10080",哈尔滨光影工场影视文化有限公司,20,P0005,UAV-XF-PRO-C,UAV-XF-PRO-C,16,台,4599,"7.1%",4272,68360,已发货,已确认,项目销售,销售一部,吴磊,"2025-05-24",否,HT-2023-100,郑州市影视制作应用项目,哈尔滨光影工场影视文化有限公司,QT-202304-00590,"","2025-04-24",Active
SO0001120,SO-202304-00480,"2025-04-24","10080",哈尔滨光影工场影视文化有限公司,30,P0004,UAV-XF-PRO-B,UAV-XF-PRO-B,15,台,4199,"5.7%",3960,59395,已发货,已确认,项目销售,销售一部,吴磊,"2025-05-13",否,HT-2023-100,郑州市影视制作应用项目,哈尔滨光影工场影视文化有限公司,QT-202304-00590,"","2025-04-24",Active
SO0001121,SO-202304-00480,"2025-04-24","10080",哈尔滨光影工场影视文化有限公司,40,P0003,UAV-XF-PRO-A,UAV-XF-PRO-A,27,台,3799,"8.9%",3461,93444,已发货,已确认,项目销售,销售一部,吴磊,"2025-06-22",否,HT-2023-100,郑州市影视制作应用项目,哈尔滨光影工场影视文化有限公司,QT-202304-00590,"","2025-04-24",Active
SO0001122,SO-202303-00481,"2025-03-08","10080",哈尔滨光影工场影视文化有限公司,10,P0004,UAV-XF-PRO-B,UAV-XF-PRO-B,1,台,4199,"0.0%",4199,4199,已发货,已确认,直销,销售一部,刘洋,"2025-04-24",否,"","",哈尔滨光影工场影视文化有限公司,"","","2025-03-08",Active
SO0001123,SO-202301-00482,"2025-01-24","10080",哈尔滨光影工场影视文化有限公司,10,P0005,UAV-XF-PRO-C,UAV-XF-PRO-C,27,台,4599,"4.4%",4397,118709,已发货,已确认,项目销售,销售一部,谢文,"2025-03-15",否,HT-2023-233,"2023年郑州市影视传媒项目",哈尔滨光影工场影视文化有限公司,QT-202301-00589,"","2025-01-24",Active
SO0001124,SO-202301-00482,"2025-01-24","10080",哈尔滨光影工场影视文化有限公司,20,P0003,UAV-XF-PRO-A,UAV-XF-PRO-A,12,台,3799,"6.3%",3560,42716,已发货,已确认,项目销售,销售一部,谢文,"2025-03-16",否,HT-2023-233,"2023年郑州市影视传媒项目",哈尔滨光影工场影视文化有限公司,QT-202301-00589,"","2025-01-24",Active
SO0001125,SO-202301-00482,"2025-01-24","10080",哈尔滨光影工场影视文化有限公司,30,P0002,UAV-XF-BASIC-PLUS,UAV-XF-BASIC-PLUS,6,台,2299,"0.0%",2299,13794,已发货,已确认,项目销售,销售一部,谢文,"2025-03-09",否,HT-2023-233,"2023年郑州市影视传媒项目",哈尔滨光影工场影视文化有限公司,QT-202301-00589,"","2025-01-24",Active
SO0001126,SO-202301-00482,"2025-01-24","10080",哈尔滨光影工场影视文化有限公司,40,P0004,UAV-XF-PRO-B,UAV-XF-PRO-B,24,台,4199,"6.5%",3926,94226,已发货,已确认,项目销售,销售一部,谢文,"2025-03-17",否,HT-2023-233,"2023年郑州市影视传媒项目",哈尔滨光影工场影视文化有限公司,QT-202301-00589,"","2025-01-24",Active
SO0001127,SO-202410-00483,"2025-10-27","10080",哈尔滨光影工场影视文化有限公司,10,P0003,UAV-XF-PRO-A,UAV-XF-PRO-A,1,台,3799,"0.0%",3799,3799,已发货,已确认,直销,销售一部,李娜,"2025-12-16",否,"","",哈尔滨光影工场影视文化有限公司,"","","2025-10-27",Active
SO0001128,SO-202410-00483,"2025-10-27","10080",哈尔滨光影工场影视文化有限公司,20,P0002,UAV-XF-BASIC-PLUS,UAV-XF-BASIC-PLUS,4,台,2299,"0.0%",2299,9196,已发货,已确认,直销,销售一部,李娜,"2025-12-16",否,"","",哈尔滨光影工场影视文化有限公司,"","","2025-10-27",Active
SO0001129,SO-202405-00484,"2025-05-22","10081",深圳影像制作文化传播有限公司,10,P0005,UAV-XF-PRO-C,UAV-XF-PRO-C,27,台,4599,"8.8%",4194,113246,已发货,已确认,项目销售,销售一部,钱进,"2025-07-19",否,HT-2024-115,"2024年郑州市影视传媒项目",深圳影像制作文化传播有限公司,QT-202405-00547,"","2025-05-22",Active
SO0001130,SO-202405-00484,"2025-05-22","10081",深圳影像制作文化传播有限公司,20,P0004,UAV-XF-PRO-B,UAV-XF-PRO-B,16,台,4199,"9.5%",3800,60802,已发货,已确认,项目销售,销售一部,钱进,"2025-06-23",否,HT-2024-115,"2024年郑州市影视传媒项目",深圳影像制作文化传播有限公司,QT-202405-00547,"","2025-05-22",Active
SO0001131,SO-202311-00485,"2025-11-20","10081",深圳影像制作文化传播有限公司,10,P0003,UAV-XF-PRO-A,UAV-XF-PRO-A,5,台,3799,"0.0%",3799,18995,已发货,已确认,直销,销售一部,张伟,"2025-11-23",否,"","",深圳影像制作文化传播有限公司,QT-202311-00485,"","2025-11-20",Active
SO0001132,SO-202311-00485,"2025-11-20","10081",深圳影像制作文化传播有限公司,20,P0005,UAV-XF-PRO-C,UAV-XF-PRO-C,4,台,4599,"0.0%",4599,18396,已发货,已确认,直销,销售一部,张伟,"2025-11-23",否,"","",深圳影像制作文化传播有限公司,QT-202311-00485,"","2025-11-20",Active
SO0001133,SO-202412-00486,"2025-12-07","10081",深圳影像制作文化传播有限公司,10,P0002,UAV-XF-BASIC-PLUS,UAV-XF-BASIC-PLUS,2,台,2299,"0.0%",2299,4598,已发货,已确认,直销,销售一部,蒋敏,"2025-12-10",否,"","",深圳影像制作文化传播有限公司,QT-202412-00486,"","2025-12-07",Active
SO0001134,SO-202410-00487,"2025-10-02","10081",深圳影像制作文化传播有限公司,10,P0005,UAV-XF-PRO-C,UAV-XF-PRO-C,3,台,4599,"0.0%",4599,13797,已发货,已确认,直销,销售一部,赵敏,"2025-11-07",否,"","",深圳影像制作文化传播有限公司,QT-202410-00487,"","2025-10-02",Active
SO0001135,SO-202410-00487,"2025-10-02","10081",深圳影像制作文化传播有限公司,20,P0002,UAV-XF-BASIC-PLUS,UAV-XF-BASIC-PLUS,2,台,2299,"0.0%",2299,4598,已发货,已确认,直销,销售一部,赵敏,"2025-11-22",否,"","",深圳影像制作文化传播有限公司,QT-202410-00487,"","2025-10-02",Active
SO0001136,SO-202309-00488,"2025-09-02","10082",西安影动广告有限公司,10,P0004,UAV-XF-PRO-B,UAV-XF-PRO-B,5,台,4199,"0.0%",4199,20995,已发货,已确认,直销,销售一部,孙丽,"2025-10-07",否,"","",西安影动广告有限公司,"","","2025-09-02",Active
SO0001137,SO-202309-00488,"2025-09-02","10082",西安影动广告有限公司,20,P0005,UAV-XF-PRO-C,UAV-XF-PRO-C,1,台,4599,"0.0%",4599,4599,已发货,已确认,直销,销售一部,孙丽,"2025-10-26",否,"","",西安影动广告有限公司,"","","2025-09-02",Active
SO0001138,SO-202409-00489,"2025-09-26","10082",西安影动广告有限公司,10,P0005,UAV-XF-PRO-C,UAV-XF-PRO-C,5,台,4599,"0.0%",4599,22995,已发货,已确认,直销,销售一部,韩雪,"2025-10-18",否,"","",西安影动广告有限公司,"","","2025-09-26",Active
SO0001139,SO-202401-00490,"2025-01-22","10082",西安影动广告有限公司,10,P0003,UAV-XF-PRO-A,UAV-XF-PRO-A,18,台,3799,"4.2%",3639,65510,已发货,已确认,项目销售,销售一部,孙丽,"2025-02-18",否,HT-2024-471,西安影动广告有限公司设备采购项目,西安影动广告有限公司,QT-202401-00569,"","2025-01-22",Active
SO0001140,SO-202401-00490,"2025-01-22","10082",西安影动广告有限公司,20,P0005,UAV-XF-PRO-C,UAV-XF-PRO-C,12,台,4599,"2.2%",4498,53974,已发货,已确认,项目销售,销售一部,孙丽,"2025-02-17",否,HT-2024-471,西安影动广告有限公司设备采购项目,西安影动广告有限公司,QT-202401-00569,"","2025-01-22",Active
SO0001141,SO-202403-00491,"2025-03-18","10082",西安影动广告有限公司,10,P0003,UAV-XF-PRO-A,UAV-XF-PRO-A,4,台,3799,"0.0%",3799,15196,已发货,已确认,直销,销售一部,王强,"2025-04-09",否,"","",西安影动广告有限公司,"","","2025-03-18",Active
SO0001142,SO-202308-00492,"2025-08-27","10083",广州光影时代传媒文化传播有限公司,10,P0003,UAV-XF-PRO-A,UAV-XF-PRO-A,30,台,3799,"10.9%",3385,101547,已发货,已确认,项目销售,销售一部,贾斌,"2025-10-25",否,HT-2023-451,济南市影视制作应用项目,广州光影时代传媒文化传播有限公司,QT-202308-00343,"","2025-08-27",Active
SO0001143,SO-202308-00492,"2025-08-27","10083",广州光影时代传媒文化传播有限公司,20,P0002,UAV-XF-BASIC-PLUS,UAV-XF-BASIC-PLUS,20,台,2299,"13.6%",1986,39727,已发货,已确认,项目销售,销售一部,贾斌,"2025-10-02",否,HT-2023-451,济南市影视制作应用项目,广州光影时代传媒文化传播有限公司,QT-202308-00343,"","2025-08-27",Active
SO0001144,SO-202308-00492,"2025-08-27","10083",广州光影时代传媒文化传播有限公司,30,P0004,UAV-XF-PRO-B,UAV-XF-PRO-B,10,台,4199,"14.0%",3611,36111,已发货,已确认,项目销售,销售一部,贾斌,"2025-10-03",否,HT-2023-451,济南市影视制作应用项目,广州光影时代传媒文化传播有限公司,QT-202308-00343,"","2025-08-27",Active
SO0001145,SO-202308-00492,"2025-08-27","10083",广州光影时代传媒文化传播有限公司,40,P0005,UAV-XF-PRO-C,UAV-XF-PRO-C,10,台,4599,"7.9%",4236,42357,已发货,已确认,项目销售,销售一部,贾斌,"2025-09-27",否,HT-2023-451,济南市影视制作应用项目,广州光影时代传媒文化传播有限公司,QT-202308-00343,"","2025-08-27",Active
SO0001146,SO-202411-00493,"2025-11-22","10083",广州光影时代传媒文化传播有限公司,10,P0003,UAV-XF-PRO-A,UAV-XF-PRO-A,11,台,3799,"12.7%",3317,36482,已发货,已确认,项目销售,销售一部,张伟,"2025-11-25",否,HT-2024-305,济南市影视制作应用项目,广州光影时代传媒文化传播有限公司,QT-202411-00579,"","2025-11-22",Active
SO0001147,SO-202411-00493,"2025-11-22","10083",广州光影时代传媒文化传播有限公司,20,P0002,UAV-XF-BASIC-PLUS,UAV-XF-BASIC-PLUS,25,台,2299,"14.2%",1973,49314,已发货,已确认,项目销售,销售一部,张伟,"2025-11-25",否,HT-2024-305,济南市影视制作应用项目,广州光影时代传媒文化传播有限公司,QT-202411-00579,"","2025-11-22",Active
SO0001148,SO-202411-00493,"2025-11-22","10083",广州光影时代传媒文化传播有限公司,30,P0004,UAV-XF-PRO-B,UAV-XF-PRO-B,29,台,4199,"14.1%",3607,104601,已发货,已确认,项目销售,销售一部,张伟,"2025-12-23",否,HT-2024-305,济南市影视制作应用项目,广州光影时代传媒文化传播有限公司,QT-202411-00579,"","2025-11-22",Active
SO0001149,SO-202411-00493,"2025-11-22","10083",广州光影时代传媒文化传播有限公司,40,P0005,UAV-XF-PRO-C,UAV-XF-PRO-C,5,台,4599,"6.2%",4314,21569,已发货,已确认,项目销售,销售一部,张伟,"2025-12-10",否,HT-2024-305,济南市影视制作应用项目,广州光影时代传媒文化传播有限公司,QT-202411-00579,"","2025-11-22",Active
SO0001150,SO-202305-00494,"2025-05-10","10083",广州光影时代传媒文化传播有限公司,10,P0005,UAV-XF-PRO-C,UAV-XF-PRO-C,10,台,4599,"15.0%",3909,39092,已发货,已确认,项目销售,销售一部,曹磊,"2025-06-27",否,HT-2023-125,"2023年济南市影视传媒项目",广州光影时代传媒文化传播有限公司,QT-202305-00494,"","2025-05-10",Active
SO0001151,SO-202305-00494,"2025-05-10","10083",广州光影时代传媒文化传播有限公司,20,P0003,UAV-XF-PRO-A,UAV-XF-PRO-A,5,台,3799,"15.0%",3229,16146,已发货,已确认,项目销售,销售一部,曹磊,"2025-06-18",否,HT-2023-125,"2023年济南市影视传媒项目",广州光影时代传媒文化传播有限公司,QT-202305-00494,"","2025-05-10",Active
SO0001152,SO-202408-00495,"2025-08-21","10083",广州光影时代传媒文化传播有限公司,10,P0003,UAV-XF-PRO-A,UAV-XF-PRO-A,10,台,3799,"13.1%",3301,33013,已发货,已确认,项目销售,销售一部,蒋敏,"2025-10-14",否,HT-2024-278,"2024年济南市影视传媒项目",广州光影时代传媒文化传播有限公司,QT-202408-00525,"","2025-08-21",Active
SO0001153,SO-202408-00495,"2025-08-21","10083",广州光影时代传媒文化传播有限公司,20,P0005,UAV-XF-PRO-C,UAV-XF-PRO-C,20,台,4599,"13.2%",3992,79839,已发货,已确认,项目销售,销售一部,蒋敏,"2025-09-18",否,HT-2024-278,"2024年济南市影视传媒项目",广州光影时代传媒文化传播有限公司,QT-202408-00525,"","2025-08-21",Active
SO0001154,SO-202408-00495,"2025-08-21","10083",广州光影时代传媒文化传播有限公司,30,P0004,UAV-XF-PRO-B,UAV-XF-PRO-B,16,台,4199,"14.0%",3611,57778,已发货,已确认,项目销售,销售一部,蒋敏,"2025-10-18",否,HT-2024-278,"2024年济南市影视传媒项目",广州光影时代传媒文化传播有限公司,QT-202408-00525,"","2025-08-21",Active
SO0001155,SO-202408-00495,"2025-08-21","10083",广州光影时代传媒文化传播有限公司,40,P0002,UAV-XF-BASIC-PLUS,UAV-XF-BASIC-PLUS,9,台,2299,"9.0%",2092,18829,已发货,已确认,项目销售,销售一部,蒋敏,"2025-10-11",否,HT-2024-278,"2024年济南市影视传媒项目",广州光影时代传媒文化传播有限公司,QT-202408-00525,"","2025-08-21",Active
SO0001156,SO-202312-00496,"2025-12-18","10083",广州光影时代传媒文化传播有限公司,10,P0002,UAV-XF-BASIC-PLUS,UAV-XF-BASIC-PLUS,21,台,2299,"13.5%",1989,41761,已发货,已确认,项目销售,销售一部,郑海,"2025-12-21",否,HT-2023-030,"2023年济南市影视传媒项目",广州光影时代传媒文化传播有限公司,QT-202312-00598,"","2025-12-18",Active
SO0001157,SO-202312-00496,"2025-12-18","10083",广州光影时代传媒文化传播有限公司,20,P0005,UAV-XF-PRO-C,UAV-XF-PRO-C,5,台,4599,"8.8%",4194,20971,已发货,已确认,项目销售,销售一部,郑海,"2025-12-21",否,HT-2023-030,"2023年济南市影视传媒项目",广州光影时代传媒文化传播有限公司,QT-202312-00598,"","2025-12-18",Active
SO0001158,SO-202312-00496,"2025-12-18","10083",广州光影时代传媒文化传播有限公司,30,P0003,UAV-XF-PRO-A,UAV-XF-PRO-A,30,台,3799,"5.6%",3586,107588,已发货,已确认,项目销售,销售一部,郑海,"2025-12-21",否,HT-2023-030,"2023年济南市影视传媒项目",广州光影时代传媒文化传播有限公司,QT-202312-00598,"","2025-12-18",Active
SO0001159,SO-202307-00497,"2025-07-25","10083",广州光影时代传媒文化传播有限公司,10,P0003,UAV-XF-PRO-A,UAV-XF-PRO-A,5,台,3799,"6.0%",3571,17855,已发货,已确认,直销,销售一部,杨帆,"2025-09-09",否,"","",广州光影时代传媒文化传播有限公司,QT-202307-00514,"","2025-07-25",Active
SO0001160,SO-202307-00497,"2025-07-25","10083",广州光影时代传媒文化传播有限公司,20,P0004,UAV-XF-PRO-B,UAV-XF-PRO-B,6,台,4199,"9.0%",3821,22927,已发货,已确认,直销,销售一部,杨帆,"2025-09-17",否,"","",广州光影时代传媒文化传播有限公司,QT-202307-00514,"","2025-07-25",Active
SO0001161,SO-202307-00497,"2025-07-25","10083",广州光影时代传媒文化传播有限公司,30,P0002,UAV-XF-BASIC-PLUS,UAV-XF-BASIC-PLUS,8,台,2299,"5.6%",2170,17362,已发货,已确认,直销,销售一部,杨帆,"2025-09-20",否,"","",广州光影时代传媒文化传播有限公司,QT-202307-00514,"","2025-07-25",Active
SO0001162,SO-202408-00498,"2025-08-15","10083",广州光影时代传媒文化传播有限公司,10,P0002,UAV-XF-BASIC-PLUS,UAV-XF-BASIC-PLUS,12,台,2299,"11.3%",2039,24471,已发货,已确认,项目销售,销售一部,袁琳,"2025-09-14",否,HT-2024-449,"2024年济南市影视传媒项目",广州光影时代传媒文化传播有限公司,QT-202408-00526,"","2025-08-15",Active
SO0001163,SO-202408-00498,"2025-08-15","10083",广州光影时代传媒文化传播有限公司,20,P0003,UAV-XF-PRO-A,UAV-XF-PRO-A,20,台,3799,"13.1%",3301,66027,已发货,已确认,项目销售,销售一部,袁琳,"2025-09-24",否,HT-2024-449,"2024年济南市影视传媒项目",广州光影时代传媒文化传播有限公司,QT-202408-00526,"","2025-08-15",Active
SO0001164,SO-202408-00498,"2025-08-15","10083",广州光影时代传媒文化传播有限公司,30,P0005,UAV-XF-PRO-C,UAV-XF-PRO-C,6,台,4599,"11.4%",4075,24448,已发货,已确认,项目销售,销售一部,袁琳,"2025-09-29",否,HT-2024-449,"2024年济南市影视传媒项目",广州光影时代传媒文化传播有限公司,QT-202408-00526,"","2025-08-15",Active
SO0001165,SO-202408-00498,"2025-08-15","10083",广州光影时代传媒文化传播有限公司,40,P0004,UAV-XF-PRO-B,UAV-XF-PRO-B,30,台,4199,"6.6%",3922,117656,已发货,已确认,项目销售,销售一部,袁琳,"2025-10-11",否,HT-2024-449,"2024年济南市影视传媒项目",广州光影时代传媒文化传播有限公司,QT-202408-00526,"","2025-08-15",Active
SO0001166,SO-202412-00499,"2025-12-10","10083",广州光影时代传媒文化传播有限公司,10,P0003,UAV-XF-PRO-A,UAV-XF-PRO-A,25,台,3799,"11.8%",3351,83768,已发货,已确认,项目销售,销售一部,周杰,"2025-12-13",否,HT-2024-418,广州光影时代传媒文化传播有限公司设备采购项目,广州光影时代传媒文化传播有限公司,QT-202411-00586,"","2025-12-10",Active
SO0001167,SO-202412-00499,"2025-12-10","10083",广州光影时代传媒文化传播有限公司,20,P0005,UAV-XF-PRO-C,UAV-XF-PRO-C,23,台,4599,"9.2%",4176,96045,已发货,已确认,项目销售,销售一部,周杰,"2025-12-13",否,HT-2024-418,广州光影时代传媒文化传播有限公司设备采购项目,广州光影时代传媒文化传播有限公司,QT-202411-00586,"","2025-12-10",Active
SO0001168,SO-202301-00500,"2025-01-07","10083",广州光影时代传媒文化传播有限公司,10,P0004,UAV-XF-PRO-B,UAV-XF-PRO-B,19,台,4199,"7.4%",3888,73877,已发货,已确认,项目销售,销售一部,钱进,"2025-02-09",否,HT-2023-226,"2023年济南市影视传媒项目",广州光影时代传媒文化传播有限公司,QT-202301-00500,"","2025-01-07",Active
SO0001169,SO-202301-00500,"2025-01-07","10083",广州光影时代传媒文化传播有限公司,20,P0002,UAV-XF-BASIC-PLUS,UAV-XF-BASIC-PLUS,25,台,2299,"10.7%",2053,51325,已发货,已确认,项目销售,销售一部,钱进,"2025-02-18",否,HT-2023-226,"2023年济南市影视传媒项目",广州光影时代传媒文化传播有限公司,QT-202301-00500,"","2025-01-07",Active
SO0001170,SO-202301-00500,"2025-01-07","10083",广州光影时代传媒文化传播有限公司,30,P0005,UAV-XF-PRO-C,UAV-XF-PRO-C,17,台,4599,"14.2%",3946,67081,已发货,已确认,项目销售,销售一部,钱进,"2025-01-23",否,HT-2023-226,"2023年济南市影视传媒项目",广州光影时代传媒文化传播有限公司,QT-202301-00500,"","2025-01-07",Active
SO0001171,SO-202301-00500,"2025-01-07","10083",广州光影时代传媒文化传播有限公司,40,P0003,UAV-XF-PRO-A,UAV-XF-PRO-A,20,台,3799,"14.0%",3267,65343,已发货,已确认,项目销售,销售一部,钱进,"2025-02-26",否,HT-2023-226,"2023年济南市影视传媒项目",广州光影时代传媒文化传播有限公司,QT-202301-00500,"","2025-01-07",Active
SO0001172,SO-202310-00501,"2025-10-18","10083",广州光影时代传媒文化传播有限公司,10,P0002,UAV-XF-BASIC-PLUS,UAV-XF-BASIC-PLUS,29,台,2299,"8.2%",2110,61204,已发货,已确认,项目销售,销售一部,陈静,"2025-11-05",否,HT-2023-126,"2023年济南市影视传媒项目",广州光影时代传媒文化传播有限公司,QT-202310-00501,"","2025-10-18",Active
SO0001173,SO-202310-00501,"2025-10-18","10083",广州光影时代传媒文化传播有限公司,20,P0004,UAV-XF-PRO-B,UAV-XF-PRO-B,21,台,4199,"6.7%",3918,82271,已发货,已确认,项目销售,销售一部,陈静,"2025-11-14",否,HT-2023-126,"2023年济南市影视传媒项目",广州光影时代传媒文化传播有限公司,QT-202310-00501,"","2025-10-18",Active
SO0001174,SO-202310-00501,"2025-10-18","10083",广州光影时代传媒文化传播有限公司,30,P0005,UAV-XF-PRO-C,UAV-XF-PRO-C,7,台,4599,"11.9%",4052,28362,已发货,已确认,项目销售,销售一部,陈静,"2025-12-09",否,HT-2023-126,"2023年济南市影视传媒项目",广州光影时代传媒文化传播有限公司,QT-202310-00501,"","2025-10-18",Active
SO0001175,SO-202310-00501,"2025-10-18","10083",广州光影时代传媒文化传播有限公司,40,P0003,UAV-XF-PRO-A,UAV-XF-PRO-A,28,台,3799,"6.0%",3571,99990,已发货,已确认,项目销售,销售一部,陈静,"2025-12-06",否,HT-2023-126,"2023年济南市影视传媒项目",广州光影时代传媒文化传播有限公司,QT-202310-00501,"","2025-10-18",Active
SO0001176,SO-202309-00502,"2025-09-26","10083",广州光影时代传媒文化传播有限公司,10,P0005,UAV-XF-PRO-C,UAV-XF-PRO-C,22,台,4599,"14.7%",3923,86305,已发货,已确认,项目销售,销售一部,赵敏,"2025-10-30",否,HT-2023-057,广州光影时代传媒文化传播有限公司设备采购项目,广州光影时代传媒文化传播有限公司,QT-202309-00539,"","2025-09-26",Active
SO0001177,SO-202309-00502,"2025-09-26","10083",广州光影时代传媒文化传播有限公司,20,P0002,UAV-XF-BASIC-PLUS,UAV-XF-BASIC-PLUS,17,台,2299,"13.1%",1998,33963,已发货,已确认,项目销售,销售一部,赵敏,"2025-11-14",否,HT-2023-057,广州光影时代传媒文化传播有限公司设备采购项目,广州光影时代传媒文化传播有限公司,QT-202309-00539,"","2025-09-26",Active
SO0001178,SO-202309-00502,"2025-09-26","10083",广州光影时代传媒文化传播有限公司,30,P0003,UAV-XF-PRO-A,UAV-XF-PRO-A,6,台,3799,"6.8%",3541,21244,已发货,已确认,项目销售,销售一部,赵敏,"2025-11-23",否,HT-2023-057,广州光影时代传媒文化传播有限公司设备采购项目,广州光影时代传媒文化传播有限公司,QT-202309-00539,"","2025-09-26",Active
SO0001179,SO-202401-00503,"2025-01-14","10083",广州光影时代传媒文化传播有限公司,10,P0004,UAV-XF-PRO-B,UAV-XF-PRO-B,11,台,4199,"14.0%",3611,39723,已发货,已确认,项目销售,销售一部,钱进,"2025-02-09",否,HT-2024-452,广州光影时代传媒文化传播有限公司设备采购项目,广州光影时代传媒文化传播有限公司,QT-202401-00503,"","2025-01-14",Active
SO0001180,SO-202401-00503,"2025-01-14","10083",广州光影时代传媒文化传播有限公司,20,P0005,UAV-XF-PRO-C,UAV-XF-PRO-C,12,台,4599,"7.9%",4236,50828,已发货,已确认,项目销售,销售一部,钱进,"2025-02-02",否,HT-2024-452,广州光影时代传媒文化传播有限公司设备采购项目,广州光影时代传媒文化传播有限公司,QT-202401-00503,"","2025-01-14",Active
SO0001181,SO-202401-00503,"2025-01-14","10083",广州光影时代传媒文化传播有限公司,30,P0002,UAV-XF-BASIC-PLUS,UAV-XF-BASIC-PLUS,27,台,2299,"13.0%",2000,54004,已发货,已确认,项目销售,销售一部,钱进,"2025-02-11",否,HT-2024-452,广州光影时代传媒文化传播有限公司设备采购项目,广州光影时代传媒文化传播有限公司,QT-202401-00503,"","2025-01-14",Active
SO0001182,SO-202401-00503,"2025-01-14","10083",广州光影时代传媒文化传播有限公司,40,P0003,UAV-XF-PRO-A,UAV-XF-PRO-A,23,台,3799,"8.6%",3472,79863,已发货,已确认,项目销售,销售一部,钱进,"2025-01-29",否,HT-2024-452,广州光影时代传媒文化传播有限公司设备采购项目,广州光影时代传媒文化传播有限公司,QT-202401-00503,"","2025-01-14",Active
SO0001183,SO-202305-00504,"2025-05-14","10083",广州光影时代传媒文化传播有限公司,10,P0002,UAV-XF-BASIC-PLUS,UAV-XF-BASIC-PLUS,27,台,2299,"13.8%",1982,53507,已发货,已确认,项目销售,销售一部,杨帆,"2025-06-16",否,HT-2023-326,"2023年济南市影视传媒项目",广州光影时代传媒文化传播有限公司,QT-202305-00619,"","2025-05-14",Active
SO0001184,SO-202305-00504,"2025-05-14","10083",广州光影时代传媒文化传播有限公司,20,P0003,UAV-XF-PRO-A,UAV-XF-PRO-A,5,台,3799,"6.0%",3571,17855,已发货,已确认,项目销售,销售一部,杨帆,"2025-07-10",否,HT-2023-326,"2023年济南市影视传媒项目",广州光影时代传媒文化传播有限公司,QT-202305-00619,"","2025-05-14",Active
SO0001185,SO-202307-00505,"2025-07-13","10083",广州光影时代传媒文化传播有限公司,10,P0004,UAV-XF-PRO-B,UAV-XF-PRO-B,17,台,4199,"14.6%",3586,60961,已发货,已确认,项目销售,销售一部,谢文,"2025-08-06",否,HT-2023-144,"2023年济南市影视传媒项目",广州光影时代传媒文化传播有限公司,QT-202307-00515,"","2025-07-13",Active
SO0001186,SO-202307-00505,"2025-07-13","10083",广州光影时代传媒文化传播有限公司,20,P0002,UAV-XF-BASIC-PLUS,UAV-XF-BASIC-PLUS,24,台,2299,"12.5%",2012,48279,已发货,已确认,项目销售,销售一部,谢文,"2025-09-08",否,HT-2023-144,"2023年济南市影视传媒项目",广州光影时代传媒文化传播有限公司,QT-202307-00515,"","2025-07-13",Active
SO0001187,SO-202307-00505,"2025-07-13","10083",广州光影时代传媒文化传播有限公司,30,P0003,UAV-XF-PRO-A,UAV-XF-PRO-A,13,台,3799,"6.2%",3563,46325,已发货,已确认,项目销售,销售一部,谢文,"2025-08-24",否,HT-2023-144,"2023年济南市影视传媒项目",广州光影时代传媒文化传播有限公司,QT-202307-00515,"","2025-07-13",Active
SO0001188,SO-202307-00505,"2025-07-13","10083",广州光影时代传媒文化传播有限公司,40,P0005,UAV-XF-PRO-C,UAV-XF-PRO-C,26,台,4599,"9.3%",4171,108454,已发货,已确认,项目销售,销售一部,谢文,"2025-09-06",否,HT-2023-144,"2023年济南市影视传媒项目",广州光影时代传媒文化传播有限公司,QT-202307-00515,"","2025-07-13",Active
SO0001189,SO-202411-00506,"2025-11-10","10084",北京视界文化有限公司,10,P0004,UAV-XF-PRO-B,UAV-XF-PRO-B,27,台,4199,"14.9%",3573,96480,已发货,已确认,项目销售,销售一部,贾斌,"2025-12-21",否,HT-2024-261,北京视界文化有限公司设备采购项目,北京视界文化有限公司,QT-202410-00542,"","2025-11-10",Active
SO0001190,SO-202411-00506,"2025-11-10","10084",北京视界文化有限公司,20,P0005,UAV-XF-PRO-C,UAV-XF-PRO-C,17,台,4599,"12.2%",4038,68645,已发货,已确认,项目销售,销售一部,贾斌,"2025-12-07",否,HT-2024-261,北京视界文化有限公司设备采购项目,北京视界文化有限公司,QT-202410-00542,"","2025-11-10",Active
SO0001191,SO-202411-00506,"2025-11-10","10084",北京视界文化有限公司,30,P0002,UAV-XF-BASIC-PLUS,UAV-XF-BASIC-PLUS,29,台,2299,"10.1%",2067,59937,已发货,已确认,项目销售,销售一部,贾斌,"2025-11-13",否,HT-2024-261,北京视界文化有限公司设备采购项目,北京视界文化有限公司,QT-202410-00542,"","2025-11-10",Active
SO0001192,SO-202411-00506,"2025-11-10","10084",北京视界文化有限公司,40,P0003,UAV-XF-PRO-A,UAV-XF-PRO-A,5,台,3799,"8.7%",3468,17342,已发货,已确认,项目销售,销售一部,贾斌,"2025-12-20",否,HT-2024-261,北京视界文化有限公司设备采购项目,北京视界文化有限公司,QT-202410-00542,"","2025-11-10",Active
SO0001193,SO-202311-00507,"2025-11-26","10084",北京视界文化有限公司,10,P0002,UAV-XF-BASIC-PLUS,UAV-XF-BASIC-PLUS,26,台,2299,"8.1%",2113,54932,已发货,已确认,项目销售,销售一部,钱进,"2025-12-15",否,HT-2023-298,北京视界文化有限公司设备采购项目,北京视界文化有限公司,QT-202311-00507,"","2025-11-26",Active
SO0001194,SO-202311-00507,"2025-11-26","10084",北京视界文化有限公司,20,P0003,UAV-XF-PRO-A,UAV-XF-PRO-A,25,台,3799,"13.9%",3271,81774,已发货,已确认,项目销售,销售一部,钱进,"2025-12-21",否,HT-2023-298,北京视界文化有限公司设备采购项目,北京视界文化有限公司,QT-202311-00507,"","2025-11-26",Active
SO0001195,SO-202307-00508,"2025-07-27","10084",北京视界文化有限公司,10,P0003,UAV-XF-PRO-A,UAV-XF-PRO-A,5,台,3799,"5.6%",3586,17931,已发货,已确认,直销,销售一部,韩雪,"2025-08-27",否,"","",北京视界文化有限公司,QT-202307-00508,"","2025-07-27",Active
SO0001196,SO-202307-00508,"2025-07-27","10084",北京视界文化有限公司,20,P0002,UAV-XF-BASIC-PLUS,UAV-XF-BASIC-PLUS,9,台,2299,"12.2%",2019,18167,已发货,已确认,直销,销售一部,韩雪,"2025-08-29",否,"","",北京视界文化有限公司,QT-202307-00508,"","2025-07-27",Active
SO0001197,SO-202307-00508,"2025-07-27","10084",北京视界文化有限公司,30,P0004,UAV-XF-PRO-B,UAV-XF-PRO-B,7,台,4199,"6.4%",3930,27512,已发货,已确认,直销,销售一部,韩雪,"2025-08-27",否,"","",北京视界文化有限公司,QT-202307-00508,"","2025-07-27",Active
SO0001198,SO-202303-00509,"2025-03-28","10084",北京视界文化有限公司,10,P0003,UAV-XF-PRO-A,UAV-XF-PRO-A,6,台,3799,"5.5%",3590,21540,已发货,已确认,直销,销售一部,刘洋,"2025-05-17",否,"","",北京视界文化有限公司,QT-202303-00613,"","2025-03-28",Active
SO0001199,SO-202303-00509,"2025-03-28","10084",北京视界文化有限公司,20,P0004,UAV-XF-PRO-B,UAV-XF-PRO-B,10,台,4199,"13.0%",3653,36531,已发货,已确认,直销,销售一部,刘洋,"2025-05-15",否,"","",北京视界文化有限公司,QT-202303-00613,"","2025-03-28",Active
SO0001200,SO-202403-00510,"2025-03-12","10084",北京视界文化有限公司,10,P0002,UAV-XF-BASIC-PLUS,UAV-XF-BASIC-PLUS,8,台,2299,"13.9%",1979,15836,已发货,已确认,项目销售,销售一部,韩雪,"2025-03-29",否,HT-2024-196,"2024年厦门市影视传媒项目",北京视界文化有限公司,QT-202403-00510,"","2025-03-12",Active
SO0001201,SO-202403-00510,"2025-03-12","10084",北京视界文化有限公司,20,P0004,UAV-XF-PRO-B,UAV-XF-PRO-B,17,台,4199,"13.2%",3645,61960,已发货,已确认,项目销售,销售一部,韩雪,"2025-05-10",否,HT-2024-196,"2024年厦门市影视传媒项目",北京视界文化有限公司,QT-202403-00510,"","2025-03-12",Active
SO0001202,SO-202410-00511,"2025-10-22","10084",北京视界文化有限公司,10,P0004,UAV-XF-PRO-B,UAV-XF-PRO-B,24,台,4199,"11.3%",3725,89388,已发货,已确认,项目销售,销售一部,王强,"2025-11-15",否,HT-2024-330,"2024年厦门市影视传媒项目",北京视界文化有限公司,QT-202410-00511,"","2025-10-22",Active
SO0001203,SO-202410-00511,"2025-10-22","10084",北京视界文化有限公司,20,P0002,UAV-XF-BASIC-PLUS,UAV-XF-BASIC-PLUS,19,台,2299,"9.0%",2092,39750,已发货,已确认,项目销售,销售一部,王强,"2025-11-08",否,HT-2024-330,"2024年厦门市影视传媒项目",北京视界文化有限公司,QT-202410-00511,"","2025-10-22",Active
SO0001204,SO-202303-00512,"2025-03-15","10084",北京视界文化有限公司,10,P0004,UAV-XF-PRO-B,UAV-XF-PRO-B,6,台,4199,"9.3%",3808,22851,已发货,已确认,项目销售,销售一部,钱进,"2025-04-08",否,HT-2023-155,厦门市婚庆摄影应用项目,北京视界文化有限公司,QT-202303-00614,"","2025-03-15",Active
SO0001205,SO-202303-00512,"2025-03-15","10084",北京视界文化有限公司,20,P0005,UAV-XF-PRO-C,UAV-XF-PRO-C,15,台,4599,"6.4%",4305,64570,已发货,已确认,项目销售,销售一部,钱进,"2025-04-15",否,HT-2023-155,厦门市婚庆摄影应用项目,北京视界文化有限公司,QT-202303-00614,"","2025-03-15",Active
SO0001206,SO-202303-00512,"2025-03-15","10084",北京视界文化有限公司,30,P0002,UAV-XF-BASIC-PLUS,UAV-XF-BASIC-PLUS,10,台,2299,"11.5%",2035,20346,已发货,已确认,项目销售,销售一部,钱进,"2025-04-11",否,HT-2023-155,厦门市婚庆摄影应用项目,北京视界文化有限公司,QT-202303-00614,"","2025-03-15",Active
SO0001207,SO-202305-00513,"2025-05-22","10084",北京视界文化有限公司,10,P0003,UAV-XF-PRO-A,UAV-XF-PRO-A,7,台,3799,"9.9%",3423,23960,已发货,已确认,直销,销售一部,谢文,"2025-06-20",否,"","",北京视界文化有限公司,QT-202305-00620,"","2025-05-22",Active
SO0001208,SO-202305-00513,"2025-05-22","10084",北京视界文化有限公司,20,P0004,UAV-XF-PRO-B,UAV-XF-PRO-B,5,台,4199,"8.7%",3834,19168,已发货,已确认,直销,销售一部,谢文,"2025-06-27",否,"","",北京视界文化有限公司,QT-202305-00620,"","2025-05-22",Active
SO0001209,SO-202305-00513,"2025-05-22","10084",北京视界文化有限公司,30,P0005,UAV-XF-PRO-C,UAV-XF-PRO-C,10,台,4599,"14.7%",3923,39230,已发货,已确认,直销,销售一部,谢文,"2025-07-04",否,"","",北京视界文化有限公司,QT-202305-00620,"","2025-05-22",Active
SO0001210,SO-202305-00513,"2025-05-22","10084",北京视界文化有限公司,40,P0002,UAV-XF-BASIC-PLUS,UAV-XF-BASIC-PLUS,4,台,2299,"6.6%",2147,8589,已发货,已确认,直销,销售一部,谢文,"2025-07-14",否,"","",北京视界文化有限公司,QT-202305-00620,"","2025-05-22",Active
SO0001211,SO-202411-00514,"2025-11-02","10084",北京视界文化有限公司,10,P0004,UAV-XF-PRO-B,UAV-XF-PRO-B,8,台,4199,"8.2%",3855,30837,已发货,已确认,项目销售,销售一部,张伟,"2025-12-13",否,HT-2024-204,"2024年厦门市影视传媒项目",北京视界文化有限公司,QT-202411-00514,"","2025-11-02",Active
SO0001212,SO-202411-00514,"2025-11-02","10084",北京视界文化有限公司,20,P0003,UAV-XF-PRO-A,UAV-XF-PRO-A,21,台,3799,"9.7%",3431,72041,已发货,已确认,项目销售,销售一部,张伟,"2025-12-26",否,HT-2024-204,"2024年厦门市影视传媒项目",北京视界文化有限公司,QT-202411-00514,"","2025-11-02",Active
SO0001213,SO-202411-00514,"2025-11-02","10084",北京视界文化有限公司,30,P0002,UAV-XF-BASIC-PLUS,UAV-XF-BASIC-PLUS,28,台,2299,"13.3%",1993,55810,已发货,已确认,项目销售,销售一部,张伟,"2025-12-07",否,HT-2024-204,"2024年厦门市影视传媒项目",北京视界文化有限公司,QT-202411-00514,"","2025-11-02",Active
SO0001214,SO-202411-00514,"2025-11-02","10084",北京视界文化有限公司,40,P0005,UAV-XF-PRO-C,UAV-XF-PRO-C,16,台,4599,"14.6%",3928,62841,已发货,已确认,项目销售,销售一部,张伟,"2025-11-23",否,HT-2024-204,"2024年厦门市影视传媒项目",北京视界文化有限公司,QT-202411-00514,"","2025-11-02",Active
SO0001215,SO-202308-00515,"2025-08-28","10084",北京视界文化有限公司,10,P0003,UAV-XF-PRO-A,UAV-XF-PRO-A,23,台,3799,"14.4%",3252,74795,已发货,已确认,项目销售,销售一部,曹磊,"2025-10-06",否,HT-2023-175,"2023年厦门市影视传媒项目",北京视界文化有限公司,QT-202308-00344,"","2025-08-28",Active
SO0001216,SO-202308-00515,"2025-08-28","10084",北京视界文化有限公司,20,P0004,UAV-XF-PRO-B,UAV-XF-PRO-B,29,台,4199,"9.3%",3808,110446,已发货,已确认,项目销售,销售一部,曹磊,"2025-09-26",否,HT-2023-175,"2023年厦门市影视传媒项目",北京视界文化有限公司,QT-202308-00344,"","2025-08-28",Active
SO0001217,SO-202308-00515,"2025-08-28","10084",北京视界文化有限公司,30,P0002,UAV-XF-BASIC-PLUS,UAV-XF-BASIC-PLUS,29,台,2299,"8.7%",2099,60871,已发货,已确认,项目销售,销售一部,曹磊,"2025-10-18",否,HT-2023-175,"2023年厦门市影视传媒项目",北京视界文化有限公司,QT-202308-00344,"","2025-08-28",Active
SO0001218,SO-202412-00516,"2025-12-15","10084",北京视界文化有限公司,10,P0003,UAV-XF-PRO-A,UAV-XF-PRO-A,20,台,3799,"5.6%",3586,71725,已发货,已确认,项目销售,销售一部,蒋敏,"2025-12-18",否,HT-2024-296,"2024年厦门市影视传媒项目",北京视界文化有限公司,QT-202412-00516,"","2025-12-15",Active
SO0001219,SO-202412-00516,"2025-12-15","10084",北京视界文化有限公司,20,P0005,UAV-XF-PRO-C,UAV-XF-PRO-C,17,台,4599,"12.2%",4038,68645,已发货,已确认,项目销售,销售一部,蒋敏,"2025-12-18",否,HT-2024-296,"2024年厦门市影视传媒项目",北京视界文化有限公司,QT-202412-00516,"","2025-12-15",Active
SO0001220,SO-202411-00517,"2025-11-05","10084",北京视界文化有限公司,10,P0002,UAV-XF-BASIC-PLUS,UAV-XF-BASIC-PLUS,24,台,2299,"12.5%",2012,48279,已发货,已确认,项目销售,销售一部,钱进,"2025-12-30",否,HT-2024-399,厦门市婚庆摄影应用项目,北京视界文化有限公司,QT-202410-00543,"","2025-11-05",Active
SO0001221,SO-202411-00517,"2025-11-05","10084",北京视界文化有限公司,20,P0005,UAV-XF-PRO-C,UAV-XF-PRO-C,19,台,4599,"10.2%",4130,78468,已发货,已确认,项目销售,销售一部,钱进,"2025-11-29",否,HT-2024-399,厦门市婚庆摄影应用项目,北京视界文化有限公司,QT-202410-00543,"","2025-11-05",Active
SO0001222,SO-202411-00517,"2025-11-05","10084",北京视界文化有限公司,30,P0003,UAV-XF-PRO-A,UAV-XF-PRO-A,19,台,3799,"9.6%",3434,65252,已发货,已确认,项目销售,销售一部,钱进,"2025-12-13",否,HT-2024-399,厦门市婚庆摄影应用项目,北京视界文化有限公司,QT-202410-00543,"","2025-11-05",Active
SO0001223,SO-202411-00517,"2025-11-05","10084",北京视界文化有限公司,40,P0004,UAV-XF-PRO-B,UAV-XF-PRO-B,12,台,4199,"13.6%",3628,43535,已发货,已确认,项目销售,销售一部,钱进,"2025-12-30",否,HT-2024-399,厦门市婚庆摄影应用项目,北京视界文化有限公司,QT-202410-00543,"","2025-11-05",Active
SO0001224,SO-202408-00518,"2025-08-04","10084",北京视界文化有限公司,10,P0004,UAV-XF-PRO-B,UAV-XF-PRO-B,8,台,4199,"7.6%",3880,31039,已取消,已取消,直销,销售一部,李娜,"2025-09-15",否,"","",北京视界文化有限公司,QT-202408-00518,"","2025-08-04",Active
SO0001225,SO-202408-00518,"2025-08-04","10084",北京视界文化有限公司,20,P0002,UAV-XF-BASIC-PLUS,UAV-XF-BASIC-PLUS,7,台,2299,"13.6%",1986,13904,已取消,已取消,直销,销售一部,李娜,"2025-09-17",否,"","",北京视界文化有限公司,QT-202408-00518,"","2025-08-04",Active
SO0001226,SO-202408-00518,"2025-08-04","10084",北京视界文化有限公司,30,P0005,UAV-XF-PRO-C,UAV-XF-PRO-C,9,台,4599,"7.9%",4236,38121,已取消,已取消,直销,销售一部,李娜,"2025-09-22",否,"","",北京视界文化有限公司,QT-202408-00518,"","2025-08-04",Active
SO0001227,SO-202408-00518,"2025-08-04","10084",北京视界文化有限公司,40,P0003,UAV-XF-PRO-A,UAV-XF-PRO-A,6,台,3799,"5.1%",3605,21632,已取消,已取消,直销,销售一部,李娜,"2025-08-27",否,"","",北京视界文化有限公司,QT-202408-00518,"","2025-08-04",Active
SO0001228,SO-202402-00519,"2025-02-05","10084",北京视界文化有限公司,10,P0004,UAV-XF-PRO-B,UAV-XF-PRO-B,19,台,4199,"7.7%",3876,73638,已发货,已确认,项目销售,销售一部,王强,"2025-03-19",否,HT-2024-232,厦门市婚庆摄影应用项目,北京视界文化有限公司,QT-202402-00519,"","2025-02-05",Active
SO0001229,SO-202402-00519,"2025-02-05","10084",北京视界文化有限公司,20,P0002,UAV-XF-BASIC-PLUS,UAV-XF-BASIC-PLUS,17,台,2299,"10.4%",2060,35018,已发货,已确认,项目销售,销售一部,王强,"2025-03-12",否,HT-2024-232,厦门市婚庆摄影应用项目,北京视界文化有限公司,QT-202402-00519,"","2025-02-05",Active
SO0001230,SO-202402-00519,"2025-02-05","10084",北京视界文化有限公司,30,P0005,UAV-XF-PRO-C,UAV-XF-PRO-C,15,台,4599,"8.3%",4217,63259,已发货,已确认,项目销售,销售一部,王强,"2025-02-28",否,HT-2024-232,厦门市婚庆摄影应用项目,北京视界文化有限公司,QT-202402-00519,"","2025-02-05",Active
SO0001231,SO-202402-00519,"2025-02-05","10084",北京视界文化有限公司,40,P0003,UAV-XF-PRO-A,UAV-XF-PRO-A,28,台,3799,"9.7%",3431,96054,已发货,已确认,项目销售,销售一部,王强,"2025-03-06",否,HT-2024-232,厦门市婚庆摄影应用项目,北京视界文化有限公司,QT-202402-00519,"","2025-02-05",Active
SO0001232,SO-202411-00520,"2025-11-22","10084",北京视界文化有限公司,10,P0004,UAV-XF-PRO-B,UAV-XF-PRO-B,28,台,4199,"8.4%",3846,107696,已发货,已确认,项目销售,销售一部,谢文,"2025-11-25",否,HT-2024-102,"2024年厦门市影视传媒项目",北京视界文化有限公司,QT-202411-00520,"","2025-11-22",Active
SO0001233,SO-202411-00520,"2025-11-22","10084",北京视界文化有限公司,20,P0005,UAV-XF-PRO-C,UAV-XF-PRO-C,16,台,4599,"6.0%",4323,69169,已发货,已确认,项目销售,销售一部,谢文,"2025-11-25",否,HT-2024-102,"2024年厦门市影视传媒项目",北京视界文化有限公司,QT-202411-00520,"","2025-11-22",Active
SO0001234,SO-202411-00520,"2025-11-22","10084",北京视界文化有限公司,30,P0003,UAV-XF-PRO-A,UAV-XF-PRO-A,29,台,3799,"7.1%",3529,102349,已发货,已确认,项目销售,销售一部,谢文,"2025-12-30",否,HT-2024-102,"2024年厦门市影视传媒项目",北京视界文化有限公司,QT-202411-00520,"","2025-11-22",Active
SO0001235,SO-202404-00521,"2025-04-10","10085",苏州光线文化工作室,10,P0004,UAV-XF-PRO-B,UAV-XF-PRO-B,2,台,4199,"0.0%",4199,8398,已发货,已确认,直销,销售一部,李娜,"2025-05-25",否,"","",苏州光线文化工作室,QT-202404-00521,"","2025-04-10",Active
SO0001236,SO-202404-00521,"2025-04-10","10085",苏州光线文化工作室,20,P0002,UAV-XF-BASIC-PLUS,UAV-XF-BASIC-PLUS,1,台,2299,"0.0%",2299,2299,已发货,已确认,直销,销售一部,李娜,"2025-05-29",否,"","",苏州光线文化工作室,QT-202404-00521,"","2025-04-10",Active
SO0001237,SO-202305-00522,"2025-05-13","10086",杭州影像影像工作室,10,P0005,UAV-XF-PRO-C,UAV-XF-PRO-C,4,台,4599,"0.0%",4599,18396,已发货,已确认,直销,销售一部,谢文,"2025-05-31",否,"","",杭州影像影像工作室,"","","2025-05-13",Active
SO0001238,SO-202305-00522,"2025-05-13","10086",杭州影像影像工作室,20,P0002,UAV-XF-BASIC-PLUS,UAV-XF-BASIC-PLUS,2,台,2299,"0.0%",2299,4598,已发货,已确认,直销,销售一部,谢文,"2025-06-10",否,"","",杭州影像影像工作室,"","","2025-05-13",Active
SO0001239,SO-202311-00523,"2025-11-14","10086",杭州影像影像工作室,10,P0004,UAV-XF-PRO-B,UAV-XF-PRO-B,10,台,4199,"2.5%",4094,40940,已发货,已确认,项目销售,销售一部,蒋敏,"2025-11-30",否,HT-2023-295,杭州影像影像工作室设备采购项目,杭州影像影像工作室,QT-202311-00512,"","2025-11-14",Active
SO0001240,SO-202311-00523,"2025-11-14","10086",杭州影像影像工作室,20,P0005,UAV-XF-PRO-C,UAV-XF-PRO-C,27,台,4599,"8.3%",4217,113867,已发货,已确认,项目销售,销售一部,蒋敏,"2025-11-17",否,HT-2023-295,杭州影像影像工作室设备采购项目,杭州影像影像工作室,QT-202311-00512,"","2025-11-14",Active
SO0001241,SO-202311-00523,"2025-11-14","10086",杭州影像影像工作室,30,P0002,UAV-XF-BASIC-PLUS,UAV-XF-BASIC-PLUS,26,台,2299,"8.6%",2101,54634,已发货,已确认,项目销售,销售一部,蒋敏,"2025-11-17",否,HT-2023-295,杭州影像影像工作室设备采购项目,杭州影像影像工作室,QT-202311-00512,"","2025-11-14",Active
SO0001242,SO-202311-00523,"2025-11-14","10086",杭州影像影像工作室,40,P0003,UAV-XF-PRO-A,UAV-XF-PRO-A,23,台,3799,"3.8%",3655,84057,已发货,已确认,项目销售,销售一部,蒋敏,"2025-11-17",否,HT-2023-295,杭州影像影像工作室设备采购项目,杭州影像影像工作室,QT-202311-00512,"","2025-11-14",Active
SO0001243,SO-202404-00524,"2025-04-14","10086",杭州影像影像工作室,10,P0004,UAV-XF-PRO-B,UAV-XF-PRO-B,4,台,4199,"0.0%",4199,16796,已发货,已确认,直销,销售一部,吴磊,"2025-05-19",否,"","",杭州影像影像工作室,"","","2025-04-14",Active
SO0001244,SO-202404-00524,"2025-04-14","10086",杭州影像影像工作室,20,P0003,UAV-XF-PRO-A,UAV-XF-PRO-A,4,台,3799,"0.0%",3799,15196,已发货,已确认,直销,销售一部,吴磊,"2025-05-14",否,"","",杭州影像影像工作室,"","","2025-04-14",Active
SO0001245,SO-202406-00525,"2025-06-22","10087",大连影视通传媒传媒有限公司,10,P0002,UAV-XF-BASIC-PLUS,UAV-XF-BASIC-PLUS,26,台,2299,"9.2%",2087,54275,已发货,已确认,项目销售,销售一部,孙丽,"2025-07-11",否,HT-2024-295,"2024年重庆市影视传媒项目",大连影视通传媒传媒有限公司,QT-202406-00395,"","2025-06-22",Active
SO0001246,SO-202406-00525,"2025-06-22","10087",大连影视通传媒传媒有限公司,20,P0004,UAV-XF-PRO-B,UAV-XF-PRO-B,7,台,4199,"0.0%",4199,29393,已发货,已确认,项目销售,销售一部,孙丽,"2025-07-08",否,HT-2024-295,"2024年重庆市影视传媒项目",大连影视通传媒传媒有限公司,QT-202406-00395,"","2025-06-22",Active
SO0001247,SO-202406-00525,"2025-06-22","10087",大连影视通传媒传媒有限公司,30,P0003,UAV-XF-PRO-A,UAV-XF-PRO-A,5,台,3799,"0.0%",3799,18995,已发货,已确认,项目销售,销售一部,孙丽,"2025-07-10",否,HT-2024-295,"2024年重庆市影视传媒项目",大连影视通传媒传媒有限公司,QT-202406-00395,"","2025-06-22",Active
SO0001248,SO-202404-00526,"2025-04-12","10087",大连影视通传媒传媒有限公司,10,P0003,UAV-XF-PRO-A,UAV-XF-PRO-A,28,台,3799,"8.8%",3465,97011,已发货,已确认,项目销售,销售一部,钱进,"2025-05-10",否,HT-2024-201,重庆市婚庆摄影应用项目,大连影视通传媒传媒有限公司,QT-202404-00526,"","2025-04-12",Active
SO0001249,SO-202404-00526,"2025-04-12","10087",大连影视通传媒传媒有限公司,20,P0004,UAV-XF-PRO-B,UAV-XF-PRO-B,14,台,4199,"3.3%",4060,56846,已发货,已确认,项目销售,销售一部,钱进,"2025-05-20",否,HT-2024-201,重庆市婚庆摄影应用项目,大连影视通传媒传媒有限公司,QT-202404-00526,"","2025-04-12",Active
SO0001250,SO-202404-00526,"2025-04-12","10087",大连影视通传媒传媒有限公司,30,P0005,UAV-XF-PRO-C,UAV-XF-PRO-C,24,台,4599,"2.7%",4475,107396,已发货,已确认,项目销售,销售一部,钱进,"2025-06-03",否,HT-2024-201,重庆市婚庆摄影应用项目,大连影视通传媒传媒有限公司,QT-202404-00526,"","2025-04-12",Active
SO0001251,SO-202404-00526,"2025-04-12","10087",大连影视通传媒传媒有限公司,40,P0002,UAV-XF-BASIC-PLUS,UAV-XF-BASIC-PLUS,19,台,2299,"6.2%",2156,40973,已发货,已确认,项目销售,销售一部,钱进,"2025-06-11",否,HT-2024-201,重庆市婚庆摄影应用项目,大连影视通传媒传媒有限公司,QT-202404-00526,"","2025-04-12",Active
SO0001252,SO-202409-00527,"2025-09-24","10087",大连影视通传媒传媒有限公司,10,P0005,UAV-XF-PRO-C,UAV-XF-PRO-C,3,台,4599,"0.0%",4599,13797,已发货,已确认,直销,销售一部,蒋敏,"2025-10-15",否,"","",大连影视通传媒传媒有限公司,"","","2025-09-24",Active
SO0001253,SO-202302-00528,"2025-02-14","10087",大连影视通传媒传媒有限公司,10,P0004,UAV-XF-PRO-B,UAV-XF-PRO-B,2,台,4199,"0.0%",4199,8398,已发货,已确认,直销,销售一部,周杰,"2025-03-27",否,"","",大连影视通传媒传媒有限公司,"","","2025-02-14",Active
SO0001254,SO-202308-00529,"2025-08-11","10088",深圳影动力广告文化有限公司,10,P0002,UAV-XF-BASIC-PLUS,UAV-XF-BASIC-PLUS,2,台,2299,"0.0%",2299,4598,已取消,已取消,直销,销售一部,姚强,"2025-09-30",否,"","",深圳影动力广告文化有限公司,"","","2025-08-11",Active
SO0001255,SO-202405-00530,"2025-05-31","10088",深圳影动力广告文化有限公司,10,P0005,UAV-XF-PRO-C,UAV-XF-PRO-C,2,台,4599,"0.0%",4599,9198,已发货,已确认,直销,销售一部,孙丽,"2025-06-22",否,"","",深圳影动力广告文化有限公司,QT-202405-00530,"","2025-05-31",Active
SO0001256,SO-202405-00530,"2025-05-31","10088",深圳影动力广告文化有限公司,20,P0002,UAV-XF-BASIC-PLUS,UAV-XF-BASIC-PLUS,2,台,2299,"0.0%",2299,4598,已发货,已确认,直销,销售一部,孙丽,"2025-07-13",否,"","",深圳影动力广告文化有限公司,QT-202405-00530,"","2025-05-31",Active
SO0001257,SO-202410-00531,"2025-10-16","10088",深圳影动力广告文化有限公司,10,P0003,UAV-XF-PRO-A,UAV-XF-PRO-A,2,台,3799,"0.0%",3799,7598,已发货,已确认,直销,销售一部,韩雪,"2025-11-24",否,"","",深圳影动力广告文化有限公司,QT-202410-00531,"","2025-10-16",Active
SO0001258,SO-202309-00532,"2025-09-14","10088",深圳影动力广告文化有限公司,10,P0002,UAV-XF-BASIC-PLUS,UAV-XF-BASIC-PLUS,23,台,2299,"4.5%",2196,50498,已发货,已确认,项目销售,销售一部,赵敏,"2025-10-22",否,HT-2023-384,深圳影动力广告文化有限公司设备采购项目,深圳影动力广告文化有限公司,QT-202309-00532,"","2025-09-14",Active
SO0001259,SO-202309-00532,"2025-09-14","10088",深圳影动力广告文化有限公司,20,P0004,UAV-XF-PRO-B,UAV-XF-PRO-B,19,台,4199,"5.3%",3976,75553,已发货,已确认,项目销售,销售一部,赵敏,"2025-10-10",否,HT-2023-384,深圳影动力广告文化有限公司设备采购项目,深圳影动力广告文化有限公司,QT-202309-00532,"","2025-09-14",Active
SO0001260,SO-202309-00532,"2025-09-14","10088",深圳影动力广告文化有限公司,30,P0003,UAV-XF-PRO-A,UAV-XF-PRO-A,19,台,3799,"2.8%",3693,70160,已发货,已确认,项目销售,销售一部,赵敏,"2025-10-30",否,HT-2023-384,深圳影动力广告文化有限公司设备采购项目,深圳影动力广告文化有限公司,QT-202309-00532,"","2025-09-14",Active
SO0001261,SO-202309-00532,"2025-09-14","10088",深圳影动力广告文化有限公司,40,P0005,UAV-XF-PRO-C,UAV-XF-PRO-C,26,台,4599,"5.5%",4346,112997,已发货,已确认,项目销售,销售一部,赵敏,"2025-10-20",否,HT-2023-384,深圳影动力广告文化有限公司设备采购项目,深圳影动力广告文化有限公司,QT-202309-00532,"","2025-09-14",Active
SO0001262,SO-202407-00533,"2025-07-15","10088",深圳影动力广告文化有限公司,10,P0005,UAV-XF-PRO-C,UAV-XF-PRO-C,10,台,4599,"8.9%",4190,41897,已取消,已取消,项目销售,销售一部,周杰,"2025-08-18",否,HT-2024-421,深圳影动力广告文化有限公司设备采购项目,深圳影动力广告文化有限公司,QT-202407-00548,"","2025-07-15",Active
SO0001263,SO-202407-00533,"2025-07-15","10088",深圳影动力广告文化有限公司,20,P0003,UAV-XF-PRO-A,UAV-XF-PRO-A,26,台,3799,"6.9%",3537,91959,已取消,已取消,项目销售,销售一部,周杰,"2025-08-08",否,HT-2024-421,深圳影动力广告文化有限公司设备采购项目,深圳影动力广告文化有限公司,QT-202407-00548,"","2025-07-15",Active
SO0001264,SO-202409-00534,"2025-09-13","10088",深圳影动力广告文化有限公司,10,P0004,UAV-XF-PRO-B,UAV-XF-PRO-B,3,台,4199,"0.0%",4199,12597,已发货,已确认,直销,销售一部,赵敏,"2025-10-16",否,"","",深圳影动力广告文化有限公司,QT-202409-00534,"","2025-09-13",Active
SO0001265,SO-202301-00535,"2025-01-12","10088",深圳影动力广告文化有限公司,10,P0005,UAV-XF-PRO-C,UAV-XF-PRO-C,5,台,4599,"0.0%",4599,22995,已发货,已确认,直销,销售一部,吴磊,"2025-02-27",否,"","",深圳影动力广告文化有限公司,"","","2025-01-12",Active
SO0001266,SO-202403-00536,"2025-03-28","10088",深圳影动力广告文化有限公司,10,P0002,UAV-XF-BASIC-PLUS,UAV-XF-BASIC-PLUS,16,台,2299,"3.2%",2225,35607,已发货,已确认,项目销售,销售一部,李娜,"2025-04-24",否,HT-2024-367,无锡市广告公司应用项目,深圳影动力广告文化有限公司,QT-202403-00558,"","2025-03-28",Active
SO0001267,SO-202403-00536,"2025-03-28","10088",深圳影动力广告文化有限公司,20,P0003,UAV-XF-PRO-A,UAV-XF-PRO-A,21,台,3799,"7.8%",3503,73556,已发货,已确认,项目销售,销售一部,李娜,"2025-05-15",否,HT-2024-367,无锡市广告公司应用项目,深圳影动力广告文化有限公司,QT-202403-00558,"","2025-03-28",Active
SO0001268,SO-202302-00537,"2025-02-23","10089",西安影像空间影像传媒有限公司,10,P0002,UAV-XF-BASIC-PLUS,UAV-XF-BASIC-PLUS,3,台,2299,"0.0%",2299,6897,已发货,已确认,直销,销售一部,贾斌,"2025-03-20",否,"","",西安影像空间影像传媒有限公司,"","","2025-02-23",Active
SO0001269,SO-202309-00538,"2025-09-02","10089",西安影像空间影像传媒有限公司,10,P0004,UAV-XF-PRO-B,UAV-XF-PRO-B,3,台,4199,"0.0%",4199,12597,已发货,已确认,直销,销售一部,杨帆,"2025-10-03",是,"","",西安影像空间影像传媒有限公司,"","","2025-09-02",Active
SO0001270,SO-202411-00539,"2025-11-27","10089",西安影像空间影像传媒有限公司,10,P0002,UAV-XF-BASIC-PLUS,UAV-XF-BASIC-PLUS,1,台,2299,"0.0%",2299,2299,已取消,已取消,直销,销售一部,王强,"2025-12-29",否,"","",西安影像空间影像传媒有限公司,QT-202411-00539,"","2025-11-27",Active
SO0001271,SO-202411-00539,"2025-11-27","10089",西安影像空间影像传媒有限公司,20,P0004,UAV-XF-PRO-B,UAV-XF-PRO-B,4,台,4199,"0.0%",4199,16796,已取消,已取消,直销,销售一部,王强,"2025-11-30",否,"","",西安影像空间影像传媒有限公司,QT-202411-00539,"","2025-11-27",Active
SO0001272,SO-202403-00540,"2025-03-01","10089",西安影像空间影像传媒有限公司,10,P0005,UAV-XF-PRO-C,UAV-XF-PRO-C,5,台,4599,"0.0%",4599,22995,已发货,已确认,直销,销售一部,曹磊,"2025-03-18",否,"","",西安影像空间影像传媒有限公司,QT-202403-00540,"","2025-03-01",Active
SO0001273,SO-202407-00541,"2025-07-08","10089",西安影像空间影像传媒有限公司,10,P0003,UAV-XF-PRO-A,UAV-XF-PRO-A,5,台,3799,"0.0%",3799,18995,已发货,已确认,直销,销售一部,冯涛,"2025-07-24",否,"","",西安影像空间影像传媒有限公司,QT-202407-00541,"","2025-07-08",Active
SO0001274,SO-202402-00542,"2025-02-16","10089",西安影像空间影像传媒有限公司,10,P0002,UAV-XF-BASIC-PLUS,UAV-XF-BASIC-PLUS,4,台,2299,"0.0%",2299,9196,已发货,已确认,直销,销售一部,孙丽,"2025-03-26",否,"","",西安影像空间影像传媒有限公司,"","","2025-02-16",Active
SO0001275,SO-202402-00542,"2025-02-16","10089",西安影像空间影像传媒有限公司,20,P0003,UAV-XF-PRO-A,UAV-XF-PRO-A,4,台,3799,"0.0%",3799,15196,已发货,已确认,直销,销售一部,孙丽,"2025-03-04",否,"","",西安影像空间影像传媒有限公司,"","","2025-02-16",Active
SO0001276,SO-202302-00543,"2025-02-14","10090",西安光影时代制作文化传播有限公司,10,P0002,UAV-XF-BASIC-PLUS,UAV-XF-BASIC-PLUS,3,台,2299,"0.0%",2299,6897,已发货,已确认,直销,销售一部,王强,"2025-04-02",否,"","",西安光影时代制作文化传播有限公司,"","","2025-02-14",Active
SO0001277,SO-202302-00543,"2025-02-14","10090",西安光影时代制作文化传播有限公司,20,P0004,UAV-XF-PRO-B,UAV-XF-PRO-B,4,台,4199,"0.0%",4199,16796,已发货,已确认,直销,销售一部,王强,"2025-03-27",否,"","",西安光影时代制作文化传播有限公司,"","","2025-02-14",Active
SO0001278,SO-202408-00544,"2025-08-05","10090",西安光影时代制作文化传播有限公司,10,P0004,UAV-XF-PRO-B,UAV-XF-PRO-B,3,台,4199,"0.0%",4199,12597,已取消,已取消,直销,销售一部,陈静,"2025-09-24",否,"","",西安光影时代制作文化传播有限公司,"","","2025-08-05",Active
SO0001279,SO-202408-00544,"2025-08-05","10090",西安光影时代制作文化传播有限公司,20,P0002,UAV-XF-BASIC-PLUS,UAV-XF-BASIC-PLUS,2,台,2299,"0.0%",2299,4598,已取消,已取消,直销,销售一部,陈静,"2025-09-20",否,"","",西安光影时代制作文化传播有限公司,"","","2025-08-05",Active
SO0001280,SO-202412-00545,"2025-12-11","10090",西安光影时代制作文化传播有限公司,10,P0005,UAV-XF-PRO-C,UAV-XF-PRO-C,4,台,4599,"0.0%",4599,18396,已发货,已确认,直销,销售一部,刘洋,"2025-12-14",否,"","",西安光影时代制作文化传播有限公司,"","","2025-12-11",Active
SO0001281,SO-202412-00545,"2025-12-11","10090",西安光影时代制作文化传播有限公司,20,P0003,UAV-XF-PRO-A,UAV-XF-PRO-A,1,台,3799,"0.0%",3799,3799,已发货,已确认,直销,销售一部,刘洋,"2025-12-14",否,"","",西安光影时代制作文化传播有限公司,"","","2025-12-11",Active
SO0001282,SO-202301-00546,"2025-01-19","10091",武汉守护安防科技服务有限公司,10,P0005,UAV-XF-PRO-C,UAV-XF-PRO-C,30,台,4599,"9.0%",4185,125553,已发货,已确认,项目销售,销售一部,贾斌,"2025-02-09",否,HT-2023-380,"2023年哈尔滨市公共安全项目",武汉守护安防科技服务有限公司,QT-202301-00546,"","2025-01-19",Active
SO0001283,SO-202301-00546,"2025-01-19","10091",武汉守护安防科技服务有限公司,20,P0008,UAV-JF-ENT-SC,UAV-JF-ENT-SC,6,台,35999,"0.0%",35999,215994,已发货,已确认,项目销售,销售一部,贾斌,"2025-02-07",否,HT-2023-380,"2023年哈尔滨市公共安全项目",武汉守护安防科技服务有限公司,QT-202301-00546,"","2025-01-19",Active
SO0001284,SO-202301-00546,"2025-01-19","10091",武汉守护安防科技服务有限公司,30,P0004,UAV-XF-PRO-B,UAV-XF-PRO-B,10,台,4199,"7.0%",3905,39051,已发货,已确认,项目销售,销售一部,贾斌,"2025-02-12",否,HT-2023-380,"2023年哈尔滨市公共安全项目",武汉守护安防科技服务有限公司,QT-202301-00546,"","2025-01-19",Active
SO0001285,SO-202305-00547,"2025-05-08","10091",武汉守护安防科技服务有限公司,10,P0008,UAV-JF-ENT-SC,UAV-JF-ENT-SC,1,台,35999,"0.0%",35999,35999,已发货,已确认,直销,销售一部,郑海,"2025-05-23",否,"","",武汉守护安防科技服务有限公司,QT-202305-00547,"","2025-05-08",Active
SO0001286,SO-202405-00548,"2025-05-25","10091",武汉守护安防科技服务有限公司,10,P0005,UAV-XF-PRO-C,UAV-XF-PRO-C,3,台,4599,"0.0%",4599,13797,已发货,已确认,直销,销售一部,郑海,"2025-07-18",否,"","",武汉守护安防科技服务有限公司,"","","2025-05-25",Active
SO0001287,SO-202403-00549,"2025-03-30","10092",西安安邦安全技术工程有限公司,10,P0008,UAV-JF-ENT-SC,UAV-JF-ENT-SC,5,台,35999,"0.0%",35999,179995,已发货,已确认,直销,销售一部,孙丽,"2025-05-24",否,"","",西安安邦安全技术工程有限公司,QT-202403-00559,"","2025-03-30",Active
SO0001288,SO-202402-00550,"2025-02-28","10092",西安安邦安全技术工程有限公司,10,P0005,UAV-XF-PRO-C,UAV-XF-PRO-C,1,台,4599,"0.0%",4599,4599,已发货,已确认,直销,销售一部,郑海,"2025-04-23",否,"","",西安安邦安全技术工程有限公司,QT-202402-00550,"","2025-02-28",Active
SO0001289,SO-202402-00550,"2025-02-28","10092",西安安邦安全技术工程有限公司,20,P0004,UAV-XF-PRO-B,UAV-XF-PRO-B,1,台,4199,"0.0%",4199,4199,已发货,已确认,直销,销售一部,郑海,"2025-03-18",否,"","",西安安邦安全技术工程有限公司,QT-202402-00550,"","2025-02-28",Active
SO0001290,SO-202302-00551,"2025-02-25","10092",西安安邦安全技术工程有限公司,10,P0008,UAV-JF-ENT-SC,UAV-JF-ENT-SC,4,台,35999,"0.0%",35999,143996,已发货,已确认,项目销售,销售一部,周杰,"2025-04-26",否,HT-2023-447,西安安邦安全技术工程有限公司设备采购项目,西安安邦安全技术工程有限公司,QT-202302-00394,"","2025-02-25",Active
SO0001291,SO-202302-00551,"2025-02-25","10092",西安安邦安全技术工程有限公司,20,P0005,UAV-XF-PRO-C,UAV-XF-PRO-C,7,台,4599,"0.0%",4599,32193,已发货,已确认,项目销售,销售一部,周杰,"2025-03-12",否,HT-2023-447,西安安邦安全技术工程有限公司设备采购项目,西安安邦安全技术工程有限公司,QT-202302-00394,"","2025-02-25",Active
SO0001292,SO-202302-00551,"2025-02-25","10092",西安安邦安全技术工程有限公司,30,P0004,UAV-XF-PRO-B,UAV-XF-PRO-B,18,台,4199,"3.7%",4044,72786,已发货,已确认,项目销售,销售一部,周杰,"2025-03-26",否,HT-2023-447,西安安邦安全技术工程有限公司设备采购项目,西安安邦安全技术工程有限公司,QT-202302-00394,"","2025-02-25",Active
SO0001293,SO-202301-00552,"2025-01-07","10092",西安安邦安全技术工程有限公司,10,P0008,UAV-JF-ENT-SC,UAV-JF-ENT-SC,1,台,35999,"0.0%",35999,35999,已发货,已确认,直销,销售一部,王强,"2025-02-15",否,"","",西安安邦安全技术工程有限公司,QT-202301-00552,"","2025-01-07",Active
SO0001294,SO-202306-00553,"2025-06-27","10092",西安安邦安全技术工程有限公司,10,P0005,UAV-XF-PRO-C,UAV-XF-PRO-C,11,台,4599,"4.3%",4401,48414,已发货,已确认,项目销售,销售一部,袁琳,"2025-08-12",否,HT-2023-121,成都市公安系统应用项目,西安安邦安全技术工程有限公司,QT-202306-00416,"","2025-06-27",Active
SO0001295,SO-202306-00553,"2025-06-27","10092",西安安邦安全技术工程有限公司,20,P0008,UAV-JF-ENT-SC,UAV-JF-ENT-SC,12,台,35999,"4.3%",34451,413412,已发货,已确认,项目销售,销售一部,袁琳,"2025-08-11",否,HT-2023-121,成都市公安系统应用项目,西安安邦安全技术工程有限公司,QT-202306-00416,"","2025-06-27",Active
SO0001296,SO-202306-00553,"2025-06-27","10092",西安安邦安全技术工程有限公司,30,P0004,UAV-XF-PRO-B,UAV-XF-PRO-B,14,台,4199,"4.1%",4027,56376,已发货,已确认,项目销售,销售一部,袁琳,"2025-08-18",否,HT-2023-121,成都市公安系统应用项目,西安安邦安全技术工程有限公司,QT-202306-00416,"","2025-06-27",Active
SO0001297,SO-202311-00554,"2025-11-15","10092",西安安邦安全技术工程有限公司,10,P0004,UAV-XF-PRO-B,UAV-XF-PRO-B,21,台,4199,"9.9%",3783,79449,已发货,已确认,项目销售,销售一部,陈静,"2025-12-11",否,HT-2023-311,"2023年成都市公共安全项目",西安安邦安全技术工程有限公司,QT-202311-00513,"","2025-11-15",Active
SO0001298,SO-202311-00554,"2025-11-15","10092",西安安邦安全技术工程有限公司,20,P0008,UAV-JF-ENT-SC,UAV-JF-ENT-SC,6,台,35999,"0.0%",35999,215994,已发货,已确认,项目销售,销售一部,陈静,"2025-12-16",否,HT-2023-311,"2023年成都市公共安全项目",西安安邦安全技术工程有限公司,QT-202311-00513,"","2025-11-15",Active
SO0001299,SO-202410-00555,"2025-10-12","10092",西安安邦安全技术工程有限公司,10,P0005,UAV-XF-PRO-C,UAV-XF-PRO-C,5,台,4599,"0.0%",4599,22995,已发货,已确认,直销,销售一部,杨帆,"2025-11-08",否,"","",西安安邦安全技术工程有限公司,"","","2025-10-12",Active
SO0001300,SO-202403-00556,"2025-03-27","10093",重庆安邦安全技术工程有限公司,10,P0005,UAV-XF-PRO-C,UAV-XF-PRO-C,11,台,4599,"8.5%",4208,46289,已发货,已确认,项目销售,销售一部,蒋敏,"2025-05-01",否,HT-2024-080,重庆安邦安全技术工程有限公司设备采购项目,重庆安邦安全技术工程有限公司,QT-202403-00560,"","2025-03-27",Active
SO0001301,SO-202403-00556,"2025-03-27","10093",重庆安邦安全技术工程有限公司,20,P0008,UAV-JF-ENT-SC,UAV-JF-ENT-SC,15,台,35999,"2.1%",35243,528645,已发货,已确认,项目销售,销售一部,蒋敏,"2025-04-21",否,HT-2024-080,重庆安邦安全技术工程有限公司设备采购项目,重庆安邦安全技术工程有限公司,QT-202403-00560,"","2025-03-27",Active
SO0001302,SO-202303-00557,"2025-03-27","10093",重庆安邦安全技术工程有限公司,10,P0005,UAV-XF-PRO-C,UAV-XF-PRO-C,21,台,4599,"4.9%",4374,91847,已发货,已确认,项目销售,销售一部,郑海,"2025-04-24",否,HT-2023-090,重庆安邦安全技术工程有限公司设备采购项目,重庆安邦安全技术工程有限公司,QT-202303-00615,"","2025-03-27",Active
SO0001303,SO-202303-00557,"2025-03-27","10093",重庆安邦安全技术工程有限公司,20,P0004,UAV-XF-PRO-B,UAV-XF-PRO-B,18,台,4199,"8.0%",3863,69535,已发货,已确认,项目销售,销售一部,郑海,"2025-05-03",否,HT-2023-090,重庆安邦安全技术工程有限公司设备采购项目,重庆安邦安全技术工程有限公司,QT-202303-00615,"","2025-03-27",Active
SO0001304,SO-202303-00557,"2025-03-27","10093",重庆安邦安全技术工程有限公司,30,P0008,UAV-JF-ENT-SC,UAV-JF-ENT-SC,14,台,35999,"8.1%",33083,463163,已发货,已确认,项目销售,销售一部,郑海,"2025-04-11",否,HT-2023-090,重庆安邦安全技术工程有限公司设备采购项目,重庆安邦安全技术工程有限公司,QT-202303-00615,"","2025-03-27",Active
SO0001305,SO-202310-00558,"2025-10-18","10093",重庆安邦安全技术工程有限公司,10,P0004,UAV-XF-PRO-B,UAV-XF-PRO-B,6,台,4199,"0.0%",4199,25194,已发货,已确认,项目销售,销售一部,冯涛,"2025-11-06",否,HT-2023-070,哈尔滨市应急管理应用项目,重庆安邦安全技术工程有限公司,QT-202310-00558,"","2025-10-18",Active
SO0001306,SO-202310-00558,"2025-10-18","10093",重庆安邦安全技术工程有限公司,20,P0008,UAV-JF-ENT-SC,UAV-JF-ENT-SC,10,台,35999,"7.2%",33407,334071,已发货,已确认,项目销售,销售一部,冯涛,"2025-11-05",否,HT-2023-070,哈尔滨市应急管理应用项目,重庆安邦安全技术工程有限公司,QT-202310-00558,"","2025-10-18",Active
SO0001307,SO-202310-00558,"2025-10-18","10093",重庆安邦安全技术工程有限公司,30,P0005,UAV-XF-PRO-C,UAV-XF-PRO-C,24,台,4599,"4.0%",4415,105961,已发货,已确认,项目销售,销售一部,冯涛,"2025-11-29",否,HT-2023-070,哈尔滨市应急管理应用项目,重庆安邦安全技术工程有限公司,QT-202310-00558,"","2025-10-18",Active
SO0001308,SO-202307-00559,"2025-07-14","10093",重庆安邦安全技术工程有限公司,10,P0005,UAV-XF-PRO-C,UAV-XF-PRO-C,4,台,4599,"0.0%",4599,18396,已发货,已确认,直销,销售一部,张伟,"2025-07-29",否,"","",重庆安邦安全技术工程有限公司,"","","2025-07-14",Active
SO0001309,SO-202403-00560,"2025-03-01","10093",重庆安邦安全技术工程有限公司,10,P0004,UAV-XF-PRO-B,UAV-XF-PRO-B,27,台,4199,"4.6%",4006,108158,已发货,已确认,项目销售,销售一部,冯涛,"2025-04-28",否,HT-2024-329,哈尔滨市应急管理应用项目,重庆安邦安全技术工程有限公司,QT-202402-00581,"","2025-03-01",Active
SO0001310,SO-202403-00560,"2025-03-01","10093",重庆安邦安全技术工程有限公司,20,P0005,UAV-XF-PRO-C,UAV-XF-PRO-C,7,台,4599,"0.0%",4599,32193,已发货,已确认,项目销售,销售一部,冯涛,"2025-04-21",否,HT-2024-329,哈尔滨市应急管理应用项目,重庆安邦安全技术工程有限公司,QT-202402-00581,"","2025-03-01",Active
SO0001311,SO-202305-00561,"2025-05-08","10093",重庆安邦安全技术工程有限公司,10,P0005,UAV-XF-PRO-C,UAV-XF-PRO-C,16,台,4599,"4.1%",4410,70567,已发货,已确认,项目销售,销售一部,冯涛,"2025-06-22",否,HT-2023-491,重庆安邦安全技术工程有限公司设备采购项目,重庆安邦安全技术工程有限公司,QT-202304-00601,"","2025-05-08",Active
SO0001312,SO-202305-00561,"2025-05-08","10093",重庆安邦安全技术工程有限公司,20,P0004,UAV-XF-PRO-B,UAV-XF-PRO-B,16,台,4199,"6.0%",3947,63153,已发货,已确认,项目销售,销售一部,冯涛,"2025-06-23",否,HT-2023-491,重庆安邦安全技术工程有限公司设备采购项目,重庆安邦安全技术工程有限公司,QT-202304-00601,"","2025-05-08",Active
SO0001313,SO-202305-00561,"2025-05-08","10093",重庆安邦安全技术工程有限公司,30,P0008,UAV-JF-ENT-SC,UAV-JF-ENT-SC,8,台,35999,"0.0%",35999,287992,已发货,已确认,项目销售,销售一部,冯涛,"2025-06-26",否,HT-2023-491,重庆安邦安全技术工程有限公司设备采购项目,重庆安邦安全技术工程有限公司,QT-202304-00601,"","2025-05-08",Active
SO0001314,SO-202412-00562,"2025-12-06","10094",西安安通警用装备工程有限公司,10,P0008,UAV-JF-ENT-SC,UAV-JF-ENT-SC,14,台,35999,"7.2%",33407,467699,已发货,已确认,项目销售,销售一部,钱进,"2025-12-09",否,HT-2024-218,长沙市应急管理应用项目,西安安通警用装备工程有限公司,QT-202411-00587,"","2025-12-06",Active
SO0001315,SO-202412-00562,"2025-12-06","10094",西安安通警用装备工程有限公司,20,P0005,UAV-XF-PRO-C,UAV-XF-PRO-C,19,台,4599,"7.4%",4259,80915,已发货,已确认,项目销售,销售一部,钱进,"2025-12-09",否,HT-2024-218,长沙市应急管理应用项目,西安安通警用装备工程有限公司,QT-202411-00587,"","2025-12-06",Active
SO0001316,SO-202412-00562,"2025-12-06","10094",西安安通警用装备工程有限公司,30,P0004,UAV-XF-PRO-B,UAV-XF-PRO-B,19,台,4199,"3.1%",4069,77308,已发货,已确认,项目销售,销售一部,钱进,"2025-12-09",否,HT-2024-218,长沙市应急管理应用项目,西安安通警用装备工程有限公司,QT-202411-00587,"","2025-12-06",Active
SO0001317,SO-202401-00563,"2025-01-06","10094",西安安通警用装备工程有限公司,10,P0008,UAV-JF-ENT-SC,UAV-JF-ENT-SC,9,台,35999,"0.0%",35999,323991,已发货,已确认,项目销售,销售一部,张伟,"2025-01-22",否,HT-2024-310,西安安通警用装备工程有限公司设备采购项目,西安安通警用装备工程有限公司,QT-202401-00563,"","2025-01-06",Active
SO0001318,SO-202401-00563,"2025-01-06","10094",西安安通警用装备工程有限公司,20,P0005,UAV-XF-PRO-C,UAV-XF-PRO-C,9,台,4599,"0.0%",4599,41391,已发货,已确认,项目销售,销售一部,张伟,"2025-02-10",否,HT-2024-310,西安安通警用装备工程有限公司设备采购项目,西安安通警用装备工程有限公司,QT-202401-00563,"","2025-01-06",Active
SO0001319,SO-202401-00563,"2025-01-06","10094",西安安通警用装备工程有限公司,30,P0004,UAV-XF-PRO-B,UAV-XF-PRO-B,17,台,4199,"2.1%",4111,69884,已发货,已确认,项目销售,销售一部,张伟,"2025-03-01",否,HT-2024-310,西安安通警用装备工程有限公司设备采购项目,西安安通警用装备工程有限公司,QT-202401-00563,"","2025-01-06",Active
SO0001320,SO-202408-00564,"2025-08-15","10094",西安安通警用装备工程有限公司,10,P0004,UAV-XF-PRO-B,UAV-XF-PRO-B,3,台,4199,"0.0%",4199,12597,已发货,已确认,直销,销售一部,陈静,"2025-08-30",否,"","",西安安通警用装备工程有限公司,"","","2025-08-15",Active
SO0001321,SO-202303-00565,"2025-03-24","10094",西安安通警用装备工程有限公司,10,P0005,UAV-XF-PRO-C,UAV-XF-PRO-C,2,台,4599,"0.0%",4599,9198,已发货,已确认,直销,销售一部,曹磊,"2025-05-15",否,"","",西安安通警用装备工程有限公司,QT-202303-00616,"","2025-03-24",Active
SO0001322,SO-202303-00565,"2025-03-24","10094",西安安通警用装备工程有限公司,20,P0008,UAV-JF-ENT-SC,UAV-JF-ENT-SC,2,台,35999,"0.0%",35999,71998,已发货,已确认,直销,销售一部,曹磊,"2025-04-21",否,"","",西安安通警用装备工程有限公司,QT-202303-00616,"","2025-03-24",Active
SO0001323,SO-202405-00566,"2025-05-27","10094",西安安通警用装备工程有限公司,10,P0008,UAV-JF-ENT-SC,UAV-JF-ENT-SC,10,台,35999,"8.8%",32831,328311,已发货,已确认,项目销售,销售一部,谢文,"2025-07-02",否,HT-2024-376,西安安通警用装备工程有限公司设备采购项目,西安安通警用装备工程有限公司,QT-202405-00548,"","2025-05-27",Active
SO0001324,SO-202405-00566,"2025-05-27","10094",西安安通警用装备工程有限公司,20,P0004,UAV-XF-PRO-B,UAV-XF-PRO-B,11,台,4199,"9.8%",3788,41663,已发货,已确认,项目销售,销售一部,谢文,"2025-07-06",否,HT-2024-376,西安安通警用装备工程有限公司设备采购项目,西安安通警用装备工程有限公司,QT-202405-00548,"","2025-05-27",Active
SO0001325,SO-202312-00567,"2025-12-19","10094",西安安通警用装备工程有限公司,10,P0004,UAV-XF-PRO-B,UAV-XF-PRO-B,5,台,4199,"0.0%",4199,20995,已发货,已确认,直销,销售一部,刘洋,"2025-12-22",否,"","",西安安通警用装备工程有限公司,"","","2025-12-19",Active
SO0001326,SO-202306-00568,"2025-06-22","10094",西安安通警用装备工程有限公司,10,P0008,UAV-JF-ENT-SC,UAV-JF-ENT-SC,4,台,35999,"0.0%",35999,143996,已发货,已确认,直销,销售一部,姚强,"2025-08-14",否,"","",西安安通警用装备工程有限公司,QT-202306-00417,"","2025-06-22",Active
SO0001327,SO-202310-00569,"2025-10-23","10094",西安安通警用装备工程有限公司,10,P0004,UAV-XF-PRO-B,UAV-XF-PRO-B,2,台,4199,"0.0%",4199,8398,已发货,已确认,直销,销售一部,蒋敏,"2025-12-08",否,"","",西安安通警用装备工程有限公司,"","","2025-10-23",Active
SO0001328,SO-202310-00569,"2025-10-23","10094",西安安通警用装备工程有限公司,20,P0005,UAV-XF-PRO-C,UAV-XF-PRO-C,1,台,4599,"0.0%",4599,4599,已发货,已确认,直销,销售一部,蒋敏,"2025-11-29",否,"","",西安安通警用装备工程有限公司,"","","2025-10-23",Active
SO0001329,SO-202304-00570,"2025-04-23","10095",厦门安全卫士安防工程有限公司,10,P0008,UAV-JF-ENT-SC,UAV-JF-ENT-SC,14,台,35999,"6.2%",33767,472739,已发货,已确认,项目销售,销售一部,韩雪,"2025-05-26",否,HT-2023-031,重庆市消防救援应用项目,厦门安全卫士安防工程有限公司,QT-202304-00570,"","2025-04-23",Active
SO0001330,SO-202304-00570,"2025-04-23","10095",厦门安全卫士安防工程有限公司,20,P0004,UAV-XF-PRO-B,UAV-XF-PRO-B,9,台,4199,"0.0%",4199,37791,已发货,已确认,项目销售,销售一部,韩雪,"2025-05-23",否,HT-2023-031,重庆市消防救援应用项目,厦门安全卫士安防工程有限公司,QT-202304-00570,"","2025-04-23",Active
SO0001331,SO-202402-00571,"2025-02-23","10095",厦门安全卫士安防工程有限公司,10,P0008,UAV-JF-ENT-SC,UAV-JF-ENT-SC,3,台,35999,"0.0%",35999,107997,已发货,已确认,项目销售,销售一部,韩雪,"2025-03-28",否,HT-2024-326,"2024年重庆市公共安全项目",厦门安全卫士安防工程有限公司,QT-202402-00571,"","2025-02-23",Active
SO0001332,SO-202402-00571,"2025-02-23","10095",厦门安全卫士安防工程有限公司,20,P0004,UAV-XF-PRO-B,UAV-XF-PRO-B,25,台,4199,"8.7%",3834,95842,已发货,已确认,项目销售,销售一部,韩雪,"2025-04-18",否,HT-2024-326,"2024年重庆市公共安全项目",厦门安全卫士安防工程有限公司,QT-202402-00571,"","2025-02-23",Active
SO0001333,SO-202402-00571,"2025-02-23","10095",厦门安全卫士安防工程有限公司,30,P0005,UAV-XF-PRO-C,UAV-XF-PRO-C,14,台,4599,"4.5%",4392,61489,已发货,已确认,项目销售,销售一部,韩雪,"2025-04-05",否,HT-2024-326,"2024年重庆市公共安全项目",厦门安全卫士安防工程有限公司,QT-202402-00571,"","2025-02-23",Active
SO0001334,SO-202305-00572,"2025-05-08","10095",厦门安全卫士安防工程有限公司,10,P0005,UAV-XF-PRO-C,UAV-XF-PRO-C,2,台,4599,"0.0%",4599,9198,已发货,已确认,直销,销售一部,吴磊,"2025-06-25",否,"","",厦门安全卫士安防工程有限公司,"","","2025-05-08",Active
SO0001335,SO-202304-00573,"2025-04-14","10095",厦门安全卫士安防工程有限公司,10,P0004,UAV-XF-PRO-B,UAV-XF-PRO-B,2,台,4199,"0.0%",4199,8398,已发货,已确认,直销,销售一部,张伟,"2025-05-22",否,"","",厦门安全卫士安防工程有限公司,QT-202304-00573,"","2025-04-14",Active
SO0001336,SO-202304-00573,"2025-04-14","10095",厦门安全卫士安防工程有限公司,20,P0005,UAV-XF-PRO-C,UAV-XF-PRO-C,5,台,4599,"0.0%",4599,22995,已发货,已确认,直销,销售一部,张伟,"2025-05-29",否,"","",厦门安全卫士安防工程有限公司,QT-202304-00573,"","2025-04-14",Active
SO0001337,SO-202301-00574,"2025-01-08","10095",厦门安全卫士安防工程有限公司,10,P0008,UAV-JF-ENT-SC,UAV-JF-ENT-SC,8,台,35999,"0.0%",35999,287992,已发货,已确认,项目销售,销售一部,冯涛,"2025-02-18",否,HT-2023-137,厦门安全卫士安防工程有限公司设备采购项目,厦门安全卫士安防工程有限公司,QT-202212-00004,"","2025-01-08",Active
SO0001338,SO-202301-00574,"2025-01-08","10095",厦门安全卫士安防工程有限公司,20,P0004,UAV-XF-PRO-B,UAV-XF-PRO-B,12,台,4199,"8.3%",3850,46206,已发货,已确认,项目销售,销售一部,冯涛,"2025-02-12",否,HT-2023-137,厦门安全卫士安防工程有限公司设备采购项目,厦门安全卫士安防工程有限公司,QT-202212-00004,"","2025-01-08",Active
SO0001339,SO-202403-00575,"2025-03-15","10095",厦门安全卫士安防工程有限公司,10,P0004,UAV-XF-PRO-B,UAV-XF-PRO-B,4,台,4199,"0.0%",4199,16796,已发货,已确认,直销,销售一部,孙丽,"2025-04-16",否,"","",厦门安全卫士安防工程有限公司,"","","2025-03-15",Active
SO0001340,SO-202411-00576,"2025-11-12","10095",厦门安全卫士安防工程有限公司,10,P0005,UAV-XF-PRO-C,UAV-XF-PRO-C,2,台,4599,"0.0%",4599,9198,已发货,已确认,直销,销售一部,冯涛,"2025-12-05",否,"","",厦门安全卫士安防工程有限公司,QT-202411-00576,"","2025-11-12",Active
SO0001341,SO-202411-00576,"2025-11-12","10095",厦门安全卫士安防工程有限公司,20,P0004,UAV-XF-PRO-B,UAV-XF-PRO-B,3,台,4199,"0.0%",4199,12597,已发货,已确认,直销,销售一部,冯涛,"2025-11-15",否,"","",厦门安全卫士安防工程有限公司,QT-202411-00576,"","2025-11-12",Active
SO0001342,SO-202402-00577,"2025-02-16","10096",南京安盾安保有限公司,10,P0005,UAV-XF-PRO-C,UAV-XF-PRO-C,5,台,4599,"0.0%",4599,22995,已发货,已确认,直销,销售一部,刘洋,"2025-04-10",否,"","",南京安盾安保有限公司,"","","2025-02-16",Active
SO0001343,SO-202309-00578,"2025-09-12","10096",南京安盾安保有限公司,10,P0008,UAV-JF-ENT-SC,UAV-JF-ENT-SC,4,台,35999,"0.0%",35999,143996,已发货,已确认,直销,销售一部,钱进,"2025-11-02",否,"","",南京安盾安保有限公司,QT-202309-00540,"","2025-09-12",Active
SO0001344,SO-202307-00579,"2025-07-12","10096",南京安盾安保有限公司,10,P0008,UAV-JF-ENT-SC,UAV-JF-ENT-SC,9,台,35999,"0.0%",35999,323991,已取消,已取消,项目销售,销售一部,张伟,"2025-08-05",否,HT-2023-009,郑州市消防救援应用项目,南京安盾安保有限公司,QT-202307-00516,"","2025-07-12",Active
SO0001345,SO-202307-00579,"2025-07-12","10096",南京安盾安保有限公司,20,P0004,UAV-XF-PRO-B,UAV-XF-PRO-B,24,台,4199,"7.4%",3888,93318,已取消,已取消,项目销售,销售一部,张伟,"2025-08-29",否,HT-2023-009,郑州市消防救援应用项目,南京安盾安保有限公司,QT-202307-00516,"","2025-07-12",Active
SO0001346,SO-202307-00579,"2025-07-12","10096",南京安盾安保有限公司,30,P0005,UAV-XF-PRO-C,UAV-XF-PRO-C,20,台,4599,"6.3%",4309,86185,已取消,已取消,项目销售,销售一部,张伟,"2025-08-13",否,HT-2023-009,郑州市消防救援应用项目,南京安盾安保有限公司,QT-202307-00516,"","2025-07-12",Active
SO0001347,SO-202311-00580,"2025-11-30","10096",南京安盾安保有限公司,10,P0004,UAV-XF-PRO-B,UAV-XF-PRO-B,4,台,4199,"0.0%",4199,16796,已发货,已确认,直销,销售一部,韩雪,"2025-12-27",否,"","",南京安盾安保有限公司,"","","2025-11-30",Active
SO0001348,SO-202405-00581,"2025-05-02","10096",南京安盾安保有限公司,10,P0005,UAV-XF-PRO-C,UAV-XF-PRO-C,29,台,4599,"9.5%",4162,120701,已发货,已确认,项目销售,销售一部,赵敏,"2025-06-01",否,HT-2024-365,"2024年郑州市公共安全项目",南京安盾安保有限公司,QT-202404-00544,"","2025-05-02",Active
SO0001349,SO-202405-00581,"2025-05-02","10096",南京安盾安保有限公司,20,P0008,UAV-JF-ENT-SC,UAV-JF-ENT-SC,6,台,35999,"0.0%",35999,215994,已发货,已确认,项目销售,销售一部,赵敏,"2025-06-26",否,HT-2024-365,"2024年郑州市公共安全项目",南京安盾安保有限公司,QT-202404-00544,"","2025-05-02",Active
SO0001350,SO-202405-00581,"2025-05-02","10096",南京安盾安保有限公司,30,P0004,UAV-XF-PRO-B,UAV-XF-PRO-B,5,台,4199,"0.0%",4199,20995,已发货,已确认,项目销售,销售一部,赵敏,"2025-06-06",否,HT-2024-365,"2024年郑州市公共安全项目",南京安盾安保有限公司,QT-202404-00544,"","2025-05-02",Active
SO0001351,SO-202303-00582,"2025-03-31","10096",南京安盾安保有限公司,10,P0005,UAV-XF-PRO-C,UAV-XF-PRO-C,30,台,4599,"7.8%",4240,127208,已取消,已取消,项目销售,销售一部,郑海,"2025-05-05",否,HT-2023-240,"2023年郑州市公共安全项目",南京安盾安保有限公司,QT-202303-00617,"","2025-03-31",Active
SO0001352,SO-202303-00582,"2025-03-31","10096",南京安盾安保有限公司,20,P0004,UAV-XF-PRO-B,UAV-XF-PRO-B,20,台,4199,"2.1%",4111,82216,已取消,已取消,项目销售,销售一部,郑海,"2025-05-23",否,HT-2023-240,"2023年郑州市公共安全项目",南京安盾安保有限公司,QT-202303-00617,"","2025-03-31",Active
SO0001353,SO-202303-00582,"2025-03-31","10096",南京安盾安保有限公司,30,P0008,UAV-JF-ENT-SC,UAV-JF-ENT-SC,11,台,35999,"8.4%",32975,362726,已取消,已取消,项目销售,销售一部,郑海,"2025-05-26",否,HT-2023-240,"2023年郑州市公共安全项目",南京安盾安保有限公司,QT-202303-00617,"","2025-03-31",Active
SO0001354,SO-202407-00583,"2025-07-07","10096",南京安盾安保有限公司,10,P0005,UAV-XF-PRO-C,UAV-XF-PRO-C,5,台,4599,"0.0%",4599,22995,已发货,已确认,直销,销售一部,周杰,"2025-07-29",否,"","",南京安盾安保有限公司,"","","2025-07-07",Active
SO0001355,SO-202301-00584,"2025-01-30","10096",南京安盾安保有限公司,10,P0005,UAV-XF-PRO-C,UAV-XF-PRO-C,2,台,4599,"0.0%",4599,9198,已发货,已确认,直销,销售一部,陈静,"2025-03-19",否,"","",南京安盾安保有限公司,QT-202301-00584,"","2025-01-30",Active
SO0001356,SO-202301-00584,"2025-01-30","10096",南京安盾安保有限公司,20,P0008,UAV-JF-ENT-SC,UAV-JF-ENT-SC,5,台,35999,"0.0%",35999,179995,已发货,已确认,直销,销售一部,陈静,"2025-03-04",否,"","",南京安盾安保有限公司,QT-202301-00584,"","2025-01-30",Active
SO0001357,SO-202411-00585,"2025-11-17","10097",苏州警盾安全技术科技有限公司,10,P0004,UAV-XF-PRO-B,UAV-XF-PRO-B,14,台,4199,"12.4%",3678,51496,已发货,已确认,项目销售,销售一部,赵敏,"2025-12-11",否,HT-2024-408,洛阳市安保服务应用项目,苏州警盾安全技术科技有限公司,QT-202411-00580,"","2025-11-17",Active
SO0001358,SO-202411-00585,"2025-11-17","10097",苏州警盾安全技术科技有限公司,20,P0005,UAV-XF-PRO-C,UAV-XF-PRO-C,14,台,4599,"14.7%",3923,54921,已发货,已确认,项目销售,销售一部,赵敏,"2025-11-20",否,HT-2024-408,洛阳市安保服务应用项目,苏州警盾安全技术科技有限公司,QT-202411-00580,"","2025-11-17",Active
SO0001359,SO-202411-00585,"2025-11-17","10097",苏州警盾安全技术科技有限公司,30,P0008,UAV-JF-ENT-SC,UAV-JF-ENT-SC,13,台,35999,"7.4%",33335,433356,已发货,已确认,项目销售,销售一部,赵敏,"2025-12-07",否,HT-2024-408,洛阳市安保服务应用项目,苏州警盾安全技术科技有限公司,QT-202411-00580,"","2025-11-17",Active
SO0001360,SO-202409-00586,"2025-09-07","10097",苏州警盾安全技术科技有限公司,10,P0004,UAV-XF-PRO-B,UAV-XF-PRO-B,25,台,4199,"11.2%",3729,93218,已发货,已确认,项目销售,销售一部,王强,"2025-10-02",否,HT-2024-196,洛阳市安保服务应用项目,苏州警盾安全技术科技有限公司,QT-202409-00586,"","2025-09-07",Active
SO0001361,SO-202409-00586,"2025-09-07","10097",苏州警盾安全技术科技有限公司,20,P0008,UAV-JF-ENT-SC,UAV-JF-ENT-SC,12,台,35999,"10.6%",32183,386197,已发货,已确认,项目销售,销售一部,王强,"2025-10-12",否,HT-2024-196,洛阳市安保服务应用项目,苏州警盾安全技术科技有限公司,QT-202409-00586,"","2025-09-07",Active
SO0001362,SO-202409-00586,"2025-09-07","10097",苏州警盾安全技术科技有限公司,30,P0005,UAV-XF-PRO-C,UAV-XF-PRO-C,8,台,4599,"5.6%",4341,34732,已发货,已确认,项目销售,销售一部,王强,"2025-10-21",否,HT-2024-196,洛阳市安保服务应用项目,苏州警盾安全技术科技有限公司,QT-202409-00586,"","2025-09-07",Active
SO0001363,SO-202304-00587,"2025-04-29","10097",苏州警盾安全技术科技有限公司,10,P0008,UAV-JF-ENT-SC,UAV-JF-ENT-SC,5,台,35999,"9.1%",32723,163615,已发货,已确认,项目销售,销售一部,郑海,"2025-06-03",否,HT-2023-382,"2023年洛阳市公共安全项目",苏州警盾安全技术科技有限公司,QT-202304-00591,"","2025-04-29",Active
SO0001364,SO-202304-00587,"2025-04-29","10097",苏州警盾安全技术科技有限公司,20,P0004,UAV-XF-PRO-B,UAV-XF-PRO-B,5,台,4199,"13.8%",3620,18098,已发货,已确认,项目销售,销售一部,郑海,"2025-06-03",否,HT-2023-382,"2023年洛阳市公共安全项目",苏州警盾安全技术科技有限公司,QT-202304-00591,"","2025-04-29",Active
SO0001365,SO-202304-00587,"2025-04-29","10097",苏州警盾安全技术科技有限公司,30,P0005,UAV-XF-PRO-C,UAV-XF-PRO-C,22,台,4599,"10.2%",4130,90858,已发货,已确认,项目销售,销售一部,郑海,"2025-05-23",否,HT-2023-382,"2023年洛阳市公共安全项目",苏州警盾安全技术科技有限公司,QT-202304-00591,"","2025-04-29",Active
SO0001366,SO-202401-00588,"2025-01-25","10097",苏州警盾安全技术科技有限公司,10,P0005,UAV-XF-PRO-C,UAV-XF-PRO-C,9,台,4599,"8.5%",4208,37873,已发货,已确认,直销,销售一部,袁琳,"2025-03-05",否,"","",苏州警盾安全技术科技有限公司,QT-202401-00570,"","2025-01-25",Active
SO0001367,SO-202401-00588,"2025-01-25","10097",苏州警盾安全技术科技有限公司,20,P0004,UAV-XF-PRO-B,UAV-XF-PRO-B,5,台,4199,"11.7%",3708,18539,已发货,已确认,直销,销售一部,袁琳,"2025-02-11",否,"","",苏州警盾安全技术科技有限公司,QT-202401-00570,"","2025-01-25",Active
SO0001368,SO-202401-00588,"2025-01-25","10097",苏州警盾安全技术科技有限公司,30,P0008,UAV-JF-ENT-SC,UAV-JF-ENT-SC,7,台,35999,"11.8%",31751,222258,已发货,已确认,直销,销售一部,袁琳,"2025-03-16",否,"","",苏州警盾安全技术科技有限公司,QT-202401-00570,"","2025-01-25",Active
SO0001369,SO-202411-00589,"2025-11-26","10097",苏州警盾安全技术科技有限公司,10,P0005,UAV-XF-PRO-C,UAV-XF-PRO-C,28,台,4599,"7.8%",4240,118728,已发货,已确认,项目销售,销售一部,刘洋,"2025-12-19",否,HT-2024-276,苏州警盾安全技术科技有限公司设备采购项目,苏州警盾安全技术科技有限公司,QT-202411-00581,"","2025-11-26",Active
SO0001370,SO-202411-00589,"2025-11-26","10097",苏州警盾安全技术科技有限公司,20,P0008,UAV-JF-ENT-SC,UAV-JF-ENT-SC,10,台,35999,"14.4%",30815,308151,已发货,已确认,项目销售,销售一部,刘洋,"2025-12-15",否,HT-2024-276,苏州警盾安全技术科技有限公司设备采购项目,苏州警盾安全技术科技有限公司,QT-202411-00581,"","2025-11-26",Active
SO0001371,SO-202310-00590,"2025-10-31","10097",苏州警盾安全技术科技有限公司,10,P0008,UAV-JF-ENT-SC,UAV-JF-ENT-SC,14,台,35999,"12.6%",31463,440484,已发货,已确认,项目销售,销售一部,周杰,"2025-12-08",否,HT-2023-341,洛阳市安保服务应用项目,苏州警盾安全技术科技有限公司,QT-202310-00565,"","2025-10-31",Active
SO0001372,SO-202310-00590,"2025-10-31","10097",苏州警盾安全技术科技有限公司,20,P0005,UAV-XF-PRO-C,UAV-XF-PRO-C,16,台,4599,"11.6%",4066,65048,已发货,已确认,项目销售,销售一部,周杰,"2025-12-11",否,HT-2023-341,洛阳市安保服务应用项目,苏州警盾安全技术科技有限公司,QT-202310-00565,"","2025-10-31",Active
SO0001373,SO-202310-00590,"2025-10-31","10097",苏州警盾安全技术科技有限公司,30,P0004,UAV-XF-PRO-B,UAV-XF-PRO-B,15,台,4199,"7.5%",3884,58261,已发货,已确认,项目销售,销售一部,周杰,"2025-12-16",否,HT-2023-341,洛阳市安保服务应用项目,苏州警盾安全技术科技有限公司,QT-202310-00565,"","2025-10-31",Active
SO0001374,SO-202412-00591,"2025-12-06","10097",苏州警盾安全技术科技有限公司,10,P0005,UAV-XF-PRO-C,UAV-XF-PRO-C,25,台,4599,"7.1%",4272,106812,已发货,已确认,项目销售,销售一部,赵敏,"2025-12-09",否,HT-2024-111,苏州警盾安全技术科技有限公司设备采购项目,苏州警盾安全技术科技有限公司,QT-202411-00588,"","2025-12-06",Active
SO0001375,SO-202412-00591,"2025-12-06","10097",苏州警盾安全技术科技有限公司,20,P0008,UAV-JF-ENT-SC,UAV-JF-ENT-SC,5,台,35999,"9.5%",32579,162896,已发货,已确认,项目销售,销售一部,赵敏,"2025-12-26",否,HT-2024-111,苏州警盾安全技术科技有限公司设备采购项目,苏州警盾安全技术科技有限公司,QT-202411-00588,"","2025-12-06",Active
SO0001376,SO-202412-00591,"2025-12-06","10097",苏州警盾安全技术科技有限公司,30,P0004,UAV-XF-PRO-B,UAV-XF-PRO-B,11,台,4199,"10.5%",3758,41339,已发货,已确认,项目销售,销售一部,赵敏,"2025-12-28",否,HT-2024-111,苏州警盾安全技术科技有限公司设备采购项目,苏州警盾安全技术科技有限公司,QT-202411-00588,"","2025-12-06",Active
SO0001377,SO-202303-00592,"2025-03-02","10097",苏州警盾安全技术科技有限公司,10,P0008,UAV-JF-ENT-SC,UAV-JF-ENT-SC,13,台,35999,"8.2%",33047,429612,已发货,已确认,项目销售,销售一部,孙丽,"2025-03-18",否,HT-2023-116,洛阳市安保服务应用项目,苏州警盾安全技术科技有限公司,QT-202303-00592,"","2025-03-02",Active
SO0001378,SO-202303-00592,"2025-03-02","10097",苏州警盾安全技术科技有限公司,20,P0005,UAV-XF-PRO-C,UAV-XF-PRO-C,6,台,4599,"8.6%",4203,25221,已发货,已确认,项目销售,销售一部,孙丽,"2025-04-30",否,HT-2023-116,洛阳市安保服务应用项目,苏州警盾安全技术科技有限公司,QT-202303-00592,"","2025-03-02",Active
SO0001379,SO-202303-00592,"2025-03-02","10097",苏州警盾安全技术科技有限公司,30,P0004,UAV-XF-PRO-B,UAV-XF-PRO-B,12,台,4199,"10.2%",3771,45248,已发货,已确认,项目销售,销售一部,孙丽,"2025-03-19",否,HT-2023-116,洛阳市安保服务应用项目,苏州警盾安全技术科技有限公司,QT-202303-00592,"","2025-03-02",Active
SO0001380,SO-202405-00593,"2025-05-14","10097",苏州警盾安全技术科技有限公司,10,P0008,UAV-JF-ENT-SC,UAV-JF-ENT-SC,11,台,35999,"11.8%",31751,349262,已发货,已确认,项目销售,销售一部,冯涛,"2025-06-22",否,HT-2024-012,洛阳市安保服务应用项目,苏州警盾安全技术科技有限公司,QT-202405-00549,"","2025-05-14",Active
SO0001381,SO-202405-00593,"2025-05-14","10097",苏州警盾安全技术科技有限公司,20,P0005,UAV-XF-PRO-C,UAV-XF-PRO-C,29,台,4599,"8.7%",4199,121768,已发货,已确认,项目销售,销售一部,冯涛,"2025-06-23",否,HT-2024-012,洛阳市安保服务应用项目,苏州警盾安全技术科技有限公司,QT-202405-00549,"","2025-05-14",Active
SO0001382,SO-202405-00593,"2025-05-14","10097",苏州警盾安全技术科技有限公司,30,P0004,UAV-XF-PRO-B,UAV-XF-PRO-B,5,台,4199,"9.9%",3783,18917,已发货,已确认,项目销售,销售一部,冯涛,"2025-06-16",否,HT-2024-012,洛阳市安保服务应用项目,苏州警盾安全技术科技有限公司,QT-202405-00549,"","2025-05-14",Active
SO0001383,SO-202312-00594,"2025-12-23","10097",苏州警盾安全技术科技有限公司,10,P0008,UAV-JF-ENT-SC,UAV-JF-ENT-SC,3,台,35999,"13.0%",31319,93957,已发货,已确认,项目销售,销售一部,冯涛,"2025-12-26",否,HT-2023-100,洛阳市安保服务应用项目,苏州警盾安全技术科技有限公司,QT-202312-00594,"","2025-12-23",Active
SO0001384,SO-202312-00594,"2025-12-23","10097",苏州警盾安全技术科技有限公司,20,P0004,UAV-XF-PRO-B,UAV-XF-PRO-B,11,台,4199,"12.7%",3666,40323,已发货,已确认,项目销售,销售一部,冯涛,"2025-12-26",否,HT-2023-100,洛阳市安保服务应用项目,苏州警盾安全技术科技有限公司,QT-202312-00594,"","2025-12-23",Active
SO0001385,SO-202312-00594,"2025-12-23","10097",苏州警盾安全技术科技有限公司,30,P0005,UAV-XF-PRO-C,UAV-XF-PRO-C,5,台,4599,"11.5%",4070,20351,已发货,已确认,项目销售,销售一部,冯涛,"2025-12-26",否,HT-2023-100,洛阳市安保服务应用项目,苏州警盾安全技术科技有限公司,QT-202312-00594,"","2025-12-23",Active
SO0001386,SO-202408-00595,"2025-08-17","10097",苏州警盾安全技术科技有限公司,10,P0005,UAV-XF-PRO-C,UAV-XF-PRO-C,11,台,4599,"13.5%",3978,43759,已发货,已确认,项目销售,销售一部,李娜,"2025-09-01",否,HT-2024-227,洛阳市安保服务应用项目,苏州警盾安全技术科技有限公司,QT-202408-00527,"","2025-08-17",Active
SO0001387,SO-202408-00595,"2025-08-17","10097",苏州警盾安全技术科技有限公司,20,P0008,UAV-JF-ENT-SC,UAV-JF-ENT-SC,13,台,35999,"7.6%",33263,432420,已发货,已确认,项目销售,销售一部,李娜,"2025-09-19",否,HT-2024-227,洛阳市安保服务应用项目,苏州警盾安全技术科技有限公司,QT-202408-00527,"","2025-08-17",Active
SO0001388,SO-202408-00595,"2025-08-17","10097",苏州警盾安全技术科技有限公司,30,P0004,UAV-XF-PRO-B,UAV-XF-PRO-B,13,台,4199,"9.4%",3804,49456,已发货,已确认,项目销售,销售一部,李娜,"2025-10-03",否,HT-2024-227,洛阳市安保服务应用项目,苏州警盾安全技术科技有限公司,QT-202408-00527,"","2025-08-17",Active
SO0001389,SO-202308-00596,"2025-08-03","10097",苏州警盾安全技术科技有限公司,10,P0008,UAV-JF-ENT-SC,UAV-JF-ENT-SC,8,台,35999,"13.0%",31319,250553,已发货,已确认,直销,销售一部,杨帆,"2025-09-03",是,"","",苏州警盾安全技术科技有限公司,QT-202307-00517,"","2025-08-03",Active
SO0001390,SO-202308-00596,"2025-08-03","10097",苏州警盾安全技术科技有限公司,20,P0005,UAV-XF-PRO-C,UAV-XF-PRO-C,9,台,4599,"13.8%",3964,35679,已发货,已确认,直销,销售一部,杨帆,"2025-09-05",是,"","",苏州警盾安全技术科技有限公司,QT-202307-00517,"","2025-08-03",Active
SO0001391,SO-202308-00596,"2025-08-03","10097",苏州警盾安全技术科技有限公司,30,P0004,UAV-XF-PRO-B,UAV-XF-PRO-B,10,台,4199,"14.7%",3582,35818,已发货,已确认,直销,销售一部,杨帆,"2025-09-25",是,"","",苏州警盾安全技术科技有限公司,QT-202307-00517,"","2025-08-03",Active
SO0001392,SO-202306-00597,"2025-06-01","10097",苏州警盾安全技术科技有限公司,10,P0005,UAV-XF-PRO-C,UAV-XF-PRO-C,5,台,4599,"13.9%",3960,19799,已发货,已确认,直销,销售一部,冯涛,"2025-07-10",否,"","",苏州警盾安全技术科技有限公司,QT-202305-00626,"","2025-06-01",Active
SO0001393,SO-202306-00597,"2025-06-01","10097",苏州警盾安全技术科技有限公司,20,P0004,UAV-XF-PRO-B,UAV-XF-PRO-B,4,台,4199,"7.6%",3880,15520,已发货,已确认,直销,销售一部,冯涛,"2025-06-29",否,"","",苏州警盾安全技术科技有限公司,QT-202305-00626,"","2025-06-01",Active
SO0001394,SO-202306-00597,"2025-06-01","10097",苏州警盾安全技术科技有限公司,30,P0008,UAV-JF-ENT-SC,UAV-JF-ENT-SC,6,台,35999,"7.4%",33335,200010,已发货,已确认,直销,销售一部,冯涛,"2025-07-05",否,"","",苏州警盾安全技术科技有限公司,QT-202305-00626,"","2025-06-01",Active
SO0001395,SO-202305-00598,"2025-05-01","10097",苏州警盾安全技术科技有限公司,10,P0005,UAV-XF-PRO-C,UAV-XF-PRO-C,19,台,4599,"14.5%",3932,74711,已发货,已确认,项目销售,销售一部,曹磊,"2025-06-25",否,HT-2023-207,"2023年洛阳市公共安全项目",苏州警盾安全技术科技有限公司,QT-202305-00598,"","2025-05-01",Active
SO0001396,SO-202305-00598,"2025-05-01","10097",苏州警盾安全技术科技有限公司,20,P0004,UAV-XF-PRO-B,UAV-XF-PRO-B,12,台,4199,"9.3%",3808,45702,已发货,已确认,项目销售,销售一部,曹磊,"2025-06-01",否,HT-2023-207,"2023年洛阳市公共安全项目",苏州警盾安全技术科技有限公司,QT-202305-00598,"","2025-05-01",Active
SO0001397,SO-202305-00598,"2025-05-01","10097",苏州警盾安全技术科技有限公司,30,P0008,UAV-JF-ENT-SC,UAV-JF-ENT-SC,6,台,35999,"9.9%",32435,194611,已发货,已确认,项目销售,销售一部,曹磊,"2025-06-04",否,HT-2023-207,"2023年洛阳市公共安全项目",苏州警盾安全技术科技有限公司,QT-202305-00598,"","2025-05-01",Active
SO0001398,SO-202405-00599,"2025-05-15","10097",苏州警盾安全技术科技有限公司,10,P0008,UAV-JF-ENT-SC,UAV-JF-ENT-SC,8,台,35999,"12.9%",31355,250841,已取消,已取消,项目销售,销售一部,郑海,"2025-06-23",否,HT-2024-355,洛阳市安保服务应用项目,苏州警盾安全技术科技有限公司,QT-202405-00550,"","2025-05-15",Active
SO0001399,SO-202405-00599,"2025-05-15","10097",苏州警盾安全技术科技有限公司,20,P0005,UAV-XF-PRO-C,UAV-XF-PRO-C,28,台,4599,"11.7%",4061,113706,已取消,已取消,项目销售,销售一部,郑海,"2025-06-24",否,HT-2024-355,洛阳市安保服务应用项目,苏州警盾安全技术科技有限公司,QT-202405-00550,"","2025-05-15",Active
SO0001400,SO-202401-00600,"2025-01-27","10098",成都守护警用装备服务有限公司,10,P0004,UAV-XF-PRO-B,UAV-XF-PRO-B,30,台,4199,"2.1%",4111,123325,已发货,已确认,项目销售,销售一部,吴磊,"2025-02-26",否,HT-2024-062,"2024年上海市公共安全项目",成都守护警用装备服务有限公司,QT-202401-00571,"","2025-01-27",Active
SO0001401,SO-202401-00600,"2025-01-27","10098",成都守护警用装备服务有限公司,20,P0005,UAV-XF-PRO-C,UAV-XF-PRO-C,7,台,4599,"0.0%",4599,32193,已发货,已确认,项目销售,销售一部,吴磊,"2025-03-21",否,HT-2024-062,"2024年上海市公共安全项目",成都守护警用装备服务有限公司,QT-202401-00571,"","2025-01-27",Active
SO0001402,SO-202401-00600,"2025-01-27","10098",成都守护警用装备服务有限公司,30,P0008,UAV-JF-ENT-SC,UAV-JF-ENT-SC,4,台,35999,"0.0%",35999,143996,已发货,已确认,项目销售,销售一部,吴磊,"2025-02-11",否,HT-2024-062,"2024年上海市公共安全项目",成都守护警用装备服务有限公司,QT-202401-00571,"","2025-01-27",Active
SO0001403,SO-202603-90001,"2026-03-15","10001",深圳智慧农业科技有限公司,10,P0001,UAV-XF-BASIC,旋风基础版整机,1127,台,9999,"0.0%",9999,11268873,已发货,已确认,项目销售,销售一部,孙丽,"2026-04-15",否,HT-2026-1403,"2026年度采购项目",深圳智慧农业科技有限公司,QT-202603-01403,"","2026-03-15",Active
SO0001404,SO-202604-00001,"2026-04-01","10059",杭州测控地理信息技术有限公司,10,P0009,UAV-BF-IND-H20,霸风20L植保无人机,260,台,45999,"0.0%",45999,11959740,执行中,已确认,项目销售,销售一部,孙丽,"2026-05-01",否,HT-2026-1404,"2026年度采购项目",杭州测控地理信息技术有限公司,QT-202603-01404,"","2026-04-01",Active
SO0001405,SO-202604-00001,"2026-04-01","10059",杭州测控地理信息技术有限公司,11,P0009,UAV-BF-IND-H20,霸风20L植保无人机,104,台,45999,"5.0%",43699,4544701,执行中,已确认,项目销售,销售一部,孙丽,"2026-05-01",否,HT-2026-1405,"2026年度采购项目",杭州测控地理信息技术有限公司,QT-202603-01405,"","2026-04-01",Active
SO0001406,SO-202604-00001,"2026-04-01","10059",杭州测控地理信息技术有限公司,12,P0009,UAV-BF-IND-H20,霸风20L植保无人机,156,台,45999,"0.0%",45999,7175844,执行中,已确认,项目销售,销售一部,孙丽,"2026-05-01",否,HT-2026-1406,"2026年度采购项目",杭州测控地理信息技术有限公司,QT-202603-01406,"","2026-04-01",Active
SO0001407,SO-202604-00003,"2026-04-02","10021",大连安控警用装备有限公司,10,P0010,UAV-BF-IND-H30,霸风30L植保无人机,260,台,58999,"0.0%",58999,15339740,执行中,已确认,项目销售,销售一部,孙丽,"2026-05-10",否,HT-2026-1407,"2026年度采购项目",大连安控警用装备有限公司,QT-202603-01407,"","2026-04-02",Active
SO0001408,SO-202604-00003,"2026-04-02","10021",大连安控警用装备有限公司,11,P0010,UAV-BF-IND-H30,霸风30L植保无人机,130,台,58999,"3.0%",57229,7439774,执行中,已确认,项目销售,销售一部,孙丽,"2026-05-10",否,HT-2026-1408,"2026年度采购项目",大连安控警用装备有限公司,QT-202603-01408,"","2026-04-02",Active
SO0001409,SO-202604-00003,"2026-04-02","10021",大连安控警用装备有限公司,12,P0010,UAV-BF-IND-H30,霸风30L植保无人机,130,台,58999,"0.0%",58999,7669870,执行中,已确认,项目销售,销售一部,孙丽,"2026-05-10",否,HT-2026-1409,"2026年度采购项目",大连安控警用装备有限公司,QT-202603-01409,"","2026-04-02",Active
SO0001410,SO-202604-00005,"2026-04-05","10007",西安无人机产业研究院,10,P0006,UAV-JF-ENT-AG,疾风农业企业版,380,台,22999,"0.0%",22999,8739620,执行中,已确认,项目销售,销售一部,孙丽,"2026-05-15",否,HT-2026-1410,"2026年度采购项目",西安无人机产业研究院,QT-202603-01410,"","2026-04-05",Active
SO0001411,SO-202605-00002,"2026-05-01","10001",深圳智慧农业科技有限公司,10,P0009,UAV-BF-IND-H20,霸风20L植保无人机,460,台,45999,"0.0%",45999,21159540,已确认,已确认,项目销售,销售一部,孙丽,"2026-06-01",否,HT-2026-1411,"2026年度采购项目",深圳智慧农业科技有限公司,QT-202603-01411,"","2026-05-01",Active
SO0001412,SO-202605-00002,"2026-05-01","10001",深圳智慧农业科技有限公司,11,P0009,UAV-BF-IND-H20,霸风20L植保无人机,207,台,45999,"5.0%",43699,9045703,已确认,已确认,项目销售,销售一部,孙丽,"2026-06-01",否,HT-2026-1412,"2026年度采购项目",深圳智慧农业科技有限公司,QT-202603-01412,"","2026-05-01",Active
SO0001413,SO-202605-00002,"2026-05-01","10001",深圳智慧农业科技有限公司,12,P0009,UAV-BF-IND-H20,霸风20L植保无人机,253,台,45999,"0.0%",45999,11637747,已确认,已确认,项目销售,销售一部,孙丽,"2026-06-01",否,HT-2026-1413,"2026年度采购项目",深圳智慧农业科技有限公司,QT-202603-01413,"","2026-05-01",Active
SO0001414,SO-202605-00004,"2026-05-10","10021",大连安控警用装备有限公司,10,P0010,UAV-BF-IND-H30,霸风30L植保无人机,600,台,58999,"0.0%",58999,35399400,已确认,已确认,项目销售,销售一部,孙丽,"2026-06-20",否,HT-2026-1414,"2026年度采购项目",大连安控警用装备有限公司,QT-202603-01414,"","2026-05-10",Active
SO0001415,SO-202605-00006,"2026-05-15","10007",西安无人机产业研究院,10,P0006,UAV-JF-ENT-AG,疾风农业企业版,600,台,22999,"0.0%",22999,13799400,已确认,已确认,项目销售,销售一部,孙丽,"2026-07-01",否,HT-2026-1415,"2026年度采购项目",西安无人机产业研究院,QT-202603-01415,"","2026-05-15",Active
