"shipment_id","shipment_number","shipment_date","warehouse_id","warehouse_name","quantity","consignee","consignee_phone","delivery_address","logistics_provider","tracking_number","actual_delivery_date","delivery_status","sales_order_number","notes","created_date","status","customer_id"
SH0000001,SH-202305-0001,"2025-05-26",WH001,深圳天翼中央成品仓库,58.0,南京云仓配送科技有限公司,"13934877544",重庆市重庆市,百世快递,SF20230526194360,"",运输中,SO-202304-00413,客户预约收货,"2025-05-26",InTransit,"10067"
SH0000002,SH-202305-0002,"2025-05-26",WH001,深圳天翼中央成品仓库,41.0,沈阳华能能源有限公司,"13567934946",四川省德阳市,德邦物流,SF20230526537141,"2025-05-28",已签收,SO-202304-00371,项目现场签收,"2025-05-26",Closed,"10059"
SH0000003,SH-202305-0003,"2025-05-06",WH001,深圳天翼中央成品仓库,21.0,青岛物流通配送集团有限公司,"18542017473",山东省烟台市,圆通速递,SF20230506329832,"2025-05-10",已签收,SO-202303-00143,整批签收完成,"2025-05-06",Closed,"10023"
SH0000004,SH-202305-0004,"2025-05-17",WH001,深圳天翼中央成品仓库,5.0,大连安控警用装备有限公司,"13697351249",重庆市重庆市,德邦物流,SF20230517928267,"2025-05-23",已签收,SO-202404-00124,客户验收通过,"2025-05-17",Closed,"10021"
SH0000006,SH-202305-0006,"2025-05-11",WH001,深圳天翼中央成品仓库,33.0,西安沃土植保科技有限公司,"18627022886",重庆市重庆市,中通快递,SF20230511175333,"",已发货,SO-202303-00047,待客户签收回单,"2025-05-11",Active,"10008"
SH0000007,SH-202305-0007,"2025-05-02",WH001,深圳天翼中央成品仓库,41.0,杭州太平洋保险财产保险支公司,"13624376110",辽宁省沈阳市,京东物流,SF20230502562584,"2025-05-07",已签收,SO-202403-00038,整批签收完成,"2025-05-02",Closed,"10007"
SH0000008,SH-202305-0008,"2025-05-03",WH001,深圳天翼中央成品仓库,8.0,沈阳地信勘测工程有限公司,"13536652431",福建省福州市,顺丰速运,SF20230503976322,"2025-05-05",已签收,SO-202303-00196,客户验收通过,"2025-05-03",Closed,"10030"
SH0000009,SH-202305-0009,"2025-05-25",WH001,深圳天翼中央成品仓库,29.0,天津安邦安防服务有限公司,"18082461914",上海市上海市,百世快递,SF20230525702644,"",已发货,SO-202304-00172,分批发货-首批,"2025-05-25",Active,"10027"
SH0000010,SH-202305-0010,"2025-05-09",WH001,深圳天翼中央成品仓库,35.0,深圳景区管理文化旅游有限公司,"13621769629",陕西省西安市,申通快递,SF20230509245065,"2025-05-14",已签收,SO-202404-00145,项目现场签收,"2025-05-09",Closed,"10023"
SH0000011,SH-202305-0011,"2025-05-18",WH001,深圳天翼中央成品仓库,41.0,上海沃土农资技术有限公司,"18844079627",湖北省襄阳市,中通快递,SF20230518175218,"",运输中,SO-202404-00233,收货窗口待确认,"2025-05-18",InTransit,"10035"
SH0000012,SH-202305-0012,"2025-05-03",WH001,深圳天翼中央成品仓库,50.0,哈尔滨电子科技经销有限公司,"13601259650",湖北省襄阳市,中通快递,SF20230503300750,"",运输中,SO-202303-00401,干线中转中,"2025-05-03",InTransit,"10063"
SH0000013,SH-202305-0013,"2025-05-11",WH001,深圳天翼中央成品仓库,15.0,青岛建模工程股份有限公司,"18524057140",江苏省南京市,百世快递,SF20230511328668,"",运输中,SO-202303-00142,客户预约收货,"2025-05-11",InTransit,"10023"
SH0000014,SH-202305-0014,"2025-05-15",WH001,深圳天翼中央成品仓库,4.0,大连农兴植保有限公司,"13819401855",浙江省宁波市,德邦物流,SF20230515537031,"2025-05-18",已签收,SO-202303-00565,项目现场签收,"2025-05-15",Closed,"10094"
SH0000015,SH-202305-0015,"2025-05-16",WH001,深圳天翼中央成品仓库,42.0,杭州光影时代影像工作室,"13829008263",福建省厦门市,百世快递,SF20230516419237,"",运输中,SO-202303-00001,收货窗口待确认,"2025-05-16",InTransit,"10001"
SH0000016,SH-202305-0016,"2025-05-11",WH001,深圳天翼中央成品仓库,27.0,北京航空航天大学机械学院实验室,"18613503486",福建省福州市,圆通速递,SF20230511492818,"2025-05-17",已签收,SO-202403-00213,客户验收通过,"2025-05-11",Closed,"10033"
SH0000017,SH-202305-0017,"2025-05-02",WH001,深圳天翼中央成品仓库,5.0,哈尔滨天图空间信息工程有限公司,"13624403511",上海市上海市,中通快递,SF20230502109584,"",已发货,SO-202304-00461,分批发货-首批,"2025-05-02",Active,"10075"
SH0000018,SH-202305-0018,"2025-05-09",WH001,深圳天翼中央成品仓库,3.0,厦门新能源风电技术有限公司,"18639607173",湖南省长沙市,申通快递,SF20230509428541,"2025-05-13",已签收,SO-202403-00015,项目现场签收,"2025-05-09",Closed,"10003"
SH0000020,SH-202305-0020,"2025-05-02",WH001,深圳天翼中央成品仓库,17.0,北京环境水务科技有限公司,"13850565834",湖北省武汉市,申通快递,SF20230502895165,"",已发货,SO-202304-00051,仓库已出库待揽收,"2025-05-02",Active,"10008"
SH0000021,SH-202305-0021,"2025-05-01",WH001,深圳天翼中央成品仓库,26.0,青岛精测地理信息服务有限公司,"18607011007",四川省绵阳市,顺丰速运,SF20230501616547,"",运输中,SO-202403-00556,客户预约收货,"2025-05-01",InTransit,"10093"
SH0000022,SH-202305-0022,"2025-05-04",WH001,深圳天翼中央成品仓库,27.0,青岛沃土植保有限公司,"13866891322",湖南省株洲市,中通快递,SF20230504833681,"2025-05-10",已签收,SO-202303-00181,项目现场签收,"2025-05-04",Closed,"10028"
SH0000023,SH-202305-0023,"2025-05-21",WH001,深圳天翼中央成品仓库,34.0,青岛物流通配送集团有限公司,"13822731290",山东省烟台市,顺丰速运,SF20230521290548,"2025-05-26",已签收,SO-202403-00088,需加急,"2025-05-21",Closed,"10015"
SH0000024,SH-202305-0024,"2025-05-27",WH001,深圳天翼中央成品仓库,34.0,广州绿野农技技术有限公司,"13933667797",北京市北京市,京东物流,SF20230527663540,"2025-05-30",已签收,SO-202305-00027,客户要求提前,"2025-05-27",Closed,"10005"
SH0000025,SH-202305-0025,"2025-05-08",WH001,深圳天翼中央成品仓库,26.0,苏州光线文化工作室,"13680118157",重庆市重庆市,京东物流,SF20230508432423,"",运输中,SO-202303-00194,客户预约收货,"2025-05-08",InTransit,"10030"
SH0000026,SH-202305-0026,"2025-05-09",WH001,深圳天翼中央成品仓库,7.0,哈尔滨天图测量科技有限公司,"18067440042",浙江省绍兴市,德邦物流,SF20230509243466,"",已发货,SO-202403-00409,待客户签收回单,"2025-05-09",Active,"10066"
SH0000027,SH-202305-0027,"2025-05-24",WH001,深圳天翼中央成品仓库,17.0,天津安邦安防服务有限公司,"13553180424",上海市上海市,顺丰速运,SF20230524186106,"",已发货,SO-202404-00115,司机派送中,"2025-05-24",Active,"10020"
SH0000028,SH-202305-0028,"2025-05-14",WH001,深圳天翼中央成品仓库,15.0,厦门绿源农科技术有限公司,"13847112043",重庆市重庆市,韵达快递,SF20230514923019,"2025-05-18",已签收,SO-202304-00375,客户验收通过,"2025-05-14",Closed,"10060"
SH0000029,SH-202305-0029,"2025-05-22",WH001,深圳天翼中央成品仓库,7.0,杭州大地农资有限公司,"18021179321",上海市上海市,德邦物流,SF20230522429076,"",已发货,SO-202403-00103,分批发货-首批,"2025-05-22",Active,"10018"
SH0000030,SH-202305-0030,"2025-05-18",WH001,深圳天翼中央成品仓库,8.0,济南景区管理旅游集团有限公司,"18861297473",上海市上海市,申通快递,SF20230518838690,"2025-05-22",已签收,SO-202404-00524,项目现场签收,"2025-05-18",Closed,"10086"
SH0000031,SH-202305-0031,"2025-05-08",WH001,深圳天翼中央成品仓库,41.0,深圳影像空间文化文化传播有限公司,"18529534365",山东省青岛市,德邦物流,SF20230508976603,"",运输中,SO-202403-00325,收货窗口待确认,"2025-05-08",InTransit,"10053"
SH0000032,SH-202305-0032,"2025-05-10",WH001,深圳天翼中央成品仓库,24.0,济南工建工程测量技术有限公司,"18070107302",重庆市重庆市,圆通速递,SF20230510613276,"",运输中,SO-202304-00122,干线中转中,"2025-05-10",InTransit,"10020"
SH0000033,SH-202305-0033,"2025-05-21",WH001,深圳天翼中央成品仓库,14.0,哈尔滨电子科技经销有限公司,"18868543770",湖北省襄阳市,申通快递,SF20230521239924,"2025-05-27",已签收,SO-202404-00013,正常签收,"2025-05-21",Closed,"10003"
SH0000034,SH-202305-0034,"2025-05-27",WH001,深圳天翼中央成品仓库,19.0,天津光影工场广告文化传播有限公司,"18870700031",重庆市重庆市,百世快递,SF20230527201584,"2025-05-30",已签收,SO-202304-00220,项目现场签收,"2025-05-27",Closed,"10034"
SH0000035,SH-202305-0035,"2025-05-01",WH001,深圳天翼中央成品仓库,33.0,南京测控测绘科技有限公司,"18675645904",江苏省无锡市,百世快递,SF20230501698820,"2025-05-07",已签收,SO-202303-00187,整批签收完成,"2025-05-01",Closed,"10029"
SH0000037,SH-202305-0037,"2025-05-23",WH001,深圳天翼中央成品仓库,1.0,深圳安信安全服务有限公司,"13927736637",重庆市重庆市,百世快递,SF20230523597765,"2025-05-27",已签收,SO-202305-00547,正常签收,"2025-05-23",Closed,"10091"
SH0000038,SH-202305-0038,"2025-05-01",WH001,深圳天翼中央成品仓库,31.0,青岛物流通货运服务有限公司,"13574038130",黑龙江省哈尔滨市,圆通速递,SF20230501395403,"2025-05-03",已签收,SO-202304-00062,项目现场签收,"2025-05-01",Closed,"10011"
SH0000040,SH-202305-0040,"2025-05-02",WH001,深圳天翼中央成品仓库,53.0,上海绿野农业服务有限公司,"18836090967",江苏省苏州市,圆通速递,SF20230502581853,"2025-05-06",已签收,SO-202303-00557,客户验收通过,"2025-05-02",Closed,"10093"
SH0000041,SH-202305-0041,"2025-05-03",WH001,深圳天翼中央成品仓库,5.0,深圳阳光保险财产保险有限公司,"18026556543",广东省深圳市,中通快递,SF20230503217331,"",运输中,SO-202304-00188,客户预约收货,"2025-05-03",InTransit,"10029"
SH0000042,SH-202305-0042,"2025-05-28",WH001,深圳天翼中央成品仓库,31.0,青岛空地测量有限公司,"13897526649",湖北省宜昌市,京东物流,SF20230528979906,"",运输中,SO-202304-00170,末端配送延迟,"2025-05-28",InTransit,"10026"
SH0000043,SH-202305-0043,"2025-05-04",WH001,深圳天翼中央成品仓库,29.0,青岛田园农科有限公司,"18836204351",辽宁省沈阳市,顺丰速运,SF20230504395882,"2025-05-10",已签收,SO-202403-00120,整批签收完成,"2025-05-04",Closed,"10020"
SH0000044,SH-202305-0044,"2025-05-04",WH001,深圳天翼中央成品仓库,40.0,沈阳智电新能源股份有限公司,"18860530505",陕西省西安市,顺丰速运,SF20230504730145,"2025-05-09",已签收,SO-202403-00079,客户验收通过,"2025-05-04",Closed,"10015"
SH0000045,SH-202305-0045,"2025-05-01",WH001,深圳天翼中央成品仓库,25.0,厦门绿洲农资科技有限公司,"18099714075",北京市北京市,申通快递,SF20230501813993,"",运输中,SO-202303-00165,客户预约收货,"2025-05-01",InTransit,"10025"
SH0000046,SH-202305-0046,"2025-05-13",WH001,深圳天翼中央成品仓库,4.0,大连农兴植保有限公司,"13560045659",浙江省宁波市,顺丰速运,SF20230513685962,"2025-05-18",已签收,SO-202403-00239,项目现场签收,"2025-05-13",Closed,"10037"
SH0000047,SH-202305-0047,"2025-05-25",WH001,深圳天翼中央成品仓库,23.0,青岛环保环保工程有限公司,"18058469422",上海市上海市,百世快递,SF20230525366306,"",已发货,SO-202304-00570,司机派送中,"2025-05-25",Active,"10095"
SH0000048,SH-202305-0048,"2025-05-23",WH001,深圳天翼中央成品仓库,3.0,武汉顺丰配送服务有限公司,"18509175949",广东省广州市,德邦物流,SF20230523938551,"2025-05-29",已签收,SO-202304-00256,按时送达,"2025-05-23",Closed,"10040"
SH0000049,SH-202305-0049,"2025-05-15",WH001,深圳天翼中央成品仓库,3.0,南京安防警用装备科技有限公司,"18542340544",陕西省咸阳市,京东物流,SF20230515236053,"2025-05-21",已签收,SO-202304-00320,正常签收,"2025-05-15",Closed,"10051"
SH0000050,SH-202305-0050,"2025-05-12",WH001,深圳天翼中央成品仓库,21.0,郑州绿洲农服技术有限公司,"13684806693",重庆市重庆市,中通快递,SF20230512754893,"2025-05-14",已签收,SO-202403-00224,项目现场签收,"2025-05-12",Closed,"10034"
SH0000051,SH-202305-0051,"2025-05-02",WH001,深圳天翼中央成品仓库,25.0,中国林业科学院机械学院实验室,"13669920745",河南省洛阳市,申通快递,SF20230502651692,"",运输中,SO-202303-00087,收货窗口待确认,"2025-05-02",InTransit,"10015"
SH0000052,SH-202305-0052,"2025-05-21",WH001,深圳天翼中央成品仓库,29.0,沈阳测量地理信息科技有限公司,"18551921487",山东省青岛市,京东物流,SF20230521499508,"2025-05-28",已签收,SO-202403-00116,客户验收通过,"2025-05-21",Closed,"10020"
SH0000054,SH-202305-0054,"2025-05-20",WH001,深圳天翼中央成品仓库,53.0,长沙申通配送科技有限公司,"13652424174",江苏省无锡市,韵达快递,SF20230520701210,"2025-05-25",已签收,SO-202403-00330,项目现场签收,"2025-05-20",Closed,"10053"
SH0000055,SH-202305-0055,"2025-05-12",WH001,深圳天翼中央成品仓库,31.0,沈阳测量地理信息科技有限公司,"18096246474",山东省青岛市,京东物流,SF20230512966771,"2025-05-15",已签收,SO-202403-00203,整批签收完成,"2025-05-12",Closed,"10032"
SH0000056,SH-202305-0056,"2025-05-20",WH001,深圳天翼中央成品仓库,4.0,沈阳测量地理信息科技有限公司,"13578572363",山东省青岛市,德邦物流,SF20230520738322,"2025-05-27",已签收,SO-202305-00101,客户验收通过,"2025-05-20",Closed,"10018"
SH0000057,SH-202305-0057,"2025-05-15",WH001,深圳天翼中央成品仓库,4.0,上海建设工程测量集团有限公司,"13545404933",湖北省襄阳市,顺丰速运,SF20230515324554,"",已发货,SO-202304-00236,分批发货-首批,"2025-05-15",Active,"10036"
SH0000058,SH-202305-0058,"2025-05-13",WH001,深圳天翼中央成品仓库,3.0,青岛建模工程股份有限公司,"18045313709",江苏省南京市,京东物流,SF20230513506497,"2025-05-18",已签收,SO-202403-00152,项目现场签收,"2025-05-13",Closed,"10024"
SH0000059,SH-202305-0059,"2025-05-04",WH001,深圳天翼中央成品仓库,12.0,哈尔滨电子科技经销有限公司,"13547677010",湖北省襄阳市,中通快递,SF20230504174894,"2025-05-09",已签收,SO-202303-00119,整批签收完成,"2025-05-04",Closed,"10020"
SH0000060,SH-202305-0060,"2025-05-18",WH001,深圳天翼中央成品仓库,4.0,武汉守护安全技术有限公司,"18630146646",辽宁省大连市,韵达快递,SF20230518511898,"",已发货,SO-202404-00173,仓库已出库待揽收,"2025-05-18",Active,"10027"
SH0000061,SH-202305-0061,"2025-05-13",WH001,深圳天翼中央成品仓库,42.0,哈尔滨电子电子经销有限公司,"18638499981",福建省厦门市,申通快递,SF20230513542870,"2025-05-17",已签收,SO-202404-00060,正常签收,"2025-05-13",Closed,"10011"
SH0000062,SH-202305-0062,"2025-05-07",WH001,深圳天翼中央成品仓库,24.0,西安影像空间影像传媒有限公司,"18093922906",四川省成都市,京东物流,SF20230507250326,"",运输中,SO-202303-00052,末端配送延迟,"2025-05-07",InTransit,"10008"
SH0000063,SH-202305-0063,"2025-05-18",WH001,深圳天翼中央成品仓库,31.0,西安京东货运有限公司,"18844742179",湖南省长沙市,京东物流,SF20230518654403,"",运输中,SO-202303-00080,收货窗口待确认,"2025-05-18",InTransit,"10015"
SH0000064,SH-202305-0064,"2025-05-23",WH001,深圳天翼中央成品仓库,5.0,长沙绿地农服技术有限公司,"13533988217",福建省厦门市,京东物流,SF20230523815888,"",运输中,SO-202404-00235,干线中转中,"2025-05-23",InTransit,"10035"
SH0000065,SH-202305-0065,"2025-05-09",WH001,深圳天翼中央成品仓库,45.0,青岛环保环保工程有限公司,"18007760836",上海市上海市,申通快递,SF20230509887512,"2025-05-15",已签收,SO-202303-00405,正常签收,"2025-05-09",Closed,"10065"
SH0000066,SH-202305-0066,"2025-05-17",WH001,深圳天翼中央成品仓库,35.0,深圳能控新能源集团有限公司,"18506416100",湖南省长沙市,申通快递,SF20230517515153,"2025-05-23",已签收,SO-202304-00025,项目现场签收,"2025-05-17",Closed,"10005"
SH0000067,SH-202305-0067,"2025-05-23",WH001,深圳天翼中央成品仓库,55.0,上海天地地理信息技术有限公司,"13867563780",浙江省绍兴市,中通快递,SF20230523695023,"",已发货,SO-202404-00322,司机派送中,"2025-05-23",Active,"10052"
SH0000068,SH-202305-0068,"2025-05-08",WH001,深圳天翼中央成品仓库,16.0,南京安防警用装备科技有限公司,"18821658384",陕西省咸阳市,京东物流,SF20230508839022,"",已发货,SO-202403-00035,仓库已出库待揽收,"2025-05-08",Active,"10007"
SH0000069,SH-202305-0069,"2025-05-14",WH001,深圳天翼中央成品仓库,37.0,上海申通货运科技有限公司,"18640285727",重庆市重庆市,圆通速递,SF20230514825791,"2025-05-20",已签收,SO-202403-00536,正常签收,"2025-05-14",Closed,"10088"
SH0000070,SH-202305-0070,"2025-05-20",WH001,深圳天翼中央成品仓库,17.0,杭州警翼警用装备科技有限公司,"18531499648",重庆市重庆市,京东物流,SF20230520124906,"2025-05-23",已签收,SO-202303-00234,项目现场签收,"2025-05-20",Closed,"10035"
SH0000071,SH-202305-0071,"2025-05-09",WH001,深圳天翼中央成品仓库,4.0,哈尔滨工业大学自动化学院研究所,"18578712069",江苏省南京市,韵达快递,SF20230509876051,"2025-05-11",已签收,SO-202303-00016,整批签收完成,"2025-05-09",Closed,"10004"
SH0000072,SH-202305-0072,"2025-05-06",WH001,深圳天翼中央成品仓库,22.0,大连影视通传媒传媒有限公司,"13686993571",重庆市重庆市,京东物流,SF20230506629202,"",运输中,SO-202403-00085,干线中转中,"2025-05-06",InTransit,"10015"
SH0000073,SH-202305-0073,"2025-05-04",WH001,深圳天翼中央成品仓库,12.0,北京大学电子学院研究所,"18839189863",湖南省长沙市,韵达快递,SF20230504167382,"2025-05-09",已签收,SO-202404-00021,正常签收,"2025-05-04",Closed,"10005"
SH0000074,SH-202604-0074,"2026-04-01",WH001,深圳天翼中央成品仓库,1127.0,重庆安泰安全科技有限公司,"19463512350",福建省福州市,顺丰,SF2026000074,"2026-04-03",已签收,SO-202603-90001,项目现场签收,"2026-04-01",Closed,"10116"
SH0000079,SH-202301-0079,"2025-02-15",WH001,深圳天翼中央成品仓库,2.0,郑州绿源植保技术有限公司,"17129635852",江苏省南京市,圆通速递,SF20250215388389,"2025-02-19",已签收,SO-202301-00171,"","2025-02-15",Active,"10027"
SH0000080,SH-202301-0080,"2025-02-25",WH001,深圳天翼中央成品仓库,25.0,杭州大地农资有限公司,"15126226563",上海市上海市,圆通速递,SF20250225207473,"2025-02-28",已签收,SO-202301-00207,"","2025-02-25",Active,"10033"
SH0000081,SH-202301-0081,"2025-02-23",WH001,深圳天翼中央成品仓库,5.0,青岛空地测量有限公司,"15209415691",湖北省宜昌市,中通快递,SF20250223542417,"2025-02-25",已签收,SO-202301-00248,"","2025-02-23",Active,"10038"
SH0000082,SH-202301-0082,"2026-02-05",WH001,深圳天翼中央成品仓库,2.0,沈阳空间空间信息有限公司,"19798423334",湖北省宜昌市,圆通速递,SF20260205864544,"2026-02-08",已签收,SO-202301-00262,物流调度重排,"2026-02-05",Active,"10040"
SH0000083,SH-202301-0083,"2025-03-09",WH001,深圳天翼中央成品仓库,37.0,天津图达勘测有限公司,"15784907325",广东省东莞市,中通快递,SF20250309308496,"2025-03-15",已签收,SO-202301-00311,"","2025-03-09",Active,"10048"
SH0000084,SH-202301-0084,"2025-01-31",WH001,深圳天翼中央成品仓库,43.0,郑州经纬空间信息有限公司,"17851333320",福建省厦门市,德邦物流,SF20250131571029,"2025-02-03",已签收,SO-202301-00341,"","2025-01-31",Active,"10055"
SH0000085,SH-202301-0085,"2025-02-27",WH001,深圳天翼中央成品仓库,46.0,郑州经纬空间信息有限公司,"17851333320",福建省厦门市,申通快递,SF20250227944962,"2025-03-06",已签收,SO-202301-00350,"","2025-02-27",Active,"10055"
SH0000086,SH-202301-0086,"2025-03-19",WH001,深圳天翼中央成品仓库,44.0,重庆镜头影像文化有限公司,"13751124015",江苏省南京市,百世快递,SF20250319263032,"2025-03-25",已签收,SO-202301-00425,"","2025-03-19",Active,"10068"
SH0000087,SH-202301-0087,"2025-02-14",WH001,深圳天翼中央成品仓库,6.0,长沙视界文化工作室,"17991713190",浙江省宁波市,顺丰速运,SF20250214498382,"2025-02-18",已签收,SO-202301-00437,"","2025-02-14",Active,"10071"
SH0000088,SH-202301-0088,"2025-02-19",WH001,深圳天翼中央成品仓库,41.0,郑州影立方制作传媒有限公司,"15826197069",福建省厦门市,中通快递,SF20250219377370,"2025-02-24",已签收,SO-202301-00443,"","2025-02-19",Active,"10072"
SH0000089,SH-202301-0089,"2025-03-21",WH001,深圳天翼中央成品仓库,9.0,大连镜头影视工作室,"18126870011",江苏省常州市,顺丰速运,SF20250321496922,"2025-03-24",已签收,SO-202301-00460,"","2025-03-21",Active,"10074"
SH0000090,SH-202301-0090,"2025-03-15",WH001,深圳天翼中央成品仓库,54.0,天津光影工场广告文化传播有限公司,"18198433586",重庆市重庆市,申通快递,SF20250315759176,"2025-03-20",已签收,SO-202301-00478,"","2025-03-15",Active,"10079"
SH0000091,SH-202301-0091,"2026-03-04",WH001,深圳天翼中央成品仓库,69.0,哈尔滨光影工场影视文化有限公司,"15173669588",河南省郑州市,京东物流,SF20260304771088,"",运输中,SO-202301-00482,合同变更后重新排程,"2026-03-04",Active,"10080"
SH0000092,SH-202301-0092,"2026-02-12",WH001,深圳天翼中央成品仓库,81.0,广州光影时代传媒文化传播有限公司,"19737444033",山东省济南市,百世快递,SF20260212440035,"",运输中,SO-202301-00500,客户申请延迟收货,"2026-02-12",Active,"10083"
SH0000093,SH-202301-0093,"2025-02-25",WH001,深圳天翼中央成品仓库,5.0,深圳影动力广告文化有限公司,"13200105056",江苏省无锡市,申通快递,SF20250225205907,"2025-03-03",已签收,SO-202301-00535,"","2025-02-25",Active,"10088"
SH0000094,SH-202301-0094,"2026-02-13",WH001,深圳天翼中央成品仓库,46.0,武汉守护安防科技服务有限公司,"19529979713",黑龙江省哈尔滨市,申通快递,SF20260213133659,"2026-02-18",已签收,SO-202301-00546,生产延迟导致发货推迟,"2026-02-13",Active,"10091"
SH0000095,SH-202301-0095,"2026-01-23",WH001,深圳天翼中央成品仓库,1.0,西安安邦安全技术工程有限公司,"15933468715",四川省成都市,德邦物流,SF20260123694731,"",运输中,SO-202301-00552,生产延迟导致发货推迟,"2026-01-23",Active,"10092"
SH0000096,SH-202301-0096,"2025-02-15",WH001,深圳天翼中央成品仓库,20.0,厦门安全卫士安防工程有限公司,"18574817290",重庆市重庆市,圆通速递,SF20250215779514,"2025-02-18",已签收,SO-202301-00574,"","2025-02-15",Active,"10095"
SH0000097,SH-202301-0097,"2025-03-18",WH001,深圳天翼中央成品仓库,7.0,南京安盾安保有限公司,"18140380477",河南省郑州市,德邦物流,SF20250318660086,"2025-03-21",已签收,SO-202301-00584,"","2025-03-18",Active,"10096"
SH0000098,SH-202302-0098,"2025-03-13",WH001,深圳天翼中央成品仓库,24.0,西安沃土植保科技有限公司,"17786066793",重庆市重庆市,京东物流,SF20250313497887,"2025-03-15",已签收,SO-202302-00005,"","2025-03-13",Active,"10002"
SH0000099,SH-202302-0099,"2025-03-07",WH001,深圳天翼中央成品仓库,29.0,郑州农丰农机技术有限公司,"13154318806",陕西省西安市,圆通速递,SF20250307440035,"2025-03-14",已签收,SO-202302-00067,"","2025-03-07",Active,"10011"
SH0000100,SH-202302-0100,"2025-04-01",WH001,深圳天翼中央成品仓库,36.0,南京田园农科服务有限公司,"15838194420",江苏省无锡市,申通快递,SF20250401430776,"2025-04-06",已签收,SO-202302-00118,"","2025-04-01",Active,"10020"
SH0000101,SH-202302-0101,"2026-02-11",WH001,深圳天翼中央成品仓库,5.0,青岛沃土植保有限公司,"15784095277",湖南省株洲市,百世快递,SF20260211623481,"2026-02-18",已签收,SO-202302-00130,物流调度重排,"2026-02-11",Active,"10021"
SH0000102,SH-202302-0102,"2026-02-02",WH001,深圳天翼中央成品仓库,28.0,杭州大地农资有限公司,"15126226563",上海市上海市,京东物流,SF20260202246413,"2026-02-09",已签收,SO-202302-00209,合同变更后重新排程,"2026-02-02",Active,"10033"
SH0000103,SH-202302-0103,"2025-03-18",WH001,深圳天翼中央成品仓库,5.0,上海图达地理信息技术有限公司,"17923450567",浙江省宁波市,百世快递,SF20250318246413,"2025-03-25",已签收,SO-202302-00238,"","2025-03-18",Active,"10036"
SH0000104,SH-202302-0104,"2025-03-11",WH001,深圳天翼中央成品仓库,40.0,沈阳空间空间信息有限公司,"19798423334",湖北省宜昌市,百世快递,SF20250311883300,"2025-03-14",已签收,SO-202302-00259,"","2025-03-11",Active,"10040"
SH0000105,SH-202302-0105,"2025-03-29",WH001,深圳天翼中央成品仓库,40.0,上海地理勘测有限公司,"17297958983",黑龙江省哈尔滨市,京东物流,SF20250329479580,"2025-04-02",已签收,SO-202302-00315,"","2025-03-29",Active,"10049"
SH0000106,SH-202302-0106,"2025-04-09",WH001,深圳天翼中央成品仓库,56.0,郑州经纬空间信息有限公司,"17851333320",福建省厦门市,京东物流,SF20250409195325,"2025-04-11",已签收,SO-202302-00344,"","2025-04-09",Active,"10055"
SH0000107,SH-202302-0107,"2025-03-11",WH001,深圳天翼中央成品仓库,47.0,大连天图测绘有限公司,"13272684373",陕西省咸阳市,圆通速递,SF20250311267753,"2025-03-16",已签收,SO-202302-00359,"","2025-03-11",Active,"10058"
SH0000108,SH-202302-0108,"2025-04-19",WH001,深圳天翼中央成品仓库,5.0,南京星图测量服务有限公司,"15656670062",湖北省襄阳市,顺丰速运,SF20250419503457,"2025-04-25",已签收,SO-202302-00377,"","2025-04-19",Active,"10060"
SH0000109,SH-202302-0109,"2025-03-06",WH001,深圳天翼中央成品仓库,36.0,南京地景测量技术有限公司,"17691458887",上海市上海市,中通快递,SF20250306363626,"2025-03-10",已签收,SO-202302-00388,"","2025-03-06",Active,"10062"
SH0000110,SH-202302-0110,"2025-03-15",WH001,深圳天翼中央成品仓库,73.0,长沙视界文化工作室,"17991713190",浙江省宁波市,圆通速递,SF20250315220116,"2025-03-22",已签收,SO-202302-00438,"","2025-03-15",Active,"10071"
SH0000111,SH-202302-0111,"2025-03-30",WH001,深圳天翼中央成品仓库,86.0,郑州影立方制作传媒有限公司,"15826197069",福建省厦门市,申通快递,SF20250330772097,"",运输中,SO-202302-00451,"","2025-03-30",Active,"10072"
SH0000112,SH-202302-0112,"2025-04-19",WH001,深圳天翼中央成品仓库,4.0,杭州视野制作传媒有限公司,"17819929088",上海市上海市,京东物流,SF20250419265840,"2025-04-21",已签收,SO-202302-00464,"","2025-04-19",Active,"10076"
SH0000113,SH-202302-0113,"2025-03-25",WH001,深圳天翼中央成品仓库,2.0,大连影视通传媒传媒有限公司,"17988434627",重庆市重庆市,圆通速递,SF20250325376183,"2025-03-31",已签收,SO-202302-00528,"","2025-03-25",Active,"10087"
SH0000114,SH-202302-0114,"2026-03-24",WH001,深圳天翼中央成品仓库,3.0,西安影像空间影像传媒有限公司,"19453954673",四川省成都市,京东物流,SF20260324883300,"",运输中,SO-202302-00537,物流调度重排,"2026-03-24",Active,"10089"
SH0000115,SH-202302-0115,"2026-03-07",WH001,深圳天翼中央成品仓库,7.0,西安光影时代制作文化传播有限公司,"19644830077",黑龙江省哈尔滨市,京东物流,SF20260307329974,"2026-03-13",已签收,SO-202302-00543,物流调度重排,"2026-03-07",Active,"10090"
SH0000116,SH-202302-0116,"2025-04-24",WH001,深圳天翼中央成品仓库,29.0,西安安邦安全技术工程有限公司,"15933468715",四川省成都市,申通快递,SF20250424656116,"2025-04-30",已签收,SO-202302-00551,"","2025-04-24",Active,"10092"
SH0000117,SH-202303-0117,"2025-04-27",WH001,深圳天翼中央成品仓库,37.0,西安惠农农科科技有限公司,"19554340903",湖南省株洲市,京东物流,SF20250427120422,"2025-04-30",已签收,SO-202303-00031,"","2025-04-27",Active,"10005"
SH0000118,SH-202303-0118,"2025-04-14",WH001,深圳天翼中央成品仓库,22.0,长沙沃土农服股份有限公司,"13345824373",浙江省宁波市,德邦物流,SF20250414160738,"2025-04-20",已签收,SO-202303-00042,"","2025-04-14",Active,"10007"
SH0000119,SH-202303-0119,"2026-01-26",WH001,深圳天翼中央成品仓库,16.0,长沙沃土农服股份有限公司,"13345824373",浙江省宁波市,申通快递,SF20260126149405,"2026-01-29",已签收,SO-202303-00044,客户仓库施工，推迟到货,"2026-01-26",Active,"10007"
SH0000120,SH-202303-0120,"2025-04-23",WH001,深圳天翼中央成品仓库,20.0,南京绿野农资服务有限公司,"15876693898",山东省济南市,申通快递,SF20250423231869,"2025-04-26",已签收,SO-202303-00046,"","2025-04-23",Active,"10008"
SH0000121,SH-202303-0121,"2025-04-05",WH001,深圳天翼中央成品仓库,12.0,武汉农兴农业科技有限公司,"15305718272",上海市上海市,德邦物流,SF20250405377932,"",已发货,SO-202303-00059,"","2025-04-05",Active,"10010"
SH0000122,SH-202303-0122,"2025-03-27",WH001,深圳天翼中央成品仓库,2.0,沈阳农达农业有限公司,"17333754555",重庆市重庆市,德邦物流,SF20250327665492,"2025-03-29",已签收,SO-202303-00073,"","2025-03-27",Active,"10013"
SH0000123,SH-202303-0123,"2026-02-04",WH001,深圳天翼中央成品仓库,12.0,重庆绿地植保科技有限公司,"15721609600",河南省郑州市,申通快递,SF20260204813536,"2026-02-10",已签收,SO-202303-00078,客户申请延迟收货,"2026-02-04",Active,"10015"
SH0000124,SH-202303-0124,"2025-04-18",WH001,深圳天翼中央成品仓库,24.0,南京田园农科服务有限公司,"15838194420",江苏省无锡市,中通快递,SF20250418573417,"2025-04-25",已签收,SO-202303-00114,"","2025-04-18",Active,"10020"
SH0000125,SH-202303-0125,"2025-04-01",WH001,深圳天翼中央成品仓库,44.0,西安农兴农资科技有限公司,"17937643439",重庆市重庆市,顺丰速运,SF20250401454508,"2025-04-08",已签收,SO-202303-00140,"","2025-04-01",Active,"10023"
SH0000126,SH-202303-0126,"2026-03-05",WH001,深圳天翼中央成品仓库,40.0,郑州绿洲农业服务有限公司,"13510751046",辽宁省沈阳市,中通快递,SF20260305724834,"",已发货,SO-202303-00157,合同变更后重新排程,"2026-03-05",Active,"10025"
SH0000127,SH-202303-0127,"2025-04-08",WH001,深圳天翼中央成品仓库,41.0,郑州绿洲农业服务有限公司,"13510751046",辽宁省沈阳市,圆通速递,SF20250408761759,"2025-04-12",已签收,SO-202303-00158,"","2025-04-08",Active,"10025"
SH0000128,SH-202303-0128,"2026-02-16",WH001,深圳天翼中央成品仓库,3.0,郑州绿源植保技术有限公司,"17129635852",江苏省南京市,圆通速递,SF20260216112038,"",运输中,SO-202303-00174,客户仓库施工，推迟到货,"2026-02-16",Active,"10027"
SH0000129,SH-202303-0129,"2025-03-24",WH001,深圳天翼中央成品仓库,25.0,杭州大地农资有限公司,"15126226563",上海市上海市,百世快递,SF20250324801474,"2025-03-29",已签收,SO-202303-00211,"","2025-03-24",Active,"10033"
SH0000130,SH-202303-0130,"2026-01-29",WH001,深圳天翼中央成品仓库,32.0,厦门田园农服有限公司,"18630833445",陕西省咸阳市,百世快递,SF20260129663054,"",运输中,SO-202303-00227,生产延迟导致发货推迟,"2026-01-29",Active,"10034"
SH0000131,SH-202303-0131,"2026-02-27",WH001,深圳天翼中央成品仓库,5.0,厦门绿源农科技术有限公司,"19598806645",重庆市重庆市,顺丰速运,SF20260227407757,"2026-03-02",已签收,SO-202303-00232,物流调度重排,"2026-02-27",Active,"10035"
SH0000132,SH-202303-0132,"2025-04-15",WH001,深圳天翼中央成品仓库,5.0,沈阳测量地理信息科技有限公司,"19388187517",山东省青岛市,顺丰速运,SF20250415201639,"2025-04-17",已签收,SO-202303-00267,"","2025-04-15",Active,"10041"
SH0000133,SH-202303-0133,"2025-03-30",WH001,深圳天翼中央成品仓库,24.0,南京测控测绘科技有限公司,"13359154084",江苏省无锡市,京东物流,SF20250330531071,"2025-04-03",已签收,SO-202303-00278,"","2025-03-30",Active,"10043"
SH0000134,SH-202303-0134,"2025-04-16",WH001,深圳天翼中央成品仓库,16.0,厦门图新勘测服务有限公司,"17854827139",陕西省咸阳市,圆通速递,SF20250416777568,"2025-04-18",已签收,SO-202303-00335,"","2025-04-16",Active,"10053"
SH0000135,SH-202303-0135,"2025-04-30",WH001,深圳天翼中央成品仓库,29.0,杭州测控地理信息技术有限公司,"17371011200",江苏省常州市,圆通速递,SF20250430455784,"2025-05-05",已签收,SO-202303-00370,"","2025-04-30",Active,"10059"
SH0000136,SH-202303-0136,"2026-01-15",WH001,深圳天翼中央成品仓库,25.0,哈尔滨天图空间信息工程有限公司,"17546129354",上海市上海市,百世快递,SF20260115854639,"2026-01-21",已签收,SO-202303-00393,节假日延误，顺延发货,"2026-01-15",Active,"10063"
SH0000137,SH-202303-0137,"2025-04-20",WH001,深圳天翼中央成品仓库,3.0,杭州光影时代影像工作室,"18214518079",福建省厦门市,德邦物流,SF20250420392075,"2025-04-22",已签收,SO-202303-00411,"","2025-04-20",Active,"10067"
SH0000138,SH-202303-0138,"2025-04-22",WH001,深圳天翼中央成品仓库,1.0,哈尔滨光影工场影视文化有限公司,"15173669588",河南省郑州市,京东物流,SF20250422947272,"2025-04-27",已签收,SO-202303-00481,"","2025-04-22",Active,"10080"
SH0000139,SH-202303-0139,"2025-05-14",WH001,深圳天翼中央成品仓库,16.0,北京视界文化有限公司,"18557707813",福建省厦门市,圆通速递,SF20250514666847,"2025-05-16",已签收,SO-202303-00509,"","2025-05-14",Active,"10084"
SH0000140,SH-202303-0140,"2025-04-07",WH001,深圳天翼中央成品仓库,31.0,北京视界文化有限公司,"18557707813",福建省厦门市,德邦物流,SF20250407526156,"2025-04-09",已签收,SO-202303-00512,"","2025-04-07",Active,"10084"
SH0000141,SH-202303-0141,"2025-03-16",WH001,深圳天翼中央成品仓库,31.0,苏州警盾安全技术科技有限公司,"15445236735",河南省洛阳市,申通快递,SF20250316520521,"2025-03-18",已签收,SO-202303-00592,"","2025-03-16",Active,"10097"
SH0000142,SH-202304-0142,"2026-03-20",WH001,深圳天翼中央成品仓库,1.0,广州绿野农技技术有限公司,"18269820594",北京市北京市,顺丰速运,SF20260320755674,"",已发货,SO-202304-00002,客户仓库施工，推迟到货,"2026-03-20",Active,"10001"
SH0000143,SH-202304-0143,"2025-06-05",WH001,深圳天翼中央成品仓库,22.0,西安惠农农科科技有限公司,"19554340903",湖南省株洲市,京东物流,SF20250605830429,"2025-06-10",已签收,SO-202304-00020,"","2025-06-05",Active,"10005"
SH0000144,SH-202304-0144,"2025-06-05",WH001,深圳天翼中央成品仓库,33.0,长沙沃土农服股份有限公司,"13345824373",浙江省宁波市,圆通速递,SF20250605610311,"2025-06-07",已签收,SO-202304-00034,"","2025-06-05",Active,"10007"
SH0000145,SH-202304-0145,"2025-06-06",WH001,深圳天翼中央成品仓库,21.0,长沙沃土农服股份有限公司,"13345824373",浙江省宁波市,德邦物流,SF20250606161324,"2025-06-09",已签收,SO-202304-00041,"","2025-06-06",Active,"10007"
SH0000146,SH-202304-0146,"2025-05-19",WH001,深圳天翼中央成品仓库,30.0,郑州农丰农机技术有限公司,"13154318806",陕西省西安市,圆通速递,SF20250519428838,"2025-05-22",已签收,SO-202304-00063,"","2025-05-19",Active,"10011"
SH0000147,SH-202304-0147,"2025-06-01",WH001,深圳天翼中央成品仓库,15.0,上海沃土农资技术有限公司,"17356287095",湖北省襄阳市,京东物流,SF20250601627276,"",已发货,SO-202304-00093,"","2025-06-01",Active,"10016"
SH0000148,SH-202304-0148,"2025-05-29",WH001,深圳天翼中央成品仓库,38.0,南京田园农科服务有限公司,"15838194420",江苏省无锡市,中通快递,SF20250529184002,"2025-06-01",已签收,SO-202304-00113,"","2025-05-29",Active,"10020"
SH0000149,SH-202304-0149,"2025-05-21",WH001,深圳天翼中央成品仓库,29.0,南京田园农科服务有限公司,"15838194420",江苏省无锡市,顺丰速运,SF20250521808011,"2025-05-24",已签收,SO-202304-00123,"","2025-05-21",Active,"10020"
SH0000150,SH-202304-0150,"2026-03-20",WH001,深圳天翼中央成品仓库,18.0,郑州绿洲农业服务有限公司,"13510751046",辽宁省沈阳市,圆通速递,SF20260320308573,"",已发货,SO-202304-00155,生产延迟导致发货推迟,"2026-03-20",Active,"10025"
SH0000151,SH-202304-0151,"2025-05-15",WH001,深圳天翼中央成品仓库,34.0,杭州沃土农技股份有限公司,"19224173718",上海市上海市,中通快递,SF20250515185965,"2025-05-22",已签收,SO-202304-00182,"","2025-05-15",Active,"10028"
SH0000152,SH-202304-0152,"2025-06-01",WH001,深圳天翼中央成品仓库,14.0,杭州大地农资有限公司,"15126226563",上海市上海市,中通快递,SF20250601431737,"2025-06-06",已签收,SO-202304-00210,"","2025-06-01",Active,"10033"
SH0000153,SH-202304-0153,"2025-05-15",WH001,深圳天翼中央成品仓库,44.0,厦门田园农服有限公司,"18630833445",陕西省咸阳市,圆通速递,SF20250515429445,"2025-05-22",已签收,SO-202304-00226,"","2025-05-15",Active,"10034"
SH0000154,SH-202304-0154,"2025-05-04",WH001,深圳天翼中央成品仓库,32.0,厦门田园农服有限公司,"18630833445",陕西省咸阳市,德邦物流,SF20250504804318,"2025-05-10",已签收,SO-202304-00231,"","2025-05-04",Active,"10034"
SH0000155,SH-202304-0155,"2025-04-30",WH001,深圳天翼中央成品仓库,53.0,沈阳空间空间信息有限公司,"19798423334",湖北省宜昌市,百世快递,SF20250430888387,"2025-05-05",已签收,SO-202304-00260,"","2025-04-30",Active,"10040"
SH0000156,SH-202304-0156,"2025-06-02",WH001,深圳天翼中央成品仓库,1.0,济南空信空间信息服务有限公司,"18448981305",辽宁省大连市,中通快递,SF20250602690341,"2025-06-06",已签收,SO-202304-00269,"","2025-06-02",Active,"10042"
SH0000157,SH-202304-0157,"2025-06-15",WH001,深圳天翼中央成品仓库,6.0,济南空信空间信息服务有限公司,"18448981305",辽宁省大连市,德邦物流,SF20250615630458,"2025-06-17",已签收,SO-202304-00275,"","2025-06-15",Active,"10042"
SH0000158,SH-202304-0158,"2026-02-04",WH001,深圳天翼中央成品仓库,38.0,南京测控测绘科技有限公司,"13359154084",江苏省无锡市,圆通速递,SF20260204916449,"",已发货,SO-202304-00280,客户申请延迟收货,"2026-02-04",Active,"10043"
SH0000159,SH-202304-0159,"2025-06-06",WH001,深圳天翼中央成品仓库,5.0,西安星图空间信息服务有限公司,"18396889215",浙江省温州市,京东物流,SF20250606974244,"2025-06-10",已签收,SO-202304-00297,"","2025-06-06",Active,"10046"
SH0000160,SH-202304-0160,"2026-02-25",WH001,深圳天翼中央成品仓库,17.0,厦门图新勘测服务有限公司,"17854827139",陕西省咸阳市,中通快递,SF20260225120422,"2026-03-01",已签收,SO-202304-00326,生产延迟导致发货推迟,"2026-02-25",Active,"10053"
SH0000161,SH-202304-0161,"2025-05-26",WH001,深圳天翼中央成品仓库,12.0,厦门图新勘测服务有限公司,"17854827139",陕西省咸阳市,申通快递,SF20250526681542,"2025-05-31",已签收,SO-202304-00338,"","2025-05-26",Active,"10053"
SH0000162,SH-202304-0162,"2026-02-14",WH001,深圳天翼中央成品仓库,5.0,杭州光影时代影像工作室,"18214518079",福建省厦门市,顺丰速运,SF20260214352572,"",已发货,SO-202304-00414,客户申请延迟收货,"2026-02-14",Active,"10067"
SH0000163,SH-202304-0163,"2025-05-13",WH001,深圳天翼中央成品仓库,70.0,重庆镜头影像文化有限公司,"13751124015",江苏省南京市,百世快递,SF20250513395442,"2025-05-18",已签收,SO-202304-00432,"","2025-05-13",Active,"10068"
SH0000164,SH-202304-0164,"2025-06-02",WH001,深圳天翼中央成品仓库,88.0,哈尔滨光影工场影视文化有限公司,"15173669588",河南省郑州市,百世快递,SF20250602313487,"2025-06-04",已签收,SO-202304-00480,"","2025-06-02",Active,"10080"
SH0000165,SH-202304-0165,"2025-05-19",WH001,深圳天翼中央成品仓库,7.0,厦门安全卫士安防工程有限公司,"18574817290",重庆市重庆市,京东物流,SF20250519363319,"2025-05-26",已签收,SO-202304-00573,"","2025-05-19",Active,"10095"
SH0000166,SH-202304-0166,"2025-06-02",WH001,深圳天翼中央成品仓库,32.0,苏州警盾安全技术科技有限公司,"15445236735",河南省洛阳市,京东物流,SF20250602969634,"2025-06-04",已签收,SO-202304-00587,"","2025-06-02",Active,"10097"
SH0000167,SH-202305-0167,"2025-06-26",WH001,深圳天翼中央成品仓库,20.0,西安沃土植保科技有限公司,"17786066793",重庆市重庆市,百世快递,SF20250626908577,"2025-07-03",已签收,SO-202305-00008,"","2025-06-26",Active,"10002"
SH0000168,SH-202305-0168,"2025-06-26",WH001,深圳天翼中央成品仓库,34.0,青岛田园农科有限公司,"13489747629",辽宁省沈阳市,圆通速递,SF20250626563298,"2025-07-02",已签收,SO-202305-00009,"","2025-06-26",Active,"10003"
SH0000169,SH-202305-0169,"2025-06-27",WH001,深圳天翼中央成品仓库,3.0,青岛田园农科有限公司,"13489747629",辽宁省沈阳市,顺丰速运,SF20250627217308,"2025-07-04",已签收,SO-202305-00014,"","2025-06-27",Active,"10003"
SH0000170,SH-202305-0170,"2025-07-09",WH001,深圳天翼中央成品仓库,32.0,西安惠农农科科技有限公司,"19554340903",湖南省株洲市,顺丰速运,SF20250709975136,"2025-07-14",已签收,SO-202305-00026,"","2025-07-09",Active,"10005"
SH0000171,SH-202305-0171,"2025-06-25",WH001,深圳天翼中央成品仓库,40.0,郑州农丰农机技术有限公司,"13154318806",陕西省西安市,德邦物流,SF20250625550664,"2025-06-27",已签收,SO-202305-00065,"","2025-06-25",Active,"10011"
SH0000172,SH-202305-0172,"2025-06-28",WH001,深圳天翼中央成品仓库,30.0,重庆绿地植保科技有限公司,"15721609600",河南省郑州市,百世快递,SF20250628934794,"2025-07-03",已签收,SO-202305-00084,"","2025-06-28",Active,"10015"
SH0000173,SH-202305-0173,"2025-06-21",WH001,深圳天翼中央成品仓库,15.0,重庆绿地植保科技有限公司,"15721609600",河南省郑州市,圆通速递,SF20250621361650,"2025-06-26",已签收,SO-202305-00086,"","2025-06-21",Active,"10015"
SH0000174,SH-202305-0174,"2025-06-06",WH001,深圳天翼中央成品仓库,3.0,深圳沃土农资科技有限公司,"13178663096",重庆市重庆市,申通快递,SF20250606687080,"2025-06-12",已签收,SO-202305-00097,"","2025-06-06",Active,"10017"
SH0000175,SH-202305-0175,"2025-06-04",WH001,深圳天翼中央成品仓库,4.0,深圳沃土农资科技有限公司,"13178663096",重庆市重庆市,德邦物流,SF20250604348237,"2025-06-09",已签收,SO-202305-00100,"","2025-06-04",Active,"10017"
SH0000176,SH-202305-0176,"2025-06-11",WH001,深圳天翼中央成品仓库,7.0,成都益农农机服务有限公司,"15383968123",辽宁省沈阳市,顺丰速运,SF20250611288073,"2025-06-18",已签收,SO-202305-00106,"","2025-06-11",Active,"10019"
SH0000177,SH-202305-0177,"2026-01-25",WH001,深圳天翼中央成品仓库,6.0,成都益农农机服务有限公司,"15383968123",辽宁省沈阳市,百世快递,SF20260125609597,"2026-01-31",已签收,SO-202305-00108,节假日延误，顺延发货,"2026-01-25",Active,"10019"
SH0000178,SH-202305-0178,"2025-06-19",WH001,深圳天翼中央成品仓库,35.0,南京田园农科服务有限公司,"15838194420",江苏省无锡市,德邦物流,SF20250619925622,"2025-06-21",已签收,SO-202305-00112,"","2025-06-19",Active,"10020"
SH0000179,SH-202305-0179,"2025-06-19",WH001,深圳天翼中央成品仓库,14.0,南京田园农科服务有限公司,"15838194420",江苏省无锡市,申通快递,SF20250619140605,"2025-06-23",已签收,SO-202305-00117,"","2025-06-19",Active,"10020"
SH0000180,SH-202305-0180,"2026-01-31",WH001,深圳天翼中央成品仓库,29.0,南京田园农科服务有限公司,"15838194420",江苏省无锡市,百世快递,SF20260131598369,"",已发货,SO-202305-00121,节假日延误，顺延发货,"2026-01-31",Active,"10020"
SH0000181,SH-202305-0181,"2025-06-09",WH001,深圳天翼中央成品仓库,28.0,郑州绿洲农技股份有限公司,"19693269304",北京市北京市,德邦物流,SF20250609124813,"",运输中,SO-202305-00131,"","2025-06-09",Active,"10022"
SH0000182,SH-202305-0182,"2025-06-28",WH001,深圳天翼中央成品仓库,23.0,西安农兴农资科技有限公司,"17937643439",重庆市重庆市,百世快递,SF20250628392136,"2025-07-02",已签收,SO-202305-00138,"","2025-06-28",Active,"10023"
SH0000183,SH-202305-0183,"2025-06-23",WH001,深圳天翼中央成品仓库,27.0,西安农兴农资科技有限公司,"17937643439",重庆市重庆市,圆通速递,SF20250623634150,"",已发货,SO-202305-00144,"","2025-06-23",Active,"10023"
SH0000184,SH-202305-0184,"2025-06-22",WH001,深圳天翼中央成品仓库,43.0,西安农兴农资科技有限公司,"17937643439",重庆市重庆市,顺丰速运,SF20250622220944,"2025-06-29",已签收,SO-202305-00147,"","2025-06-22",Active,"10023"
SH0000185,SH-202305-0185,"2025-05-25",WH001,深圳天翼中央成品仓库,17.0,郑州绿洲农业服务有限公司,"13510751046",辽宁省沈阳市,百世快递,SF20250525140115,"2025-06-01",已签收,SO-202305-00159,"","2025-05-25",Active,"10025"
SH0000186,SH-202305-0186,"2026-02-17",WH001,深圳天翼中央成品仓库,33.0,郑州绿洲农业服务有限公司,"13510751046",辽宁省沈阳市,圆通速递,SF20260217736059,"2026-02-20",已签收,SO-202305-00164,合同变更后重新排程,"2026-02-17",Active,"10025"
SH0000187,SH-202305-0187,"2025-06-12",WH001,深圳天翼中央成品仓库,36.0,杭州沃土农技股份有限公司,"19224173718",上海市上海市,中通快递,SF20250612221263,"",运输中,SO-202305-00176,"","2025-06-12",Active,"10028"
SH0000188,SH-202305-0188,"2025-05-28",WH001,深圳天翼中央成品仓库,35.0,杭州沃土农技股份有限公司,"19224173718",上海市上海市,百世快递,SF20250528146542,"2025-06-03",已签收,SO-202305-00179,"","2025-05-28",Active,"10028"
SH0000189,SH-202305-0189,"2026-02-09",WH001,深圳天翼中央成品仓库,4.0,青岛绿洲农技股份有限公司,"17769108025",山东省烟台市,百世快递,SF20260209426858,"2026-02-16",已签收,SO-202305-00186,客户仓库施工，推迟到货,"2026-02-09",Active,"10029"
SH0000190,SH-202305-0190,"2026-03-03",WH001,深圳天翼中央成品仓库,33.0,长沙绿地农服技术有限公司,"17532074125",福建省厦门市,中通快递,SF20260303642717,"",已发货,SO-202305-00191,客户申请延迟收货,"2026-03-03",Active,"10030"
SH0000191,SH-202305-0191,"2026-02-15",WH001,深圳天翼中央成品仓库,5.0,长沙绿地农服技术有限公司,"17532074125",福建省厦门市,德邦物流,SF20260215167136,"2026-02-17",已签收,SO-202305-00192,合同变更后重新排程,"2026-02-15",Active,"10030"
SH0000192,SH-202305-0192,"2025-06-28",WH001,深圳天翼中央成品仓库,39.0,深圳丰收农资科技有限公司,"15807435606",陕西省咸阳市,百世快递,SF20250628799287,"2025-07-04",已签收,SO-202305-00205,"","2025-06-28",Active,"10032"
SH0000193,SH-202305-0193,"2026-03-26",WH001,深圳天翼中央成品仓库,22.0,杭州大地农资有限公司,"15126226563",上海市上海市,德邦物流,SF20260326717024,"",运输中,SO-202305-00212,客户申请延迟收货,"2026-03-26",Active,"10033"
SH0000194,SH-202305-0194,"2025-06-16",WH001,深圳天翼中央成品仓库,16.0,杭州大地农资有限公司,"15126226563",上海市上海市,京东物流,SF20250616797229,"2025-06-18",已签收,SO-202305-00214,"","2025-06-16",Active,"10033"
SH0000195,SH-202305-0195,"2026-01-24",WH001,深圳天翼中央成品仓库,31.0,厦门田园农服有限公司,"18630833445",陕西省咸阳市,百世快递,SF20260124761759,"2026-01-27",已签收,SO-202305-00222,客户申请延迟收货,"2026-01-24",Active,"10034"
SH0000196,SH-202305-0196,"2025-06-15",WH001,深圳天翼中央成品仓库,16.0,厦门田园农服有限公司,"18630833445",陕西省咸阳市,百世快递,SF20250615400850,"2025-06-18",已签收,SO-202305-00230,"","2025-06-15",Active,"10034"
SH0000197,SH-202305-0197,"2025-07-01",WH001,深圳天翼中央成品仓库,46.0,南京测控测绘科技有限公司,"13359154084",江苏省无锡市,中通快递,SF20250701786508,"2025-07-05",已签收,SO-202305-00279,"","2025-07-01",Active,"10043"
SH0000198,SH-202305-0198,"2026-01-19",WH001,深圳天翼中央成品仓库,66.0,南京测控测绘科技有限公司,"13359154084",江苏省无锡市,申通快递,SF20260119446479,"2026-01-25",已签收,SO-202305-00282,节假日延误，顺延发货,"2026-01-19",Active,"10043"
SH0000199,SH-202305-0199,"2025-06-26",WH001,深圳天翼中央成品仓库,23.0,厦门图新勘测服务有限公司,"17854827139",陕西省咸阳市,申通快递,SF20250626934692,"2025-07-02",已签收,SO-202305-00331,"","2025-06-26",Active,"10053"
SH0000200,SH-202305-0200,"2025-07-01",WH001,深圳天翼中央成品仓库,5.0,南京地景勘测技术有限公司,"17987588450",河南省郑州市,顺丰速运,SF20250701397571,"2025-07-07",已签收,SO-202305-00339,"","2025-07-01",Active,"10054"
SH0000201,SH-202305-0201,"2025-05-30",WH001,深圳天翼中央成品仓库,3.0,南京地景测量技术有限公司,"17691458887",上海市上海市,顺丰速运,SF20250530958179,"2025-06-06",已签收,SO-202305-00385,"","2025-05-30",Active,"10062"
SH0000202,SH-202305-0202,"2025-07-21",WH001,深圳天翼中央成品仓库,60.0,哈尔滨天图空间信息工程有限公司,"17546129354",上海市上海市,申通快递,SF20250721308802,"2025-07-23",已签收,SO-202305-00391,"","2025-07-21",Active,"10063"
SH0000203,SH-202305-0203,"2025-06-02",WH001,深圳天翼中央成品仓库,19.0,哈尔滨天图空间信息工程有限公司,"17546129354",上海市上海市,德邦物流,SF20250602598216,"2025-06-04",已签收,SO-202305-00392,"","2025-06-02",Active,"10063"
SH0000204,SH-202305-0204,"2026-02-19",WH001,深圳天翼中央成品仓库,10.0,哈尔滨天图空间信息工程有限公司,"17546129354",上海市上海市,百世快递,SF20260219608993,"2026-02-25",已签收,SO-202305-00396,节假日延误，顺延发货,"2026-02-19",Active,"10063"
SH0000205,SH-202305-0205,"2025-07-03",WH001,深圳天翼中央成品仓库,28.0,郑州影立方制作传媒有限公司,"15826197069",福建省厦门市,圆通速递,SF20250703502630,"2025-07-10",已签收,SO-202305-00442,"","2025-07-03",Active,"10072"
SH0000206,SH-202305-0206,"2025-06-20",WH001,深圳天翼中央成品仓库,17.0,郑州影立方制作传媒有限公司,"15826197069",福建省厦门市,德邦物流,SF20250620787926,"2025-06-23",已签收,SO-202305-00447,"","2025-06-20",Active,"10072"
SH0000207,SH-202305-0207,"2025-06-24",WH001,深圳天翼中央成品仓库,15.0,广州光影时代传媒文化传播有限公司,"19737444033",山东省济南市,申通快递,SF20250624545798,"2025-06-27",已签收,SO-202305-00494,"","2025-06-24",Active,"10083"
SH0000208,SH-202305-0208,"2025-06-15",WH001,深圳天翼中央成品仓库,32.0,广州光影时代传媒文化传播有限公司,"19737444033",山东省济南市,中通快递,SF20250615587115,"2025-06-19",已签收,SO-202305-00504,"","2025-06-15",Active,"10083"
SH0000209,SH-202305-0209,"2025-06-19",WH001,深圳天翼中央成品仓库,26.0,北京视界文化有限公司,"18557707813",福建省厦门市,申通快递,SF20250619227253,"2025-06-26",已签收,SO-202305-00513,"","2025-06-19",Active,"10084"
SH0000210,SH-202305-0210,"2025-05-29",WH001,深圳天翼中央成品仓库,6.0,杭州影像影像工作室,"17587173220",山东省烟台市,圆通速递,SF20250529656932,"2025-06-05",已签收,SO-202305-00522,"","2025-05-29",Active,"10086"
SH0000211,SH-202305-0211,"2025-06-19",WH001,深圳天翼中央成品仓库,40.0,重庆安邦安全技术工程有限公司,"15286293158",黑龙江省哈尔滨市,申通快递,SF20250619564071,"2025-06-25",已签收,SO-202305-00561,"","2025-06-19",Active,"10093"
SH0000212,SH-202305-0212,"2025-06-22",WH001,深圳天翼中央成品仓库,2.0,厦门安全卫士安防工程有限公司,"18574817290",重庆市重庆市,申通快递,SF20250622674485,"2025-06-24",已签收,SO-202305-00572,"","2025-06-22",Active,"10095"
SH0000213,SH-202305-0213,"2025-06-23",WH001,深圳天翼中央成品仓库,37.0,苏州警盾安全技术科技有限公司,"15445236735",河南省洛阳市,申通快递,SF20250623597732,"2025-06-27",已签收,SO-202305-00598,"","2025-06-23",Active,"10097"
SH0000214,SH-202306-0214,"2026-03-16",WH001,深圳天翼中央成品仓库,21.0,西安惠农农科科技有限公司,"19554340903",湖南省株洲市,德邦物流,SF20260316922733,"",运输中,SO-202306-00024,物流调度重排,"2026-03-16",Active,"10005"
SH0000215,SH-202306-0215,"2026-02-08",WH001,深圳天翼中央成品仓库,1.0,武汉农兴农业科技有限公司,"15305718272",上海市上海市,顺丰速运,SF20260208201639,"",运输中,SO-202306-00057,物流调度重排,"2026-02-08",Active,"10010"
SH0000216,SH-202306-0216,"2025-06-23",WH001,深圳天翼中央成品仓库,22.0,上海沃土农资技术有限公司,"17356287095",湖北省襄阳市,圆通速递,SF20250623399607,"2025-06-30",已签收,SO-202306-00094,"","2025-06-23",Active,"10016"
SH0000217,SH-202306-0217,"2025-06-21",WH001,深圳天翼中央成品仓库,25.0,郑州绿洲农业服务有限公司,"13510751046",辽宁省沈阳市,百世快递,SF20250621666390,"2025-06-23",已签收,SO-202306-00163,"","2025-06-21",Active,"10025"
SH0000218,SH-202306-0218,"2025-08-13",WH001,深圳天翼中央成品仓库,2.0,深圳丰收农资科技有限公司,"15807435606",陕西省咸阳市,德邦物流,SF20250813501641,"2025-08-20",已签收,SO-202306-00204,"","2025-08-13",Active,"10032"
SH0000219,SH-202306-0219,"2026-03-01",WH001,深圳天翼中央成品仓库,25.0,杭州大地农资有限公司,"15126226563",上海市上海市,中通快递,SF20260301531071,"2026-03-08",已签收,SO-202306-00216,客户申请延迟收货,"2026-03-01",Active,"10033"
SH0000220,SH-202306-0220,"2025-08-17",WH001,深圳天翼中央成品仓库,30.0,厦门地测勘测工程有限公司,"17174041730",湖南省长沙市,中通快递,SF20250817588557,"2025-08-23",已签收,SO-202306-00253,"","2025-08-17",Active,"10039"
SH0000221,SH-202306-0221,"2026-01-27",WH001,深圳天翼中央成品仓库,4.0,济南空信空间信息服务有限公司,"18448981305",辽宁省大连市,顺丰速运,SF20260127522179,"",运输中,SO-202306-00270,生产延迟导致发货推迟,"2026-01-27",Active,"10042"
SH0000222,SH-202306-0222,"2025-06-26",WH001,深圳天翼中央成品仓库,14.0,南京测控测绘科技有限公司,"13359154084",江苏省无锡市,顺丰速运,SF20250626998348,"2025-06-28",已签收,SO-202306-00283,"","2025-06-26",Active,"10043"
SH0000223,SH-202306-0223,"2025-07-27",WH001,深圳天翼中央成品仓库,36.0,西安测量测量科技有限公司,"13415933049",辽宁省沈阳市,顺丰速运,SF20250727468845,"2025-08-01",已签收,SO-202306-00285,"","2025-07-27",Active,"10044"
SH0000224,SH-202306-0224,"2025-07-11",WH001,深圳天翼中央成品仓库,43.0,青岛精测地理信息服务有限公司,"19455184454",四川省绵阳市,中通快递,SF20250711883826,"",运输中,SO-202306-00288,"","2025-07-11",Active,"10045"
SH0000225,SH-202306-0225,"2025-06-30",WH001,深圳天翼中央成品仓库,6.0,大连天图测控有限公司,"17191462297",陕西省西安市,德邦物流,SF20250630611945,"2025-07-02",已签收,SO-202306-00316,"","2025-06-30",Active,"10050"
SH0000226,SH-202306-0226,"2025-07-11",WH001,深圳天翼中央成品仓库,5.0,郑州地景测控工程有限公司,"15692697161",湖南省长沙市,京东物流,SF20250711130434,"2025-07-15",已签收,SO-202306-00323,"","2025-07-11",Active,"10052"
SH0000227,SH-202306-0227,"2026-01-28",WH001,深圳天翼中央成品仓库,53.0,厦门图新勘测服务有限公司,"17854827139",陕西省咸阳市,德邦物流,SF20260128300896,"2026-02-03",已签收,SO-202306-00334,物流调度重排,"2026-01-28",Active,"10053"
SH0000228,SH-202306-0228,"2025-08-07",WH001,深圳天翼中央成品仓库,31.0,南京地景测量技术有限公司,"17691458887",上海市上海市,德邦物流,SF20250807752483,"2025-08-10",已签收,SO-202306-00384,"","2025-08-07",Active,"10062"
SH0000229,SH-202306-0229,"2026-02-01",WH001,深圳天翼中央成品仓库,6.0,大连视界传媒制作工作室,"17730900313",重庆市重庆市,中通快递,SF20260201292401,"2026-02-06",已签收,SO-202306-00406,节假日延误，顺延发货,"2026-02-01",Active,"10066"
SH0000230,SH-202306-0230,"2025-06-30",WH001,深圳天翼中央成品仓库,47.0,重庆镜头影像文化有限公司,"13751124015",江苏省南京市,圆通速递,SF20250630549433,"2025-07-02",已签收,SO-202306-00427,"","2025-06-30",Active,"10068"
SH0000231,SH-202306-0231,"2025-07-30",WH001,深圳天翼中央成品仓库,3.0,郑州光影时代文化传媒有限公司,"19369108475",重庆市重庆市,顺丰速运,SF20250730372793,"2025-08-05",已签收,SO-202306-00433,"","2025-07-30",Active,"10069"
SH0000232,SH-202306-0232,"2025-08-09",WH001,深圳天翼中央成品仓库,71.0,哈尔滨视界传媒文化有限公司,"13588322781",黑龙江省哈尔滨市,京东物流,SF20250809442722,"2025-08-14",已签收,SO-202306-00456,"","2025-08-09",Active,"10073"
SH0000233,SH-202306-0233,"2025-08-10",WH001,深圳天翼中央成品仓库,37.0,西安安邦安全技术工程有限公司,"15933468715",四川省成都市,申通快递,SF20250810972335,"2025-08-17",已签收,SO-202306-00553,"","2025-08-10",Active,"10092"
SH0000234,SH-202306-0234,"2025-08-12",WH001,深圳天翼中央成品仓库,4.0,西安安通警用装备工程有限公司,"19915911873",湖南省长沙市,京东物流,SF20250812120324,"2025-08-15",已签收,SO-202306-00568,"","2025-08-12",Active,"10094"
SH0000235,SH-202306-0235,"2025-07-07",WH001,深圳天翼中央成品仓库,15.0,苏州警盾安全技术科技有限公司,"15445236735",河南省洛阳市,百世快递,SF20250707335113,"2025-07-12",已签收,SO-202306-00597,"","2025-07-07",Active,"10097"
SH0000236,SH-202307-0236,"2025-08-17",WH001,深圳天翼中央成品仓库,38.0,重庆绿地植保科技有限公司,"15721609600",河南省郑州市,顺丰速运,SF20250817890870,"2025-08-23",已签收,SO-202307-00091,"","2025-08-17",Active,"10015"
SH0000237,SH-202307-0237,"2025-08-25",WH001,深圳天翼中央成品仓库,30.0,青岛沃土植保有限公司,"15784095277",湖南省株洲市,申通快递,SF20250825121369,"2025-09-01",已签收,SO-202307-00128,"","2025-08-25",Active,"10021"
SH0000238,SH-202307-0238,"2025-09-22",WH001,深圳天翼中央成品仓库,10.0,长沙绿地农服技术有限公司,"17532074125",福建省厦门市,德邦物流,SF20250922596564,"2025-09-26",已签收,SO-202307-00197,"","2025-09-22",Active,"10030"
SH0000239,SH-202307-0239,"2025-08-22",WH001,深圳天翼中央成品仓库,1.0,沈阳空间空间信息有限公司,"19798423334",湖北省宜昌市,德邦物流,SF20250822587623,"2025-08-25",已签收,SO-202307-00261,"","2025-08-22",Active,"10040"
SH0000240,SH-202307-0240,"2025-09-03",WH001,深圳天翼中央成品仓库,48.0,郑州经纬空间信息有限公司,"17851333320",福建省厦门市,德邦物流,SF20250903735324,"2025-09-08",已签收,SO-202307-00347,"","2025-09-03",Active,"10055"
SH0000241,SH-202307-0241,"2025-08-06",WH001,深圳天翼中央成品仓库,66.0,大连天图测绘有限公司,"13272684373",陕西省咸阳市,百世快递,SF20250806213349,"2025-08-11",已签收,SO-202307-00364,"","2025-08-06",Active,"10058"
SH0000242,SH-202307-0242,"2025-07-20",WH001,深圳天翼中央成品仓库,19.0,哈尔滨天图空间信息工程有限公司,"17546129354",上海市上海市,中通快递,SF20250720810250,"2025-07-25",已签收,SO-202307-00400,"","2025-07-20",Active,"10063"
SH0000243,SH-202307-0243,"2025-09-07",WH001,深圳天翼中央成品仓库,19.0,广州光影时代传媒文化传播有限公司,"19737444033",山东省济南市,德邦物流,SF20250907179688,"2025-09-14",已签收,SO-202307-00497,"","2025-09-07",Active,"10083"
SH0000244,SH-202307-0244,"2025-08-03",WH001,深圳天翼中央成品仓库,80.0,广州光影时代传媒文化传播有限公司,"19737444033",山东省济南市,圆通速递,SF20250803910004,"2025-08-06",已签收,SO-202307-00505,"","2025-08-03",Active,"10083"
SH0000245,SH-202307-0245,"2025-08-25",WH001,深圳天翼中央成品仓库,21.0,北京视界文化有限公司,"18557707813",福建省厦门市,申通快递,SF20250825693423,"2025-09-01",已签收,SO-202307-00508,"","2025-08-25",Active,"10084"
SH0000246,SH-202307-0246,"2025-07-28",WH001,深圳天翼中央成品仓库,4.0,重庆安邦安全技术工程有限公司,"15286293158",黑龙江省哈尔滨市,京东物流,SF20250728793655,"2025-07-31",已签收,SO-202307-00559,"","2025-07-28",Active,"10093"
SH0000247,SH-202308-0247,"2025-09-10",WH001,深圳天翼中央成品仓库,3.0,郑州绿洲农服技术有限公司,"19855420240",重庆市重庆市,圆通速递,SF20250910457806,"2025-09-17",已签收,SO-202308-00104,"","2025-09-10",Active,"10018"
SH0000248,SH-202308-0248,"2025-09-12",WH001,深圳天翼中央成品仓库,2.0,青岛绿洲农技股份有限公司,"17769108025",山东省烟台市,顺丰速运,SF20250912554582,"2025-09-16",已签收,SO-202308-00189,"","2025-09-12",Active,"10029"
SH0000249,SH-202308-0249,"2025-09-27",WH001,深圳天翼中央成品仓库,3.0,西安星图空间信息服务有限公司,"18396889215",浙江省温州市,德邦物流,SF20250927556641,"2025-10-04",已签收,SO-202308-00298,"","2025-09-27",Active,"10046"
SH0000250,SH-202308-0250,"2025-08-28",WH001,深圳天翼中央成品仓库,18.0,厦门图新勘测服务有限公司,"17854827139",陕西省咸阳市,百世快递,SF20250828745830,"2025-09-01",已签收,SO-202308-00337,"","2025-08-28",Active,"10053"
SH0000251,SH-202308-0251,"2026-01-24",WH001,深圳天翼中央成品仓库,8.0,沈阳经纬测量有限公司,"15409268943",湖南省株洲市,中通快递,SF20260124947272,"",已发货,SO-202308-00379,客户申请延迟收货,"2026-01-24",Active,"10061"
SH0000252,SH-202308-0252,"2025-10-15",WH001,深圳天翼中央成品仓库,43.0,哈尔滨天图空间信息工程有限公司,"17546129354",上海市上海市,百世快递,SF20251015993085,"2025-10-21",已签收,SO-202308-00398,"","2025-10-15",Active,"10063"
SH0000253,SH-202308-0253,"2026-01-21",WH001,深圳天翼中央成品仓库,70.0,广州光影时代传媒文化传播有限公司,"19737444033",山东省济南市,百世快递,SF20260121666847,"2026-01-23",已签收,SO-202308-00492,节假日延误，顺延发货,"2026-01-21",Active,"10083"
SH0000254,SH-202308-0254,"2025-10-04",WH001,深圳天翼中央成品仓库,81.0,北京视界文化有限公司,"18557707813",福建省厦门市,圆通速递,SF20251004497399,"2025-10-07",已签收,SO-202308-00515,"","2025-10-04",Active,"10084"
SH0000255,SH-202308-0255,"2026-02-05",WH001,深圳天翼中央成品仓库,27.0,苏州警盾安全技术科技有限公司,"15445236735",河南省洛阳市,中通快递,SF20260205609231,"",已发货,SO-202308-00596,节假日延误，顺延发货,"2026-02-05",Active,"10097"
SH0000256,SH-202309-0256,"2025-10-30",WH001,深圳天翼中央成品仓库,8.0,上海沃土农资技术有限公司,"17356287095",湖北省襄阳市,百世快递,SF20251030936587,"2025-11-02",已签收,SO-202309-00092,"","2025-10-30",Active,"10016"
SH0000257,SH-202309-0257,"2025-10-30",WH001,深圳天翼中央成品仓库,8.0,西安禾苗农科有限公司,"13426283245",浙江省绍兴市,中通快递,SF20251030835244,"2025-11-06",已签收,SO-202309-00198,"","2025-10-30",Active,"10031"
SH0000258,SH-202309-0258,"2025-09-26",WH001,深圳天翼中央成品仓库,34.0,西安禾苗农科有限公司,"13426283245",浙江省绍兴市,中通快递,SF20250926300337,"2025-09-30",已签收,SO-202309-00200,"","2025-09-26",Active,"10031"
SH0000259,SH-202309-0259,"2025-10-20",WH001,深圳天翼中央成品仓库,23.0,杭州大地农资有限公司,"15126226563",上海市上海市,京东物流,SF20251020612311,"2025-10-25",已签收,SO-202309-00215,"","2025-10-20",Active,"10033"
SH0000260,SH-202309-0260,"2026-03-07",WH001,深圳天翼中央成品仓库,49.0,青岛空地测量有限公司,"15209415691",湖北省宜昌市,顺丰速运,SF20260307272634,"",已发货,SO-202309-00250,客户申请延迟收货,"2026-03-07",Active,"10038"
SH0000261,SH-202309-0261,"2025-10-26",WH001,深圳天翼中央成品仓库,8.0,沈阳测量地理信息科技有限公司,"19388187517",山东省青岛市,申通快递,SF20251026118080,"2025-10-29",已签收,SO-202309-00263,"","2025-10-26",Active,"10041"
SH0000262,SH-202309-0262,"2026-03-05",WH001,深圳天翼中央成品仓库,3.0,沈阳测量地理信息科技有限公司,"19388187517",山东省青岛市,京东物流,SF20260305922157,"",已发货,SO-202309-00265,生产延迟导致发货推迟,"2026-03-05",Active,"10041"
SH0000263,SH-202309-0263,"2025-09-27",WH001,深圳天翼中央成品仓库,50.0,大连天图测绘有限公司,"13272684373",陕西省咸阳市,中通快递,SF20250927486945,"2025-10-03",已签收,SO-202309-00358,"","2025-09-27",Active,"10058"
SH0000264,SH-202309-0264,"2026-03-10",WH001,深圳天翼中央成品仓库,7.0,西安视界传媒广告传媒有限公司,"13722312633",湖南省长沙市,百世快递,SF20260310865990,"",运输中,SO-202309-00434,客户仓库施工，推迟到货,"2026-03-10",Active,"10070"
SH0000265,SH-202309-0265,"2026-03-18",WH001,深圳天翼中央成品仓库,6.0,西安影动广告有限公司,"19447646966",湖南省长沙市,德邦物流,SF20260318299122,"",已发货,SO-202309-00488,节假日延误，顺延发货,"2026-03-18",Active,"10082"
SH0000266,SH-202309-0266,"2025-10-28",WH001,深圳天翼中央成品仓库,45.0,广州光影时代传媒文化传播有限公司,"19737444033",山东省济南市,百世快递,SF20251028341736,"2025-10-30",已签收,SO-202309-00502,"","2025-10-28",Active,"10083"
SH0000267,SH-202309-0267,"2025-10-21",WH001,深圳天翼中央成品仓库,87.0,深圳影动力广告文化有限公司,"13200105056",江苏省无锡市,顺丰速运,SF20251021878967,"2025-10-27",已签收,SO-202309-00532,"","2025-10-21",Active,"10088"
SH0000268,SH-202309-0268,"2026-01-22",WH001,深圳天翼中央成品仓库,3.0,西安影像空间影像传媒有限公司,"19453954673",四川省成都市,圆通速递,SF20260122871476,"",已发货,SO-202309-00538,客户申请延迟收货,"2026-01-22",Active,"10089"
SH0000269,SH-202309-0269,"2025-10-31",WH001,深圳天翼中央成品仓库,4.0,南京安盾安保有限公司,"18140380477",河南省郑州市,中通快递,SF20251031897135,"2025-11-06",已签收,SO-202309-00578,"","2025-10-31",Active,"10096"
SH0000270,SH-202310-0270,"2025-11-26",WH001,深圳天翼中央成品仓库,28.0,西安惠农农科科技有限公司,"19554340903",湖南省株洲市,顺丰速运,SF20251126973074,"2025-12-01",已签收,SO-202310-00028,"","2025-11-26",Active,"10005"
SH0000271,SH-202310-0271,"2025-11-05",WH001,深圳天翼中央成品仓库,2.0,青岛农翼农技股份有限公司,"18229927269",辽宁省沈阳市,百世快递,SF20251105288158,"2025-11-10",已签收,SO-202310-00033,"","2025-11-05",Active,"10006"
SH0000272,SH-202310-0272,"2026-02-24",WH001,深圳天翼中央成品仓库,9.0,长沙农兴农机服务有限公司,"18480424119",陕西省西安市,顺丰速运,SF20260224152578,"",已发货,SO-202310-00053,物流调度重排,"2026-02-24",Active,"10009"
SH0000273,SH-202310-0273,"2026-03-20",WH001,深圳天翼中央成品仓库,2.0,深圳沃土农资科技有限公司,"13178663096",重庆市重庆市,申通快递,SF20260320656926,"",已发货,SO-202310-00099,客户申请延迟收货,"2026-03-20",Active,"10017"
SH0000274,SH-202310-0274,"2025-12-04",WH001,深圳天翼中央成品仓库,34.0,郑州绿洲农业服务有限公司,"13510751046",辽宁省沈阳市,申通快递,SF20251204889359,"2025-12-09",已签收,SO-202310-00161,"","2025-12-04",Active,"10025"
SH0000275,SH-202310-0275,"2025-11-22",WH001,深圳天翼中央成品仓库,3.0,深圳丰收农资科技有限公司,"15807435606",陕西省咸阳市,中通快递,SF20251122398151,"2025-11-27",已签收,SO-202310-00201,"","2025-11-22",Active,"10032"
SH0000276,SH-202310-0276,"2025-12-18",WH001,深圳天翼中央成品仓库,1.0,青岛空地测量有限公司,"15209415691",湖北省宜昌市,百世快递,SF20251218293319,"2025-12-23",已签收,SO-202310-00249,"","2025-12-18",Active,"10038"
SH0000277,SH-202310-0277,"2025-12-07",WH001,深圳天翼中央成品仓库,10.0,青岛空地测量有限公司,"15209415691",湖北省宜昌市,顺丰速运,SF20251207962050,"2025-12-13",已签收,SO-202310-00251,"","2025-12-07",Active,"10038"
SH0000278,SH-202310-0278,"2025-11-12",WH001,深圳天翼中央成品仓库,6.0,厦门地测勘测工程有限公司,"17174041730",湖南省长沙市,顺丰速运,SF20251112705050,"2025-11-18",已签收,SO-202310-00252,"","2025-11-12",Active,"10039"
SH0000279,SH-202310-0279,"2025-11-23",WH001,深圳天翼中央成品仓库,1.0,济南空信空间信息服务有限公司,"18448981305",辽宁省大连市,德邦物流,SF20251123950544,"",已发货,SO-202310-00274,"","2025-11-23",Active,"10042"
SH0000280,SH-202310-0280,"2025-10-26",WH001,深圳天翼中央成品仓库,53.0,西安星图空间信息服务有限公司,"18396889215",浙江省温州市,德邦物流,SF20251026224205,"2025-10-28",已签收,SO-202310-00302,"","2025-10-26",Active,"10046"
SH0000281,SH-202310-0281,"2025-12-03",WH001,深圳天翼中央成品仓库,6.0,上海地理勘测有限公司,"17297958983",黑龙江省哈尔滨市,中通快递,SF20251203929151,"2025-12-07",已签收,SO-202310-00313,"","2025-12-03",Active,"10049"
SH0000282,SH-202310-0282,"2025-11-27",WH001,深圳天翼中央成品仓库,32.0,厦门图新勘测服务有限公司,"17854827139",陕西省咸阳市,京东物流,SF20251127572398,"2025-12-02",已签收,SO-202310-00333,"","2025-11-27",Active,"10053"
SH0000283,SH-202310-0283,"2025-11-17",WH001,深圳天翼中央成品仓库,45.0,郑州经纬空间信息有限公司,"17851333320",福建省厦门市,京东物流,SF20251117420214,"2025-11-22",已签收,SO-202310-00345,"","2025-11-17",Active,"10055"
SH0000284,SH-202310-0284,"2025-12-01",WH001,深圳天翼中央成品仓库,5.0,南京星图测量服务有限公司,"15656670062",湖北省襄阳市,中通快递,SF20251201876039,"2025-12-07",已签收,SO-202310-00374,"","2025-12-01",Active,"10060"
SH0000285,SH-202310-0285,"2025-12-08",WH001,深圳天翼中央成品仓库,43.0,哈尔滨天图空间信息工程有限公司,"17546129354",上海市上海市,德邦物流,SF20251208377501,"2025-12-14",已签收,SO-202310-00390,"","2025-12-08",Active,"10063"
SH0000286,SH-202310-0286,"2025-12-25",WH001,深圳天翼中央成品仓库,8.0,杭州光影时代影像工作室,"18214518079",福建省厦门市,德邦物流,SF20251225282256,"2025-12-30",已签收,SO-202310-00412,"","2025-12-25",Active,"10067"
SH0000287,SH-202310-0287,"2025-12-06",WH001,深圳天翼中央成品仓库,3.0,厦门影立方制作有限公司,"17206681214",北京市北京市,顺丰速运,SF20251206528361,"2025-12-10",已签收,SO-202310-00469,"","2025-12-06",Active,"10078"
SH0000288,SH-202310-0288,"2025-11-18",WH001,深圳天翼中央成品仓库,4.0,厦门影立方制作有限公司,"17206681214",北京市北京市,百世快递,SF20251118134225,"2025-11-22",已签收,SO-202310-00472,"","2025-11-18",Active,"10078"
SH0000289,SH-202310-0289,"2025-11-04",WH001,深圳天翼中央成品仓库,85.0,广州光影时代传媒文化传播有限公司,"19737444033",山东省济南市,百世快递,SF20251104837135,"2025-11-06",已签收,SO-202310-00501,"","2025-11-04",Active,"10083"
SH0000290,SH-202310-0290,"2025-11-04",WH001,深圳天翼中央成品仓库,40.0,重庆安邦安全技术工程有限公司,"15286293158",黑龙江省哈尔滨市,德邦物流,SF20251104377405,"2025-11-08",已签收,SO-202310-00558,"","2025-11-04",Active,"10093"
SH0000291,SH-202310-0291,"2025-12-05",WH001,深圳天翼中央成品仓库,3.0,西安安通警用装备工程有限公司,"19915911873",湖南省长沙市,申通快递,SF20251205307428,"2025-12-07",已签收,SO-202310-00569,"","2025-12-05",Active,"10094"
SH0000292,SH-202310-0292,"2025-12-06",WH001,深圳天翼中央成品仓库,45.0,苏州警盾安全技术科技有限公司,"15445236735",河南省洛阳市,德邦物流,SF20251206779094,"2025-12-13",已签收,SO-202310-00590,"","2025-12-06",Active,"10097"
SH0000293,SH-202311-0293,"2026-03-21",WH001,深圳天翼中央成品仓库,32.0,西安惠农农科科技有限公司,"19554340903",湖南省株洲市,顺丰速运,SF20260321992697,"",已发货,SO-202311-00029,客户申请延迟收货,"2026-03-21",Active,"10005"
SH0000294,SH-202311-0294,"2025-11-25",WH001,深圳天翼中央成品仓库,21.0,重庆绿地植保科技有限公司,"15721609600",河南省郑州市,圆通速递,SF20251125964278,"2025-11-30",已签收,SO-202311-00089,"","2025-11-25",Active,"10015"
SH0000295,SH-202311-0295,"2026-01-23",WH001,深圳天翼中央成品仓库,41.0,厦门田园农服有限公司,"18630833445",陕西省咸阳市,百世快递,SF20260123346629,"2026-01-25",已签收,SO-202311-00223,合同变更后重新排程,"2026-01-23",Active,"10034"
SH0000296,SH-202311-0296,"2025-11-29",WH001,深圳天翼中央成品仓库,18.0,厦门田园农服有限公司,"18630833445",陕西省咸阳市,京东物流,SF20251129385470,"2025-12-03",已签收,SO-202311-00229,"","2025-11-29",Active,"10034"
SH0000297,SH-202311-0297,"2025-12-25",WH001,深圳天翼中央成品仓库,7.0,西安测量测量科技有限公司,"13415933049",辽宁省沈阳市,京东物流,SF20251225184349,"2026-01-01",已签收,SO-202311-00286,"","2025-12-25",Active,"10044"
SH0000298,SH-202311-0298,"2025-11-29",WH001,深圳天翼中央成品仓库,28.0,西安星图空间信息服务有限公司,"18396889215",浙江省温州市,圆通速递,SF20251129437978,"2025-12-02",已签收,SO-202311-00299,"","2025-11-29",Active,"10046"
SH0000299,SH-202311-0299,"2025-12-21",WH001,深圳天翼中央成品仓库,40.0,大连天图测绘有限公司,"13272684373",陕西省咸阳市,顺丰速运,SF20251221340044,"2025-12-25",已签收,SO-202311-00360,"","2025-12-21",Active,"10058"
SH0000300,SH-202311-0300,"2025-11-28",WH001,深圳天翼中央成品仓库,3.0,上海天地地理信息技术有限公司,"19901325519",浙江省绍兴市,顺丰速运,SF20251128901909,"2025-12-05",已签收,SO-202311-00402,"","2025-11-28",Active,"10064"
SH0000301,SH-202311-0301,"2025-12-10",WH001,深圳天翼中央成品仓库,36.0,重庆镜头影像文化有限公司,"13751124015",江苏省南京市,顺丰速运,SF20251210900177,"2025-12-15",已签收,SO-202311-00418,"","2025-12-10",Active,"10068"
SH0000302,SH-202311-0302,"2025-12-08",WH001,深圳天翼中央成品仓库,7.0,深圳影像空间文化文化传播有限公司,"18761051532",山东省青岛市,圆通速递,SF20251208563711,"2025-12-10",已签收,SO-202311-00467,"","2025-12-08",Active,"10077"
SH0000303,SH-202311-0303,"2025-11-21",WH001,深圳天翼中央成品仓库,9.0,深圳影像制作文化传播有限公司,"13397721596",河南省郑州市,京东物流,SF20251121765620,"2025-11-28",已签收,SO-202311-00485,"","2025-11-21",Active,"10081"
SH0000304,SH-202311-0304,"2025-12-13",WH001,深圳天翼中央成品仓库,51.0,北京视界文化有限公司,"18557707813",福建省厦门市,百世快递,SF20251213528184,"2025-12-16",已签收,SO-202311-00507,"","2025-12-13",Active,"10084"
SH0000305,SH-202311-0305,"2025-11-28",WH001,深圳天翼中央成品仓库,86.0,杭州影像影像工作室,"17587173220",山东省烟台市,顺丰速运,SF20251128999398,"2025-12-05",已签收,SO-202311-00523,"","2025-11-28",Active,"10086"
SH0000306,SH-202311-0306,"2025-12-10",WH001,深圳天翼中央成品仓库,27.0,西安安邦安全技术工程有限公司,"15933468715",四川省成都市,圆通速递,SF20251210619536,"2025-12-16",已签收,SO-202311-00554,"","2025-12-10",Active,"10092"
SH0000307,SH-202311-0307,"2025-12-25",WH001,深圳天翼中央成品仓库,4.0,南京安盾安保有限公司,"18140380477",河南省郑州市,顺丰速运,SF20251225576919,"2025-12-30",已签收,SO-202311-00580,"","2025-12-25",Active,"10096"
SH0000308,SH-202312-0308,"2026-02-15",WH001,深圳天翼中央成品仓库,43.0,青岛沃土植保有限公司,"15784095277",湖南省株洲市,圆通速递,SF20260215723398,"2026-02-21",已签收,SO-202312-00127,客户申请延迟收货,"2026-02-15",Active,"10021"
SH0000309,SH-202312-0309,"2025-12-13",WH001,深圳天翼中央成品仓库,58.0,南京测控测绘科技有限公司,"13359154084",江苏省无锡市,圆通速递,SF20251213668950,"2025-12-15",已签收,SO-202312-00277,"","2025-12-13",Active,"10043"
SH0000310,SH-202312-0310,"2025-12-18",WH001,深圳天翼中央成品仓库,13.0,厦门图新勘测服务有限公司,"17854827139",陕西省咸阳市,德邦物流,SF20251218643623,"2025-12-20",已签收,SO-202312-00336,"","2025-12-18",Active,"10053"
SH0000311,SH-202312-0311,"2026-03-09",WH001,深圳天翼中央成品仓库,6.0,青岛天图勘测工程有限公司,"18398668350",北京市北京市,百世快递,SF20260309712024,"",运输中,SO-202312-00357,合同变更后重新排程,"2026-03-09",Active,"10057"
SH0000312,SH-202312-0312,"2025-12-06",WH001,深圳天翼中央成品仓库,41.0,杭州测控地理信息技术有限公司,"17371011200",江苏省常州市,中通快递,SF20251206237377,"2025-12-11",已签收,SO-202312-00373,"","2025-12-06",Active,"10059"
SH0000313,SH-202312-0313,"2025-12-08",WH001,深圳天翼中央成品仓库,2.0,沈阳经纬测量有限公司,"15409268943",湖南省株洲市,京东物流,SF20251208227324,"2025-12-12",已签收,SO-202312-00381,"","2025-12-08",Active,"10061"
SH0000314,SH-202312-0314,"2026-02-24",WH001,深圳天翼中央成品仓库,6.0,杭州光影时代影像工作室,"18214518079",福建省厦门市,京东物流,SF20260224314181,"",运输中,SO-202312-00416,客户仓库施工，推迟到货,"2026-02-24",Active,"10067"
SH0000315,SH-202312-0315,"2025-12-31",WH001,深圳天翼中央成品仓库,33.0,重庆镜头影像文化有限公司,"13751124015",江苏省南京市,中通快递,SF20251231527809,"2026-01-03",已签收,SO-202312-00430,"","2025-12-31",Active,"10068"
SH0000316,SH-202312-0316,"2025-12-26",WH001,深圳天翼中央成品仓库,12.0,郑州影立方制作传媒有限公司,"15826197069",福建省厦门市,京东物流,SF20251226223172,"2025-12-30",已签收,SO-202312-00453,"","2025-12-26",Active,"10072"
SH0000317,SH-202312-0317,"2025-12-03",WH001,深圳天翼中央成品仓库,88.0,厦门影立方制作有限公司,"17206681214",北京市北京市,圆通速递,SF20251203406039,"2025-12-06",已签收,SO-202312-00474,"","2025-12-03",Active,"10078"
SH0000318,SH-202312-0318,"2025-12-18",WH001,深圳天翼中央成品仓库,56.0,广州光影时代传媒文化传播有限公司,"19737444033",山东省济南市,申通快递,SF20251218605937,"2025-12-25",已签收,SO-202312-00496,"","2025-12-18",Active,"10083"
SH0000319,SH-202312-0319,"2025-12-20",WH001,深圳天翼中央成品仓库,5.0,西安安通警用装备工程有限公司,"19915911873",湖南省长沙市,中通快递,SF20251220251668,"2025-12-27",已签收,SO-202312-00567,"","2025-12-20",Active,"10094"
SH0000320,SH-202312-0320,"2025-12-24",WH001,深圳天翼中央成品仓库,19.0,苏州警盾安全技术科技有限公司,"15445236735",河南省洛阳市,中通快递,SF20251224882544,"",已发货,SO-202312-00594,"","2025-12-24",Active,"10097"
SH0000321,SH-202401-0321,"2025-03-19",WH001,深圳天翼中央成品仓库,39.0,青岛田园农科有限公司,"13489747629",辽宁省沈阳市,申通快递,SF20250319928381,"2025-03-26",已签收,SO-202401-00011,"","2025-03-19",Active,"10003"
SH0000322,SH-202401-0322,"2025-03-05",WH001,深圳天翼中央成品仓库,44.0,南京绿野农资服务有限公司,"15876693898",山东省济南市,百世快递,SF20250305960408,"2025-03-08",已签收,SO-202401-00048,"","2025-03-05",Active,"10008"
SH0000323,SH-202401-0323,"2025-02-02",WH001,深圳天翼中央成品仓库,12.0,郑州农丰农机技术有限公司,"13154318806",陕西省西安市,百世快递,SF20250202978157,"2025-02-08",已签收,SO-202401-00064,"","2025-02-02",Active,"10011"
SH0000324,SH-202401-0324,"2025-03-23",WH001,深圳天翼中央成品仓库,27.0,西安农兴农资科技有限公司,"17937643439",重庆市重庆市,京东物流,SF20250323255813,"2025-03-27",已签收,SO-202401-00139,"","2025-03-23",Active,"10023"
SH0000325,SH-202401-0325,"2025-02-19",WH001,深圳天翼中央成品仓库,5.0,西安丰收农资技术有限公司,"18126614158",河南省郑州市,百世快递,SF20250219448588,"2025-02-23",已签收,SO-202401-00149,"","2025-02-19",Active,"10024"
SH0000326,SH-202401-0326,"2025-02-14",WH001,深圳天翼中央成品仓库,13.0,郑州绿洲农业服务有限公司,"13510751046",辽宁省沈阳市,京东物流,SF20250214437408,"2025-02-21",已签收,SO-202401-00162,"","2025-02-14",Active,"10025"
SH0000327,SH-202401-0327,"2025-02-01",WH001,深圳天翼中央成品仓库,4.0,沈阳地信勘测工程有限公司,"13434961542",福建省福州市,京东物流,SF20250201344907,"2025-02-07",已签收,SO-202401-00240,"","2025-02-01",Active,"10037"
SH0000328,SH-202401-0328,"2025-02-26",WH001,深圳天翼中央成品仓库,8.0,济南空信空间信息服务有限公司,"18448981305",辽宁省大连市,圆通速递,SF20250226595951,"2025-03-04",已签收,SO-202401-00272,"","2025-02-26",Active,"10042"
SH0000329,SH-202401-0329,"2025-02-08",WH001,深圳天翼中央成品仓库,3.0,武汉精测勘测有限公司,"17292673892",山东省烟台市,圆通速递,SF20250208930884,"2025-02-12",已签收,SO-202401-00306,"","2025-02-08",Active,"10047"
SH0000330,SH-202401-0330,"2025-03-18",WH001,深圳天翼中央成品仓库,52.0,厦门图新勘测服务有限公司,"17854827139",陕西省咸阳市,顺丰速运,SF20250318232378,"2025-03-23",已签收,SO-202401-00327,"","2025-03-18",Active,"10053"
SH0000331,SH-202401-0331,"2025-03-20",WH001,深圳天翼中央成品仓库,2.0,成都测控地理信息工程有限公司,"15824022357",北京市北京市,申通快递,SF20250320205239,"2025-03-27",已签收,SO-202401-00352,"","2025-03-20",Active,"10056"
SH0000332,SH-202401-0332,"2025-01-29",WH001,深圳天翼中央成品仓库,8.0,南京星图测量服务有限公司,"15656670062",湖北省襄阳市,京东物流,SF20250129116093,"2025-02-01",已签收,SO-202401-00376,"","2025-01-29",Active,"10060"
SH0000333,SH-202401-0333,"2025-02-16",WH001,深圳天翼中央成品仓库,5.0,南京地景测量技术有限公司,"17691458887",上海市上海市,申通快递,SF20250216786587,"2025-02-22",已签收,SO-202401-00386,"","2025-02-16",Active,"10062"
SH0000334,SH-202401-0334,"2025-01-29",WH001,深圳天翼中央成品仓库,1.0,长沙视界文化工作室,"17991713190",浙江省宁波市,申通快递,SF20250129377896,"2025-02-03",已签收,SO-202401-00435,"","2025-01-29",Active,"10071"
SH0000335,SH-202401-0335,"2025-02-21",WH001,深圳天翼中央成品仓库,51.0,郑州影立方制作传媒有限公司,"15826197069",福建省厦门市,京东物流,SF20250221781403,"2025-02-26",已签收,SO-202401-00444,"","2025-02-21",Active,"10072"
SH0000336,SH-202401-0336,"2025-02-24",WH001,深圳天翼中央成品仓库,5.0,杭州视野制作传媒有限公司,"17819929088",上海市上海市,申通快递,SF20250224659543,"2025-03-01",已签收,SO-202401-00465,"","2025-02-24",Active,"10076"
SH0000337,SH-202401-0337,"2026-02-24",WH001,深圳天翼中央成品仓库,30.0,西安影动广告有限公司,"19447646966",湖南省长沙市,德邦物流,SF20260224378517,"2026-02-27",已签收,SO-202401-00490,客户仓库施工，推迟到货,"2026-02-24",Active,"10082"
SH0000338,SH-202401-0338,"2025-02-07",WH001,深圳天翼中央成品仓库,73.0,广州光影时代传媒文化传播有限公司,"19737444033",山东省济南市,中通快递,SF20250207171744,"2025-02-11",已签收,SO-202401-00503,"","2025-02-07",Active,"10083"
SH0000339,SH-202401-0339,"2025-01-21",WH001,深圳天翼中央成品仓库,35.0,西安安通警用装备工程有限公司,"19915911873",湖南省长沙市,圆通速递,SF20250121194769,"2025-01-23",已签收,SO-202401-00563,"","2025-01-21",Active,"10094"
SH0000340,SH-202401-0340,"2025-03-03",WH001,深圳天翼中央成品仓库,21.0,苏州警盾安全技术科技有限公司,"15445236735",河南省洛阳市,圆通速递,SF20250303205389,"2025-03-08",已签收,SO-202401-00588,"","2025-03-03",Active,"10097"
SH0000341,SH-202401-0341,"2025-02-24",WH001,深圳天翼中央成品仓库,41.0,成都守护警用装备服务有限公司,"18662714327",上海市上海市,百世快递,SF20250224130353,"2025-02-28",已签收,SO-202401-00600,"","2025-02-24",Active,"10098"
SH0000342,SH-202402-0342,"2025-03-29",WH001,深圳天翼中央成品仓库,24.0,郑州农丰农机技术有限公司,"13154318806",陕西省西安市,百世快递,SF20250329475876,"2025-04-02",已签收,SO-202402-00066,"","2025-03-29",Active,"10011"
SH0000343,SH-202402-0343,"2025-03-08",WH001,深圳天翼中央成品仓库,26.0,深圳农达农机股份有限公司,"19670292350",山东省济南市,德邦物流,SF20250308656968,"2025-03-12",已签收,SO-202402-00076,"","2025-03-08",Active,"10014"
SH0000344,SH-202402-0344,"2025-03-22",WH001,深圳天翼中央成品仓库,14.0,青岛沃土植保有限公司,"15784095277",湖南省株洲市,申通快递,SF20250322288803,"2025-03-27",已签收,SO-202402-00126,"","2025-03-22",Active,"10021"
SH0000345,SH-202402-0345,"2025-03-27",WH001,深圳天翼中央成品仓库,33.0,杭州沃土农技股份有限公司,"19224173718",上海市上海市,中通快递,SF20250327501126,"2025-04-03",已签收,SO-202402-00177,"","2025-03-27",Active,"10028"
SH0000346,SH-202402-0346,"2025-04-09",WH001,深圳天翼中央成品仓库,49.0,青岛精测地理信息服务有限公司,"19455184454",四川省绵阳市,中通快递,SF20250409250069,"2025-04-12",已签收,SO-202402-00291,"","2025-04-09",Active,"10045"
SH0000347,SH-202402-0347,"2025-03-06",WH001,深圳天翼中央成品仓库,7.0,大连天图测控有限公司,"17191462297",陕西省西安市,百世快递,SF20250306581894,"2025-03-08",已签收,SO-202402-00317,"","2025-03-06",Active,"10050"
SH0000348,SH-202402-0348,"2025-04-09",WH001,深圳天翼中央成品仓库,36.0,大连天图测绘有限公司,"13272684373",陕西省咸阳市,百世快递,SF20250409810526,"2025-04-15",已签收,SO-202402-00367,"","2025-04-09",Active,"10058"
SH0000349,SH-202402-0349,"2025-03-03",WH001,深圳天翼中央成品仓库,3.0,大连视界传媒制作工作室,"17730900313",重庆市重庆市,京东物流,SF20250303462351,"2025-03-09",已签收,SO-202402-00408,"","2025-03-03",Active,"10066"
SH0000350,SH-202402-0350,"2025-04-11",WH001,深圳天翼中央成品仓库,3.0,广州镜像传媒广告有限公司,"17797115550",四川省德阳市,京东物流,SF20250411823846,"2025-04-16",已签收,SO-202402-00462,"","2025-04-11",Active,"10075"
SH0000351,SH-202402-0351,"2025-03-10",WH001,深圳天翼中央成品仓库,5.0,广州镜像传媒广告有限公司,"17797115550",四川省德阳市,德邦物流,SF20250310503380,"2025-03-13",已签收,SO-202402-00463,"","2025-03-10",Active,"10075"
SH0000352,SH-202402-0352,"2025-03-24",WH001,深圳天翼中央成品仓库,1.0,杭州视野制作传媒有限公司,"17819929088",上海市上海市,京东物流,SF20250324699704,"2025-03-31",已签收,SO-202402-00466,"","2025-03-24",Active,"10076"
SH0000353,SH-202402-0353,"2026-02-22",WH001,深圳天翼中央成品仓库,35.0,厦门影立方制作有限公司,"17206681214",北京市北京市,中通快递,SF20260222431535,"",运输中,SO-202402-00475,客户申请延迟收货,"2026-02-22",Active,"10078"
SH0000354,SH-202402-0354,"2025-03-18",WH001,深圳天翼中央成品仓库,79.0,北京视界文化有限公司,"18557707813",福建省厦门市,顺丰速运,SF20250318693419,"2025-03-24",已签收,SO-202402-00519,"","2025-03-18",Active,"10084"
SH0000355,SH-202402-0355,"2025-03-23",WH001,深圳天翼中央成品仓库,8.0,西安影像空间影像传媒有限公司,"19453954673",四川省成都市,圆通速递,SF20250323620856,"2025-03-30",已签收,SO-202402-00542,"","2025-03-23",Active,"10089"
SH0000356,SH-202402-0356,"2025-04-21",WH001,深圳天翼中央成品仓库,2.0,西安安邦安全技术工程有限公司,"15933468715",四川省成都市,申通快递,SF20250421469435,"",运输中,SO-202402-00550,"","2025-04-21",Active,"10092"
SH0000357,SH-202402-0357,"2025-03-27",WH001,深圳天翼中央成品仓库,42.0,厦门安全卫士安防工程有限公司,"18574817290",重庆市重庆市,百世快递,SF20250327810687,"2025-03-31",已签收,SO-202402-00571,"","2025-03-27",Active,"10095"
SH0000358,SH-202402-0358,"2026-01-16",WH001,深圳天翼中央成品仓库,5.0,南京安盾安保有限公司,"18140380477",河南省郑州市,中通快递,SF20260116751332,"",已发货,SO-202402-00577,客户申请延迟收货,"2026-01-16",Active,"10096"
SH0000359,SH-202403-0359,"2025-05-07",WH001,深圳天翼中央成品仓库,19.0,西安惠农农科科技有限公司,"19554340903",湖南省株洲市,申通快递,SF20250507562236,"",已发货,SO-202403-00018,"","2025-05-07",Active,"10005"
SH0000360,SH-202403-0360,"2025-04-16",WH001,深圳天翼中央成品仓库,31.0,西安惠农农科科技有限公司,"19554340903",湖南省株洲市,圆通速递,SF20250416237795,"2025-04-23",已签收,SO-202403-00019,"","2025-04-16",Active,"10005"
SH0000361,SH-202403-0361,"2026-01-24",WH001,深圳天翼中央成品仓库,25.0,西安惠农农科科技有限公司,"19554340903",湖南省株洲市,圆通速递,SF20260124323508,"",已发货,SO-202403-00023,生产延迟导致发货推迟,"2026-01-24",Active,"10005"
SH0000362,SH-202403-0362,"2025-05-03",WH001,深圳天翼中央成品仓库,16.0,南京绿野农资服务有限公司,"15876693898",山东省济南市,申通快递,SF20250503665610,"2025-05-09",已签收,SO-202403-00049,"","2025-05-03",Active,"10008"
SH0000363,SH-202403-0363,"2025-04-03",WH001,深圳天翼中央成品仓库,7.0,长沙农兴农机服务有限公司,"18480424119",陕西省西安市,百世快递,SF20250403970813,"2025-04-06",已签收,SO-202403-00054,"","2025-04-03",Active,"10009"
SH0000364,SH-202403-0364,"2025-04-16",WH001,深圳天翼中央成品仓库,36.0,重庆绿地植保科技有限公司,"15721609600",河南省郑州市,申通快递,SF20250416409478,"2025-04-21",已签收,SO-202403-00090,"","2025-04-16",Active,"10015"
SH0000365,SH-202403-0365,"2025-04-20",WH001,深圳天翼中央成品仓库,4.0,郑州绿洲农服技术有限公司,"19855420240",重庆市重庆市,京东物流,SF20250420178957,"2025-04-23",已签收,SO-202403-00105,"","2025-04-20",Active,"10018"
SH0000366,SH-202403-0366,"2026-01-31",WH001,深圳天翼中央成品仓库,4.0,成都益农农机服务有限公司,"15383968123",辽宁省沈阳市,京东物流,SF20260131172132,"2026-02-04",已签收,SO-202403-00107,生产延迟导致发货推迟,"2026-01-31",Active,"10019"
SH0000367,SH-202403-0367,"2025-03-24",WH001,深圳天翼中央成品仓库,5.0,青岛沃土植保有限公司,"15784095277",湖南省株洲市,顺丰速运,SF20250324929090,"2025-03-26",已签收,SO-202403-00125,"","2025-03-24",Active,"10021"
SH0000368,SH-202403-0368,"2025-04-25",WH001,深圳天翼中央成品仓库,4.0,西安丰收农资技术有限公司,"18126614158",河南省郑州市,中通快递,SF20250425229592,"2025-04-27",已签收,SO-202403-00148,"","2025-04-25",Active,"10024"
SH0000369,SH-202403-0369,"2025-05-14",WH001,深圳天翼中央成品仓库,45.0,郑州绿洲农业服务有限公司,"13510751046",辽宁省沈阳市,圆通速递,SF20250514805000,"2025-05-19",已签收,SO-202403-00160,"","2025-05-14",Active,"10025"
SH0000370,SH-202403-0370,"2025-04-17",WH001,深圳天翼中央成品仓库,32.0,郑州绿洲农业服务有限公司,"13510751046",辽宁省沈阳市,申通快递,SF20250417769567,"2025-04-23",已签收,SO-202403-00167,"","2025-04-17",Active,"10025"
SH0000371,SH-202403-0371,"2025-03-30",WH001,深圳天翼中央成品仓库,51.0,杭州沃土农技股份有限公司,"19224173718",上海市上海市,德邦物流,SF20250330594379,"2025-04-05",已签收,SO-202403-00180,"","2025-03-30",Active,"10028"
SH0000372,SH-202403-0372,"2025-03-29",WH001,深圳天翼中央成品仓库,1.0,深圳丰收农资科技有限公司,"15807435606",陕西省咸阳市,百世快递,SF20250329739717,"2025-04-02",已签收,SO-202403-00206,"","2025-03-29",Active,"10032"
SH0000373,SH-202403-0373,"2025-03-31",WH001,深圳天翼中央成品仓库,17.0,厦门田园农服有限公司,"18630833445",陕西省咸阳市,申通快递,SF20250331586819,"2025-04-06",已签收,SO-202403-00219,"","2025-03-31",Active,"10034"
SH0000374,SH-202403-0374,"2026-02-04",WH001,深圳天翼中央成品仓库,5.0,沈阳空间空间信息有限公司,"19798423334",湖北省宜昌市,中通快递,SF20260204974244,"",已发货,SO-202403-00258,客户仓库施工，推迟到货,"2026-02-04",Active,"10040"
SH0000375,SH-202403-0375,"2025-04-15",WH001,深圳天翼中央成品仓库,4.0,沈阳经纬测量有限公司,"15409268943",湖南省株洲市,百世快递,SF20250415616554,"2025-04-17",已签收,SO-202403-00378,"","2025-04-15",Active,"10061"
SH0000376,SH-202403-0376,"2025-04-26",WH001,深圳天翼中央成品仓库,46.0,大连视界传媒制作工作室,"17730900313",重庆市重庆市,中通快递,SF20250426242254,"2025-04-30",已签收,SO-202403-00407,"","2025-04-26",Active,"10066"
SH0000377,SH-202403-0377,"2025-04-15",WH001,深圳天翼中央成品仓库,40.0,重庆镜头影像文化有限公司,"13751124015",江苏省南京市,圆通速递,SF20250415879238,"2025-04-18",已签收,SO-202403-00428,"","2025-04-15",Active,"10068"
SH0000378,SH-202403-0378,"2025-04-13",WH001,深圳天翼中央成品仓库,15.0,郑州影立方制作传媒有限公司,"15826197069",福建省厦门市,中通快递,SF20250413878325,"2025-04-16",已签收,SO-202403-00452,"","2025-04-13",Active,"10072"
SH0000379,SH-202403-0379,"2025-04-06",WH001,深圳天翼中央成品仓库,4.0,西安影动广告有限公司,"19447646966",湖南省长沙市,圆通速递,SF20250406203831,"2025-04-10",已签收,SO-202403-00491,"","2025-04-06",Active,"10082"
SH0000380,SH-202403-0380,"2026-02-22",WH001,深圳天翼中央成品仓库,25.0,北京视界文化有限公司,"18557707813",福建省厦门市,圆通速递,SF20260222946305,"",运输中,SO-202403-00510,合同变更后重新排程,"2026-02-22",Active,"10084"
SH0000381,SH-202403-0381,"2026-01-16",WH001,深圳天翼中央成品仓库,5.0,西安影像空间影像传媒有限公司,"19453954673",四川省成都市,百世快递,SF20260116956795,"",已发货,SO-202403-00540,生产延迟导致发货推迟,"2026-01-16",Active,"10089"
SH0000382,SH-202403-0382,"2025-05-23",WH001,深圳天翼中央成品仓库,5.0,西安安邦安全技术工程有限公司,"15933468715",四川省成都市,圆通速递,SF20250523485178,"2025-05-27",已签收,SO-202403-00549,"","2025-05-23",Active,"10092"
SH0000383,SH-202403-0383,"2025-04-25",WH001,深圳天翼中央成品仓库,34.0,重庆安邦安全技术工程有限公司,"15286293158",黑龙江省哈尔滨市,京东物流,SF20250425389282,"2025-04-29",已签收,SO-202403-00560,"","2025-04-25",Active,"10093"
SH0000384,SH-202403-0384,"2025-04-15",WH001,深圳天翼中央成品仓库,4.0,厦门安全卫士安防工程有限公司,"18574817290",重庆市重庆市,顺丰速运,SF20250415794963,"2025-04-18",已签收,SO-202403-00575,"","2025-04-15",Active,"10095"
SH0000385,SH-202404-0385,"2025-05-06",WH001,深圳天翼中央成品仓库,51.0,西安惠农农科科技有限公司,"19554340903",湖南省株洲市,顺丰速运,SF20250506925013,"2025-05-10",已签收,SO-202404-00022,"","2025-05-06",Active,"10005"
SH0000386,SH-202404-0386,"2025-05-09",WH001,深圳天翼中央成品仓库,4.0,长沙农兴农机服务有限公司,"18480424119",陕西省西安市,申通快递,SF20250509692002,"2025-05-12",已签收,SO-202404-00055,"","2025-05-09",Active,"10009"
SH0000387,SH-202404-0387,"2026-01-28",WH001,深圳天翼中央成品仓库,27.0,长沙农兴农机服务有限公司,"18480424119",陕西省西安市,德邦物流,SF20260128377312,"2026-01-30",已签收,SO-202404-00056,客户仓库施工，推迟到货,"2026-01-28",Active,"10009"
SH0000388,SH-202404-0388,"2026-03-26",WH001,深圳天翼中央成品仓库,25.0,郑州农丰农机技术有限公司,"13154318806",陕西省西安市,德邦物流,SF20260326385577,"",运输中,SO-202404-00061,合同变更后重新排程,"2026-03-26",Active,"10011"
SH0000389,SH-202404-0389,"2025-06-02",WH001,深圳天翼中央成品仓库,23.0,郑州农丰农机技术有限公司,"13154318806",陕西省西安市,申通快递,SF20250602251716,"2025-06-09",已签收,SO-202404-00068,"","2025-06-02",Active,"10011"
SH0000390,SH-202404-0390,"2025-06-17",WH001,深圳天翼中央成品仓库,50.0,厦门绿洲农资科技有限公司,"15530613729",北京市北京市,申通快递,SF20250617282973,"2025-06-23",已签收,SO-202404-00069,"","2025-06-17",Active,"10012"
SH0000391,SH-202404-0391,"2025-05-27",WH001,深圳天翼中央成品仓库,32.0,郑州绿洲农技股份有限公司,"19693269304",北京市北京市,顺丰速运,SF20250527475644,"2025-06-01",已签收,SO-202404-00132,"","2025-05-27",Active,"10022"
SH0000392,SH-202404-0392,"2025-05-06",WH001,深圳天翼中央成品仓库,16.0,西安农兴农资科技有限公司,"17937643439",重庆市重庆市,顺丰速运,SF20250506282710,"2025-05-09",已签收,SO-202404-00137,"","2025-05-06",Active,"10023"
SH0000393,SH-202404-0393,"2025-04-29",WH001,深圳天翼中央成品仓库,18.0,西安农兴农资科技有限公司,"17937643439",重庆市重庆市,圆通速递,SF20250429541409,"2025-05-06",已签收,SO-202404-00146,"","2025-04-29",Active,"10023"
SH0000394,SH-202404-0394,"2025-05-21",WH001,深圳天翼中央成品仓库,5.0,西安丰收农资技术有限公司,"18126614158",河南省郑州市,顺丰速运,SF20250521599380,"2025-05-28",已签收,SO-202404-00150,"","2025-05-21",Active,"10024"
SH0000395,SH-202404-0395,"2026-02-10",WH001,深圳天翼中央成品仓库,42.0,郑州绿洲农业服务有限公司,"13510751046",辽宁省沈阳市,百世快递,SF20260210459536,"2026-02-17",已签收,SO-202404-00153,客户仓库施工，推迟到货,"2026-02-10",Active,"10025"
SH0000396,SH-202404-0396,"2025-06-08",WH001,深圳天翼中央成品仓库,13.0,郑州绿洲农业服务有限公司,"13510751046",辽宁省沈阳市,中通快递,SF20250608145471,"2025-06-13",已签收,SO-202404-00166,"","2025-06-08",Active,"10025"
SH0000397,SH-202404-0397,"2025-05-29",WH001,深圳天翼中央成品仓库,15.0,厦门田园农服有限公司,"18630833445",陕西省咸阳市,京东物流,SF20250529774591,"2025-06-03",已签收,SO-202404-00218,"","2025-05-29",Active,"10034"
SH0000398,SH-202404-0398,"2025-05-21",WH001,深圳天翼中央成品仓库,20.0,厦门田园农服有限公司,"18630833445",陕西省咸阳市,申通快递,SF20250521521126,"2025-05-26",已签收,SO-202404-00228,"","2025-05-21",Active,"10034"
SH0000399,SH-202404-0399,"2025-06-06",WH001,深圳天翼中央成品仓库,21.0,青岛精测地理信息服务有限公司,"19455184454",四川省绵阳市,圆通速递,SF20250606565108,"2025-06-08",已签收,SO-202404-00289,"","2025-06-06",Active,"10045"
SH0000400,SH-202404-0400,"2026-02-17",WH001,深圳天翼中央成品仓库,39.0,青岛精测地理信息服务有限公司,"19455184454",四川省绵阳市,圆通速递,SF20260217612262,"2026-02-19",已签收,SO-202404-00292,客户申请延迟收货,"2026-02-17",Active,"10045"
SH0000401,SH-202404-0401,"2025-06-02",WH001,深圳天翼中央成品仓库,33.0,青岛精测地理信息服务有限公司,"19455184454",四川省绵阳市,中通快递,SF20250602763829,"2025-06-06",已签收,SO-202404-00295,"","2025-06-02",Active,"10045"
SH0000402,SH-202404-0402,"2025-04-25",WH001,深圳天翼中央成品仓库,4.0,武汉精测勘测有限公司,"17292673892",山东省烟台市,百世快递,SF20250425499407,"2025-05-02",已签收,SO-202404-00308,"","2025-04-25",Active,"10047"
SH0000403,SH-202404-0403,"2025-06-08",WH001,深圳天翼中央成品仓库,59.0,上海地理勘测有限公司,"17297958983",黑龙江省哈尔滨市,京东物流,SF20250608630108,"2025-06-13",已签收,SO-202404-00312,"","2025-06-08",Active,"10049"
SH0000404,SH-202404-0404,"2026-03-10",WH001,深圳天翼中央成品仓库,50.0,郑州经纬空间信息有限公司,"17851333320",福建省厦门市,申通快递,SF20260310390120,"2026-03-12",已签收,SO-202404-00349,生产延迟导致发货推迟,"2026-03-10",Active,"10055"
SH0000405,SH-202404-0405,"2025-05-28",WH001,深圳天翼中央成品仓库,53.0,大连天图测绘有限公司,"13272684373",陕西省咸阳市,申通快递,SF20250528325468,"2025-06-04",已签收,SO-202404-00366,"","2025-05-28",Active,"10058"
SH0000406,SH-202404-0406,"2026-01-31",WH001,深圳天翼中央成品仓库,38.0,郑州影立方制作传媒有限公司,"15826197069",福建省厦门市,百世快递,SF20260131374680,"2026-02-07",已签收,SO-202404-00450,物流调度重排,"2026-01-31",Active,"10072"
SH0000407,SH-202404-0407,"2025-05-23",WH001,深圳天翼中央成品仓库,3.0,苏州光线文化工作室,"13235497187",重庆市重庆市,圆通速递,SF20250523199704,"2025-05-30",已签收,SO-202404-00521,"","2025-05-23",Active,"10085"
SH0000408,SH-202404-0408,"2025-05-08",WH001,深圳天翼中央成品仓库,85.0,大连影视通传媒传媒有限公司,"17988434627",重庆市重庆市,圆通速递,SF20250508367271,"",运输中,SO-202404-00526,"","2025-05-08",Active,"10087"
SH0000409,SH-202405-0409,"2025-06-28",WH001,深圳天翼中央成品仓库,39.0,广州绿野农技技术有限公司,"18269820594",北京市北京市,京东物流,SF20250628170394,"2025-06-30",已签收,SO-202405-00003,"","2025-06-28",Active,"10001"
SH0000410,SH-202405-0410,"2026-03-26",WH001,深圳天翼中央成品仓库,7.0,西安沃土植保科技有限公司,"17786066793",重庆市重庆市,百世快递,SF20260326548462,"",运输中,SO-202405-00007,客户申请延迟收货,"2026-03-26",Active,"10002"
SH0000411,SH-202405-0411,"2026-01-29",WH001,深圳天翼中央成品仓库,2.0,青岛田园农科有限公司,"13489747629",辽宁省沈阳市,顺丰速运,SF20260129824586,"2026-02-04",已签收,SO-202405-00012,客户申请延迟收货,"2026-01-29",Active,"10003"
SH0000412,SH-202405-0412,"2025-06-19",WH001,深圳天翼中央成品仓库,2.0,青岛农翼农技股份有限公司,"18229927269",辽宁省沈阳市,百世快递,SF20250619802559,"2025-06-24",已签收,SO-202405-00032,"","2025-06-19",Active,"10006"
SH0000413,SH-202405-0413,"2025-07-14",WH001,深圳天翼中央成品仓库,24.0,长沙沃土农服股份有限公司,"13345824373",浙江省宁波市,申通快递,SF20250714797660,"2025-07-19",已签收,SO-202405-00036,"","2025-07-14",Active,"10007"
SH0000414,SH-202405-0414,"2025-06-17",WH001,深圳天翼中央成品仓库,12.0,长沙沃土农服股份有限公司,"13345824373",浙江省宁波市,中通快递,SF20250617427626,"2025-06-23",已签收,SO-202405-00037,"","2025-06-17",Active,"10007"
SH0000415,SH-202405-0415,"2025-05-30",WH001,深圳天翼中央成品仓库,3.0,厦门绿洲农资科技有限公司,"15530613729",北京市北京市,中通快递,SF20250530323072,"2025-06-02",已签收,SO-202405-00070,"","2025-05-30",Active,"10012"
SH0000416,SH-202405-0416,"2025-06-23",WH001,深圳天翼中央成品仓库,7.0,沈阳农达农业有限公司,"17333754555",重庆市重庆市,申通快递,SF20250623213475,"2025-06-29",已签收,SO-202405-00072,"","2025-06-23",Active,"10013"
SH0000417,SH-202405-0417,"2026-03-03",WH001,深圳天翼中央成品仓库,11.0,重庆绿地植保科技有限公司,"15721609600",河南省郑州市,圆通速递,SF20260303679364,"2026-03-08",已签收,SO-202405-00083,节假日延误，顺延发货,"2026-03-03",Active,"10015"
SH0000418,SH-202405-0418,"2025-07-03",WH001,深圳天翼中央成品仓库,4.0,上海沃土农资技术有限公司,"17356287095",湖北省襄阳市,申通快递,SF20250703549956,"2025-07-10",已签收,SO-202405-00095,"","2025-07-03",Active,"10016"
SH0000419,SH-202405-0419,"2025-05-31",WH001,深圳天翼中央成品仓库,6.0,上海沃土农资技术有限公司,"17356287095",湖北省襄阳市,圆通速递,SF20250531773918,"2025-06-06",已签收,SO-202405-00096,"","2025-05-31",Active,"10016"
SH0000420,SH-202405-0420,"2025-06-22",WH001,深圳天翼中央成品仓库,3.0,青岛沃土植保有限公司,"15784095277",湖南省株洲市,圆通速递,SF20250622969752,"2025-06-28",已签收,SO-202405-00129,"","2025-06-22",Active,"10021"
SH0000421,SH-202405-0421,"2025-07-12",WH001,深圳天翼中央成品仓库,38.0,郑州绿洲农技股份有限公司,"19693269304",北京市北京市,德邦物流,SF20250712386544,"2025-07-19",已签收,SO-202405-00133,"","2025-07-12",Active,"10022"
SH0000422,SH-202405-0422,"2026-01-20",WH001,深圳天翼中央成品仓库,20.0,西安农兴农资科技有限公司,"17937643439",重庆市重庆市,京东物流,SF20260120482364,"2026-01-24",已签收,SO-202405-00134,节假日延误，顺延发货,"2026-01-20",Active,"10023"
SH0000423,SH-202405-0423,"2025-06-05",WH001,深圳天翼中央成品仓库,1.0,西安丰收农资技术有限公司,"18126614158",河南省郑州市,圆通速递,SF20250605520252,"2025-06-12",已签收,SO-202405-00151,"","2025-06-05",Active,"10024"
SH0000424,SH-202405-0424,"2025-06-18",WH001,深圳天翼中央成品仓库,5.0,大连农兴植保有限公司,"15125409494",浙江省宁波市,圆通速递,SF20250618132146,"2025-06-20",已签收,SO-202405-00169,"","2025-06-18",Active,"10026"
SH0000425,SH-202405-0425,"2026-02-15",WH001,深圳天翼中央成品仓库,2.0,青岛绿洲农技股份有限公司,"17769108025",山东省烟台市,百世快递,SF20260215207786,"2026-02-21",已签收,SO-202405-00184,物流调度重排,"2026-02-15",Active,"10029"
SH0000426,SH-202405-0426,"2025-06-21",WH001,深圳天翼中央成品仓库,45.0,长沙绿地农服技术有限公司,"17532074125",福建省厦门市,百世快递,SF20250621426775,"2025-06-27",已签收,SO-202405-00195,"","2025-06-21",Active,"10030"
SH0000427,SH-202405-0427,"2025-07-01",WH001,深圳天翼中央成品仓库,34.0,深圳丰收农资科技有限公司,"15807435606",陕西省咸阳市,中通快递,SF20250701189083,"2025-07-06",已签收,SO-202405-00202,"","2025-07-01",Active,"10032"
SH0000428,SH-202405-0428,"2026-02-03",WH001,深圳天翼中央成品仓库,18.0,杭州大地农资有限公司,"15126226563",上海市上海市,德邦物流,SF20260203270395,"2026-02-08",已签收,SO-202405-00208,客户申请延迟收货,"2026-02-03",Active,"10033"
SH0000429,SH-202405-0429,"2025-05-23",WH001,深圳天翼中央成品仓库,32.0,厦门田园农服有限公司,"18630833445",陕西省咸阳市,京东物流,SF20250523794093,"2025-05-29",已签收,SO-202405-00221,"","2025-05-23",Active,"10034"
SH0000430,SH-202405-0430,"2025-07-02",WH001,深圳天翼中央成品仓库,40.0,厦门田园农服有限公司,"18630833445",陕西省咸阳市,京东物流,SF20250702534303,"2025-07-08",已签收,SO-202405-00225,"","2025-07-02",Active,"10034"
SH0000431,SH-202405-0431,"2025-07-07",WH001,深圳天翼中央成品仓库,61.0,沈阳地信勘测工程有限公司,"13434961542",福建省福州市,顺丰速运,SF20250707461939,"2025-07-11",已签收,SO-202405-00244,"","2025-07-07",Active,"10037"
SH0000432,SH-202405-0432,"2025-06-24",WH001,深圳天翼中央成品仓库,5.0,青岛空地测量有限公司,"15209415691",湖北省宜昌市,圆通速递,SF20250624811444,"2025-06-30",已签收,SO-202405-00245,"","2025-06-24",Active,"10038"
SH0000433,SH-202405-0433,"2025-06-17",WH001,深圳天翼中央成品仓库,4.0,济南空信空间信息服务有限公司,"18448981305",辽宁省大连市,圆通速递,SF20250617423401,"2025-06-23",已签收,SO-202405-00268,"","2025-06-17",Active,"10042"
SH0000434,SH-202405-0434,"2025-07-13",WH001,深圳天翼中央成品仓库,44.0,郑州经纬空间信息有限公司,"17851333320",福建省厦门市,中通快递,SF20250713157443,"2025-07-16",已签收,SO-202405-00346,"","2025-07-13",Active,"10055"
SH0000435,SH-202405-0435,"2025-07-15",WH001,深圳天翼中央成品仓库,3.0,青岛天图勘测工程有限公司,"18398668350",北京市北京市,德邦物流,SF20250715904624,"2025-07-19",已签收,SO-202405-00355,"","2025-07-15",Active,"10057"
SH0000436,SH-202405-0436,"2026-02-06",WH001,深圳天翼中央成品仓库,13.0,哈尔滨天图空间信息工程有限公司,"17546129354",上海市上海市,百世快递,SF20260206448321,"2026-02-13",已签收,SO-202405-00395,客户仓库施工，推迟到货,"2026-02-06",Active,"10063"
SH0000437,SH-202405-0437,"2025-06-23",WH001,深圳天翼中央成品仓库,31.0,重庆镜头影像文化有限公司,"13751124015",江苏省南京市,京东物流,SF20250623284229,"2025-06-25",已签收,SO-202405-00421,"","2025-06-23",Active,"10068"
SH0000438,SH-202405-0438,"2026-02-15",WH001,深圳天翼中央成品仓库,55.0,重庆镜头影像文化有限公司,"13751124015",江苏省南京市,京东物流,SF20260215266931,"",运输中,SO-202405-00423,客户申请延迟收货,"2026-02-15",Active,"10068"
SH0000439,SH-202405-0439,"2026-03-04",WH001,深圳天翼中央成品仓库,21.0,重庆镜头影像文化有限公司,"13751124015",江苏省南京市,申通快递,SF20260304140605,"",运输中,SO-202405-00429,节假日延误，顺延发货,"2026-03-04",Active,"10068"
SH0000440,SH-202405-0440,"2025-07-02",WH001,深圳天翼中央成品仓库,22.0,郑州影立方制作传媒有限公司,"15826197069",福建省厦门市,顺丰速运,SF20250702557409,"2025-07-06",已签收,SO-202405-00449,"","2025-07-02",Active,"10072"
SH0000441,SH-202405-0441,"2025-07-06",WH001,深圳天翼中央成品仓库,2.0,天津光影工场广告文化传播有限公司,"18198433586",重庆市重庆市,申通快递,SF20250706428267,"2025-07-10",已签收,SO-202405-00479,"","2025-07-06",Active,"10079"
SH0000442,SH-202405-0442,"2025-07-16",WH001,深圳天翼中央成品仓库,43.0,深圳影像制作文化传播有限公司,"13397721596",河南省郑州市,京东物流,SF20250716843963,"2025-07-22",已签收,SO-202405-00484,"","2025-07-16",Active,"10081"
SH0000443,SH-202405-0443,"2025-06-19",WH001,深圳天翼中央成品仓库,4.0,深圳影动力广告文化有限公司,"13200105056",江苏省无锡市,顺丰速运,SF20250619524707,"2025-06-26",已签收,SO-202405-00530,"","2025-06-19",Active,"10088"
SH0000444,SH-202405-0444,"2025-07-17",WH001,深圳天翼中央成品仓库,3.0,武汉守护安防科技服务有限公司,"19529979713",黑龙江省哈尔滨市,申通快递,SF20250717748151,"2025-07-19",已签收,SO-202405-00548,"","2025-07-17",Active,"10091"
SH0000445,SH-202405-0445,"2026-02-09",WH001,深圳天翼中央成品仓库,21.0,西安安通警用装备工程有限公司,"19915911873",湖南省长沙市,申通快递,SF20260209582662,"2026-02-13",已签收,SO-202405-00566,节假日延误，顺延发货,"2026-02-09",Active,"10094"
SH0000446,SH-202405-0446,"2025-05-31",WH001,深圳天翼中央成品仓库,40.0,南京安盾安保有限公司,"18140380477",河南省郑州市,中通快递,SF20250531519902,"2025-06-05",已签收,SO-202405-00581,"","2025-05-31",Active,"10096"
SH0000447,SH-202405-0447,"2025-06-19",WH001,深圳天翼中央成品仓库,45.0,苏州警盾安全技术科技有限公司,"15445236735",河南省洛阳市,申通快递,SF20250619425346,"2025-06-23",已签收,SO-202405-00593,"","2025-06-19",Active,"10097"
SH0000448,SH-202406-0448,"2025-07-19",WH001,深圳天翼中央成品仓库,29.0,西安惠农农科科技有限公司,"19554340903",湖南省株洲市,百世快递,SF20250719916964,"2025-07-26",已签收,SO-202406-00030,"","2025-07-19",Active,"10005"
SH0000449,SH-202406-0449,"2025-08-25",WH001,深圳天翼中央成品仓库,34.0,南京绿野农资服务有限公司,"15876693898",山东省济南市,圆通速递,SF20250825219565,"2025-08-27",已签收,SO-202406-00045,"","2025-08-25",Active,"10008"
SH0000450,SH-202406-0450,"2025-06-26",WH001,深圳天翼中央成品仓库,40.0,沈阳地信勘测工程有限公司,"13434961542",福建省福州市,申通快递,SF20250626466346,"2025-06-30",已签收,SO-202406-00243,"","2025-06-26",Active,"10037"
SH0000451,SH-202406-0451,"2025-07-31",WH001,深圳天翼中央成品仓库,7.0,青岛空地测量有限公司,"15209415691",湖北省宜昌市,顺丰速运,SF20250731253557,"2025-08-06",已签收,SO-202406-00246,"","2025-07-31",Active,"10038"
SH0000452,SH-202406-0452,"2026-02-12",WH001,深圳天翼中央成品仓库,5.0,沈阳空间空间信息有限公司,"19798423334",湖北省宜昌市,顺丰速运,SF20260212792094,"2026-02-17",已签收,SO-202406-00257,生产延迟导致发货推迟,"2026-02-12",Active,"10040"
SH0000453,SH-202406-0453,"2025-06-25",WH001,深圳天翼中央成品仓库,6.0,济南空信空间信息服务有限公司,"18448981305",辽宁省大连市,申通快递,SF20250625758452,"2025-06-29",已签收,SO-202406-00271,"","2025-06-25",Active,"10042"
SH0000454,SH-202406-0454,"2025-07-11",WH001,深圳天翼中央成品仓库,5.0,西安星图空间信息服务有限公司,"18396889215",浙江省温州市,申通快递,SF20250711707616,"2025-07-16",已签收,SO-202406-00303,"","2025-07-11",Active,"10046"
SH0000455,SH-202406-0455,"2025-07-30",WH001,深圳天翼中央成品仓库,26.0,大连天图测绘有限公司,"13272684373",陕西省咸阳市,圆通速递,SF20250730754858,"",已发货,SO-202406-00363,"","2025-07-30",Active,"10058"
SH0000456,SH-202406-0456,"2026-02-19",WH001,深圳天翼中央成品仓库,5.0,南京地景测量技术有限公司,"17691458887",上海市上海市,申通快递,SF20260219172792,"",运输中,SO-202406-00389,生产延迟导致发货推迟,"2026-02-19",Active,"10062"
SH0000457,SH-202406-0457,"2025-07-26",WH001,深圳天翼中央成品仓库,5.0,长沙视界文化工作室,"17991713190",浙江省宁波市,百世快递,SF20250726935012,"2025-07-30",已签收,SO-202406-00440,"","2025-07-26",Active,"10071"
SH0000458,SH-202406-0458,"2026-02-28",WH001,深圳天翼中央成品仓库,68.0,郑州影立方制作传媒有限公司,"15826197069",福建省厦门市,百世快递,SF20260228634150,"2026-03-07",已签收,SO-202406-00448,合同变更后重新排程,"2026-02-28",Active,"10072"
SH0000459,SH-202406-0459,"2025-08-23",WH001,深圳天翼中央成品仓库,6.0,厦门影立方制作有限公司,"17206681214",北京市北京市,京东物流,SF20250823139434,"2025-08-28",已签收,SO-202406-00471,"","2025-08-23",Active,"10078"
SH0000460,SH-202406-0460,"2025-07-10",WH001,深圳天翼中央成品仓库,38.0,大连影视通传媒传媒有限公司,"17988434627",重庆市重庆市,顺丰速运,SF20250710775981,"2025-07-17",已签收,SO-202406-00525,"","2025-07-10",Active,"10087"
SH0000461,SH-202407-0461,"2025-08-29",WH001,深圳天翼中央成品仓库,9.0,长沙沃土农服股份有限公司,"13345824373",浙江省宁波市,中通快递,SF20250829503159,"2025-09-02",已签收,SO-202407-00040,"","2025-08-29",Active,"10007"
SH0000462,SH-202407-0462,"2025-09-21",WH001,深圳天翼中央成品仓库,6.0,深圳农达农机股份有限公司,"19670292350",山东省济南市,申通快递,SF20250921874814,"2025-09-25",已签收,SO-202407-00075,"","2025-09-21",Active,"10014"
SH0000463,SH-202407-0463,"2025-08-30",WH001,深圳天翼中央成品仓库,31.0,深圳沃土农资科技有限公司,"13178663096",重庆市重庆市,圆通速递,SF20250830297383,"2025-09-06",已签收,SO-202407-00098,"","2025-08-30",Active,"10017"
SH0000464,SH-202407-0464,"2025-08-08",WH001,深圳天翼中央成品仓库,18.0,西安农兴农资科技有限公司,"17937643439",重庆市重庆市,中通快递,SF20250808258189,"2025-08-12",已签收,SO-202407-00135,"","2025-08-08",Active,"10023"
SH0000465,SH-202407-0465,"2025-07-31",WH001,深圳天翼中央成品仓库,30.0,郑州绿洲农业服务有限公司,"13510751046",辽宁省沈阳市,申通快递,SF20250731978053,"2025-08-03",已签收,SO-202407-00156,"","2025-07-31",Active,"10025"
SH0000466,SH-202407-0466,"2025-08-30",WH001,深圳天翼中央成品仓库,44.0,杭州沃土农技股份有限公司,"19224173718",上海市上海市,圆通速递,SF20250830280941,"2025-09-01",已签收,SO-202407-00178,"","2025-08-30",Active,"10028"
SH0000467,SH-202407-0467,"2026-02-26",WH001,深圳天翼中央成品仓库,35.0,厦门田园农服有限公司,"18630833445",陕西省咸阳市,顺丰速运,SF20260226220944,"2026-03-01",已签收,SO-202407-00217,合同变更后重新排程,"2026-02-26",Active,"10034"
SH0000468,SH-202407-0468,"2025-08-25",WH001,深圳天翼中央成品仓库,6.0,上海图达地理信息技术有限公司,"17923450567",浙江省宁波市,德邦物流,SF20250825481574,"2025-08-27",已签收,SO-202407-00237,"","2025-08-25",Active,"10036"
SH0000469,SH-202407-0469,"2026-02-17",WH001,深圳天翼中央成品仓库,1.0,大连天图测控有限公司,"17191462297",陕西省西安市,顺丰速运,SF20260217213668,"",已发货,SO-202407-00318,物流调度重排,"2026-02-17",Active,"10050"
SH0000470,SH-202407-0470,"2025-08-12",WH001,深圳天翼中央成品仓库,35.0,厦门图新勘测服务有限公司,"17854827139",陕西省咸阳市,申通快递,SF20250812761532,"2025-08-19",已签收,SO-202407-00324,"","2025-08-12",Active,"10053"
SH0000471,SH-202407-0471,"2025-08-10",WH001,深圳天翼中央成品仓库,6.0,南京地景测量技术有限公司,"17691458887",上海市上海市,百世快递,SF20250810199096,"2025-08-17",已签收,SO-202407-00382,"","2025-08-10",Active,"10062"
SH0000472,SH-202407-0472,"2025-09-18",WH001,深圳天翼中央成品仓库,55.0,南京地景测量技术有限公司,"17691458887",上海市上海市,百世快递,SF20250918858889,"2025-09-23",已签收,SO-202407-00387,"","2025-09-18",Active,"10062"
SH0000473,SH-202407-0473,"2025-08-10",WH001,深圳天翼中央成品仓库,3.0,杭州光影时代影像工作室,"18214518079",福建省厦门市,百世快递,SF20250810185461,"2025-08-13",已签收,SO-202407-00417,"","2025-08-10",Active,"10067"
SH0000474,SH-202407-0474,"2026-02-28",WH001,深圳天翼中央成品仓库,102.0,重庆镜头影像文化有限公司,"13751124015",江苏省南京市,百世快递,SF20260228924629,"2026-03-05",已签收,SO-202407-00420,合同变更后重新排程,"2026-02-28",Active,"10068"
SH0000475,SH-202407-0475,"2025-07-21",WH001,深圳天翼中央成品仓库,5.0,西安影像空间影像传媒有限公司,"19453954673",四川省成都市,中通快递,SF20250721843266,"2025-07-28",已签收,SO-202407-00541,"","2025-07-21",Active,"10089"
SH0000476,SH-202407-0476,"2025-07-28",WH001,深圳天翼中央成品仓库,5.0,南京安盾安保有限公司,"18140380477",河南省郑州市,京东物流,SF20250728774751,"2025-08-03",已签收,SO-202407-00583,"","2025-07-28",Active,"10096"
SH0000477,SH-202408-0477,"2025-09-07",WH001,深圳天翼中央成品仓库,16.0,西安农兴农资科技有限公司,"17937643439",重庆市重庆市,圆通速递,SF20250907969226,"2025-09-09",已签收,SO-202408-00141,"","2025-09-07",Active,"10023"
SH0000478,SH-202408-0478,"2025-09-06",WH001,深圳天翼中央成品仓库,36.0,杭州沃土农技股份有限公司,"19224173718",上海市上海市,圆通速递,SF20250906803024,"2025-09-11",已签收,SO-202408-00175,"","2025-09-06",Active,"10028"
SH0000479,SH-202408-0479,"2025-08-27",WH001,深圳天翼中央成品仓库,42.0,西安禾苗农科有限公司,"13426283245",浙江省绍兴市,顺丰速运,SF20250827480211,"2025-09-01",已签收,SO-202408-00199,"","2025-08-27",Active,"10031"
SH0000480,SH-202408-0480,"2025-10-27",WH001,深圳天翼中央成品仓库,40.0,南京测控测绘科技有限公司,"13359154084",江苏省无锡市,百世快递,SF20251027903373,"2025-11-01",已签收,SO-202408-00276,"","2025-10-27",Active,"10043"
SH0000481,SH-202408-0481,"2025-09-20",WH001,深圳天翼中央成品仓库,59.0,青岛精测地理信息服务有限公司,"19455184454",四川省绵阳市,德邦物流,SF20250920262471,"2025-09-26",已签收,SO-202408-00290,"","2025-09-20",Active,"10045"
SH0000482,SH-202408-0482,"2025-10-03",WH001,深圳天翼中央成品仓库,43.0,武汉精测勘测有限公司,"17292673892",山东省烟台市,中通快递,SF20251003908320,"",已发货,SO-202408-00305,"","2025-10-03",Active,"10047"
SH0000483,SH-202408-0483,"2025-08-24",WH001,深圳天翼中央成品仓库,8.0,哈尔滨天图测量科技有限公司,"18427899537",浙江省绍兴市,圆通速递,SF20250824453123,"2025-08-26",已签收,SO-202408-00319,"","2025-08-24",Active,"10051"
SH0000484,SH-202408-0484,"2025-09-26",WH001,深圳天翼中央成品仓库,57.0,郑州经纬空间信息有限公司,"17851333320",福建省厦门市,京东物流,SF20250926261745,"2025-09-28",已签收,SO-202408-00340,"","2025-09-26",Active,"10055"
SH0000485,SH-202408-0485,"2025-10-26",WH001,深圳天翼中央成品仓库,45.0,郑州经纬空间信息有限公司,"17851333320",福建省厦门市,申通快递,SF20251026755087,"2025-11-02",已签收,SO-202408-00348,"","2025-10-26",Active,"10055"
SH0000486,SH-202408-0486,"2025-09-20",WH001,深圳天翼中央成品仓库,65.0,成都测控地理信息工程有限公司,"15824022357",北京市北京市,京东物流,SF20250920481995,"2025-09-25",已签收,SO-202408-00354,"","2025-09-20",Active,"10056"
SH0000487,SH-202408-0487,"2025-09-20",WH001,深圳天翼中央成品仓库,1.0,青岛天图勘测工程有限公司,"18398668350",北京市北京市,中通快递,SF20250920398768,"2025-09-24",已签收,SO-202408-00356,"","2025-09-20",Active,"10057"
SH0000488,SH-202408-0488,"2025-10-03",WH001,深圳天翼中央成品仓库,45.0,大连天图测绘有限公司,"13272684373",陕西省咸阳市,中通快递,SF20251003350786,"2025-10-06",已签收,SO-202408-00362,"","2025-10-03",Active,"10058"
SH0000489,SH-202408-0489,"2025-09-29",WH001,深圳天翼中央成品仓库,4.0,杭州测控地理信息技术有限公司,"17371011200",江苏省常州市,百世快递,SF20250929811256,"2025-10-03",已签收,SO-202408-00372,"","2025-09-29",Active,"10059"
SH0000490,SH-202408-0490,"2025-08-27",WH001,深圳天翼中央成品仓库,4.0,上海天图地理信息服务有限公司,"17999232921",江苏省常州市,申通快递,SF20250827395459,"2025-09-03",已签收,SO-202408-00404,"","2025-08-27",Active,"10065"
SH0000491,SH-202408-0491,"2026-03-21",WH001,深圳天翼中央成品仓库,74.0,重庆镜头影像文化有限公司,"13751124015",江苏省南京市,顺丰速运,SF20260321503906,"",运输中,SO-202408-00424,节假日延误，顺延发货,"2026-03-21",Active,"10068"
SH0000492,SH-202408-0492,"2026-02-16",WH001,深圳天翼中央成品仓库,7.0,大连镜头影视工作室,"18126870011",江苏省常州市,顺丰速运,SF20260216843215,"2026-02-18",已签收,SO-202408-00459,合同变更后重新排程,"2026-02-16",Active,"10074"
SH0000493,SH-202408-0493,"2026-03-24",WH001,深圳天翼中央成品仓库,55.0,广州光影时代传媒文化传播有限公司,"19737444033",山东省济南市,百世快递,SF20260324854377,"",运输中,SO-202408-00495,客户仓库施工，推迟到货,"2026-03-24",Active,"10083"
SH0000494,SH-202408-0494,"2025-09-11",WH001,深圳天翼中央成品仓库,68.0,广州光影时代传媒文化传播有限公司,"19737444033",山东省济南市,百世快递,SF20250911187949,"",已发货,SO-202408-00498,"","2025-09-11",Active,"10083"
SH0000495,SH-202408-0495,"2025-08-29",WH001,深圳天翼中央成品仓库,3.0,西安安通警用装备工程有限公司,"19915911873",湖南省长沙市,中通快递,SF20250829254506,"2025-09-04",已签收,SO-202408-00564,"","2025-08-29",Active,"10094"
SH0000496,SH-202408-0496,"2025-08-30",WH001,深圳天翼中央成品仓库,37.0,苏州警盾安全技术科技有限公司,"15445236735",河南省洛阳市,申通快递,SF20250830573041,"2025-09-04",已签收,SO-202408-00595,"","2025-08-30",Active,"10097"
SH0000497,SH-202409-0497,"2025-10-01",WH001,深圳天翼中央成品仓库,26.0,武汉农兴农业科技有限公司,"15305718272",上海市上海市,顺丰速运,SF20251001515712,"2025-10-08",已签收,SO-202409-00058,"","2025-10-01",Active,"10010"
SH0000498,SH-202409-0498,"2025-10-16",WH001,深圳天翼中央成品仓库,18.0,重庆绿地植保科技有限公司,"15721609600",河南省郑州市,京东物流,SF20251016185569,"2025-10-21",已签收,SO-202409-00082,"","2025-10-16",Active,"10015"
SH0000499,SH-202409-0499,"2025-11-02",WH001,深圳天翼中央成品仓库,29.0,成都益农农机服务有限公司,"15383968123",辽宁省沈阳市,百世快递,SF20251102203896,"2025-11-05",已签收,SO-202409-00110,"","2025-11-02",Active,"10019"
SH0000500,SH-202409-0500,"2025-09-26",WH001,深圳天翼中央成品仓库,36.0,南京田园农科服务有限公司,"15838194420",江苏省无锡市,德邦物流,SF20250926140163,"2025-10-02",已签收,SO-202409-00111,"","2025-09-26",Active,"10020"
SH0000501,SH-202409-0501,"2025-10-20",WH001,深圳天翼中央成品仓库,4.0,青岛绿洲农技股份有限公司,"17769108025",山东省烟台市,申通快递,SF20251020245534,"2025-10-22",已签收,SO-202409-00190,"","2025-10-20",Active,"10029"
SH0000502,SH-202409-0502,"2025-09-30",WH001,深圳天翼中央成品仓库,7.0,厦门地测勘测工程有限公司,"17174041730",湖南省长沙市,中通快递,SF20250930105506,"2025-10-05",已签收,SO-202409-00254,"","2025-09-30",Active,"10039"
SH0000503,SH-202409-0503,"2026-02-09",WH001,深圳天翼中央成品仓库,56.0,西安测量测量科技有限公司,"13415933049",辽宁省沈阳市,京东物流,SF20260209552248,"2026-02-16",已签收,SO-202409-00287,生产延迟导致发货推迟,"2026-02-09",Active,"10044"
SH0000504,SH-202409-0504,"2025-10-24",WH001,深圳天翼中央成品仓库,30.0,郑州地景测控工程有限公司,"15692697161",湖南省长沙市,中通快递,SF20251024653408,"2025-10-28",已签收,SO-202409-00321,"","2025-10-24",Active,"10052"
SH0000505,SH-202409-0505,"2025-10-26",WH001,深圳天翼中央成品仓库,53.0,哈尔滨天图空间信息工程有限公司,"17546129354",上海市上海市,德邦物流,SF20251026415779,"2025-10-29",已签收,SO-202409-00394,"","2025-10-26",Active,"10063"
SH0000506,SH-202409-0506,"2025-11-03",WH001,深圳天翼中央成品仓库,28.0,郑州影立方制作传媒有限公司,"15826197069",福建省厦门市,京东物流,SF20251103769989,"2025-11-09",已签收,SO-202409-00454,"","2025-11-03",Active,"10072"
SH0000507,SH-202409-0507,"2025-10-23",WH001,深圳天翼中央成品仓库,86.0,大连镜头影视工作室,"18126870011",江苏省常州市,顺丰速运,SF20251023977330,"2025-10-27",已签收,SO-202409-00457,"","2025-10-23",Active,"10074"
SH0000508,SH-202409-0508,"2025-10-16",WH001,深圳天翼中央成品仓库,5.0,西安影动广告有限公司,"19447646966",湖南省长沙市,顺丰速运,SF20251016762652,"2025-10-22",已签收,SO-202409-00489,"","2025-10-16",Active,"10082"
SH0000509,SH-202409-0509,"2025-10-12",WH001,深圳天翼中央成品仓库,3.0,大连影视通传媒传媒有限公司,"17988434627",重庆市重庆市,圆通速递,SF20251012250551,"2025-10-16",已签收,SO-202409-00527,"","2025-10-12",Active,"10087"
SH0000510,SH-202409-0510,"2025-10-14",WH001,深圳天翼中央成品仓库,3.0,深圳影动力广告文化有限公司,"13200105056",江苏省无锡市,中通快递,SF20251014469954,"2025-10-16",已签收,SO-202409-00534,"","2025-10-14",Active,"10088"
SH0000511,SH-202409-0511,"2025-10-01",WH001,深圳天翼中央成品仓库,45.0,苏州警盾安全技术科技有限公司,"15445236735",河南省洛阳市,德邦物流,SF20251001796643,"2025-10-06",已签收,SO-202409-00586,"","2025-10-01",Active,"10097"
SH0000512,SH-202410-0512,"2026-02-24",WH001,深圳天翼中央成品仓库,27.0,长沙沃土农服股份有限公司,"13345824373",浙江省宁波市,百世快递,SF20260224989208,"2026-03-03",已签收,SO-202410-00039,生产延迟导致发货推迟,"2026-02-24",Active,"10007"
SH0000513,SH-202410-0513,"2025-11-24",WH001,深圳天翼中央成品仓库,47.0,重庆绿地植保科技有限公司,"15721609600",河南省郑州市,申通快递,SF20251124632280,"2025-11-29",已签收,SO-202410-00077,"","2025-11-24",Active,"10015"
SH0000514,SH-202410-0514,"2025-10-26",WH001,深圳天翼中央成品仓库,41.0,西安农兴农资科技有限公司,"17937643439",重庆市重庆市,申通快递,SF20251026592972,"2025-10-28",已签收,SO-202410-00136,"","2025-10-26",Active,"10023"
SH0000515,SH-202410-0515,"2025-12-04",WH001,深圳天翼中央成品仓库,2.0,沈阳地信勘测工程有限公司,"13434961542",福建省福州市,百世快递,SF20251204883618,"2025-12-10",已签收,SO-202410-00241,"","2025-12-04",Active,"10037"
SH0000516,SH-202410-0516,"2025-11-20",WH001,深圳天翼中央成品仓库,3.0,沈阳地信勘测工程有限公司,"13434961542",福建省福州市,百世快递,SF20251120352838,"2025-11-26",已签收,SO-202410-00242,"","2025-11-20",Active,"10037"
SH0000517,SH-202410-0517,"2025-11-11",WH001,深圳天翼中央成品仓库,3.0,沈阳空间空间信息有限公司,"19798423334",湖北省宜昌市,圆通速递,SF20251111893435,"2025-11-18",已签收,SO-202410-00255,"","2025-11-11",Active,"10040"
SH0000518,SH-202410-0518,"2025-11-20",WH001,深圳天翼中央成品仓库,1.0,西安星图空间信息服务有限公司,"18396889215",浙江省温州市,百世快递,SF20251120672536,"2025-11-23",已签收,SO-202410-00301,"","2025-11-20",Active,"10046"
SH0000519,SH-202410-0519,"2025-12-19",WH001,深圳天翼中央成品仓库,37.0,西安星图空间信息服务有限公司,"18396889215",浙江省温州市,京东物流,SF20251219829168,"",运输中,SO-202410-00304,"","2025-12-19",Active,"10046"
SH0000520,SH-202410-0520,"2025-12-04",WH001,深圳天翼中央成品仓库,47.0,厦门图新勘测服务有限公司,"17854827139",陕西省咸阳市,顺丰速运,SF20251204850827,"",已发货,SO-202410-00332,"","2025-12-04",Active,"10053"
SH0000521,SH-202410-0521,"2025-11-12",WH001,深圳天翼中央成品仓库,4.0,沈阳经纬测量有限公司,"15409268943",湖南省株洲市,德邦物流,SF20251112145934,"2025-11-18",已签收,SO-202410-00380,"","2025-11-12",Active,"10061"
SH0000522,SH-202410-0522,"2025-11-30",WH001,深圳天翼中央成品仓库,5.0,南京地景测量技术有限公司,"17691458887",上海市上海市,百世快递,SF20251130640418,"2025-12-03",已签收,SO-202410-00383,"","2025-11-30",Active,"10062"
SH0000523,SH-202410-0523,"2026-03-20",WH001,深圳天翼中央成品仓库,94.0,厦门影立方制作有限公司,"17206681214",北京市北京市,京东物流,SF20260320799287,"",运输中,SO-202410-00473,生产延迟导致发货推迟,"2026-03-20",Active,"10078"
SH0000524,SH-202410-0524,"2026-03-07",WH001,深圳天翼中央成品仓库,5.0,哈尔滨光影工场影视文化有限公司,"15173669588",河南省郑州市,百世快递,SF20260307410016,"",运输中,SO-202410-00483,节假日延误，顺延发货,"2026-03-07",Active,"10080"
SH0000525,SH-202410-0525,"2025-11-06",WH001,深圳天翼中央成品仓库,5.0,深圳影像制作文化传播有限公司,"13397721596",河南省郑州市,顺丰速运,SF20251106938171,"2025-11-12",已签收,SO-202410-00487,"","2025-11-06",Active,"10081"
SH0000526,SH-202410-0526,"2026-02-08",WH001,深圳天翼中央成品仓库,43.0,北京视界文化有限公司,"18557707813",福建省厦门市,中通快递,SF20260208797229,"2026-02-15",已签收,SO-202410-00511,客户仓库施工，推迟到货,"2026-02-08",Active,"10084"
SH0000527,SH-202410-0527,"2025-11-22",WH001,深圳天翼中央成品仓库,2.0,深圳影动力广告文化有限公司,"13200105056",江苏省无锡市,京东物流,SF20251122825686,"2025-11-25",已签收,SO-202410-00531,"","2025-11-22",Active,"10088"
SH0000528,SH-202410-0528,"2025-11-06",WH001,深圳天翼中央成品仓库,5.0,西安安邦安全技术工程有限公司,"15933468715",四川省成都市,百世快递,SF20251106940064,"2025-11-09",已签收,SO-202410-00555,"","2025-11-06",Active,"10092"
SH0000529,SH-202411-0529,"2025-11-22",WH001,深圳天翼中央成品仓库,3.0,成都益农农机服务有限公司,"15383968123",辽宁省沈阳市,京东物流,SF20251122731718,"2025-11-24",已签收,SO-202411-00109,"","2025-11-22",Active,"10019"
SH0000530,SH-202411-0530,"2025-12-05",WH001,深圳天翼中央成品仓库,1.0,青岛绿洲农技股份有限公司,"17769108025",山东省烟台市,百世快递,SF20251205207581,"",已发货,SO-202411-00185,"","2025-12-05",Active,"10029"
SH0000531,SH-202411-0531,"2025-11-30",WH001,深圳天翼中央成品仓库,59.0,青岛空地测量有限公司,"15209415691",湖北省宜昌市,百世快递,SF20251130421384,"2025-12-07",已签收,SO-202411-00247,"","2025-11-30",Active,"10038"
SH0000532,SH-202411-0532,"2025-12-17",WH001,深圳天翼中央成品仓库,5.0,武汉精测勘测有限公司,"17292673892",山东省烟台市,京东物流,SF20251217274739,"2025-12-24",已签收,SO-202411-00307,"","2025-12-17",Active,"10047"
SH0000533,SH-202411-0533,"2026-02-06",WH001,深圳天翼中央成品仓库,7.0,天津图达勘测有限公司,"15784907325",广东省东莞市,圆通速递,SF20260206696750,"2026-02-11",已签收,SO-202411-00310,合同变更后重新排程,"2026-02-06",Active,"10048"
SH0000534,SH-202411-0534,"2025-12-05",WH001,深圳天翼中央成品仓库,27.0,郑州经纬空间信息有限公司,"17851333320",福建省厦门市,京东物流,SF20251205387892,"2025-12-10",已签收,SO-202411-00351,"","2025-12-05",Active,"10055"
SH0000535,SH-202411-0535,"2026-01-15",WH001,深圳天翼中央成品仓库,57.0,成都测控地理信息工程有限公司,"15824022357",北京市北京市,京东物流,SF20260115400850,"2026-01-20",已签收,SO-202411-00353,合同变更后重新排程,"2026-01-15",Active,"10056"
SH0000536,SH-202411-0536,"2025-11-27",WH001,深圳天翼中央成品仓库,45.0,大连天图测绘有限公司,"13272684373",陕西省咸阳市,申通快递,SF20251127886325,"2025-12-03",已签收,SO-202411-00361,"","2025-11-27",Active,"10058"
SH0000537,SH-202411-0537,"2025-11-26",WH001,深圳天翼中央成品仓库,36.0,大连天图测绘有限公司,"13272684373",陕西省咸阳市,德邦物流,SF20251126989894,"2025-11-29",已签收,SO-202411-00365,"","2025-11-26",Active,"10058"
SH0000538,SH-202411-0538,"2025-12-01",WH001,深圳天翼中央成品仓库,7.0,杭州测控地理信息技术有限公司,"17371011200",江苏省常州市,德邦物流,SF20251201170499,"2025-12-05",已签收,SO-202411-00369,"","2025-12-01",Active,"10059"
SH0000539,SH-202411-0539,"2025-11-30",WH001,深圳天翼中央成品仓库,8.0,长沙视界文化工作室,"17991713190",浙江省宁波市,京东物流,SF20251130694799,"2025-12-02",已签收,SO-202411-00439,"","2025-11-30",Active,"10071"
SH0000540,SH-202411-0540,"2025-12-20",WH001,深圳天翼中央成品仓库,31.0,郑州影立方制作传媒有限公司,"15826197069",福建省厦门市,圆通速递,SF20251220571778,"2025-12-27",已签收,SO-202411-00446,"","2025-12-20",Active,"10072"
SH0000541,SH-202411-0541,"2025-12-15",WH001,深圳天翼中央成品仓库,45.0,郑州影立方制作传媒有限公司,"15826197069",福建省厦门市,申通快递,SF20251215180620,"2025-12-18",已签收,SO-202411-00455,"","2025-12-15",Active,"10072"
SH0000542,SH-202411-0542,"2025-12-15",WH001,深圳天翼中央成品仓库,4.0,厦门影立方制作有限公司,"17206681214",北京市北京市,百世快递,SF20251215517368,"2025-12-17",已签收,SO-202411-00470,"","2025-12-15",Active,"10078"
SH0000543,SH-202411-0543,"2026-02-25",WH001,深圳天翼中央成品仓库,70.0,广州光影时代传媒文化传播有限公司,"19737444033",山东省济南市,中通快递,SF20260225563246,"2026-03-04",已签收,SO-202411-00493,节假日延误，顺延发货,"2026-02-25",Active,"10083"
SH0000544,SH-202411-0544,"2025-12-18",WH001,深圳天翼中央成品仓库,78.0,北京视界文化有限公司,"18557707813",福建省厦门市,中通快递,SF20251218505785,"2025-12-25",已签收,SO-202411-00506,"","2025-12-18",Active,"10084"
SH0000545,SH-202411-0545,"2025-12-10",WH001,深圳天翼中央成品仓库,73.0,北京视界文化有限公司,"18557707813",福建省厦门市,申通快递,SF20251210372933,"2025-12-12",已签收,SO-202411-00514,"","2025-12-10",Active,"10084"
SH0000546,SH-202411-0546,"2025-12-27",WH001,深圳天翼中央成品仓库,74.0,北京视界文化有限公司,"18557707813",福建省厦门市,中通快递,SF20251227399449,"2026-01-02",已签收,SO-202411-00517,"","2025-12-27",Active,"10084"
SH0000547,SH-202411-0547,"2025-11-22",WH001,深圳天翼中央成品仓库,73.0,北京视界文化有限公司,"18557707813",福建省厦门市,顺丰速运,SF20251122242321,"2025-11-25",已签收,SO-202411-00520,"","2025-11-22",Active,"10084"
SH0000548,SH-202411-0548,"2025-12-04",WH001,深圳天翼中央成品仓库,5.0,厦门安全卫士安防工程有限公司,"18574817290",重庆市重庆市,圆通速递,SF20251204566732,"2025-12-06",已签收,SO-202411-00576,"","2025-12-04",Active,"10095"
SH0000549,SH-202411-0549,"2026-03-21",WH001,深圳天翼中央成品仓库,41.0,苏州警盾安全技术科技有限公司,"15445236735",河南省洛阳市,中通快递,SF20260321932291,"",运输中,SO-202411-00585,节假日延误，顺延发货,"2026-03-21",Active,"10097"
SH0000550,SH-202411-0550,"2025-12-18",WH001,深圳天翼中央成品仓库,38.0,苏州警盾安全技术科技有限公司,"15445236735",河南省洛阳市,百世快递,SF20251218414527,"2025-12-20",已签收,SO-202411-00589,"","2025-12-18",Active,"10097"
SH0000551,SH-202412-0551,"2025-12-17",WH001,深圳天翼中央成品仓库,26.0,西安沃土植保科技有限公司,"17786066793",重庆市重庆市,中通快递,SF20251217335134,"2025-12-21",已签收,SO-202412-00006,"","2025-12-17",Active,"10002"
SH0000552,SH-202412-0552,"2025-12-20",WH001,深圳天翼中央成品仓库,40.0,南京绿野农资服务有限公司,"15876693898",山东省济南市,德邦物流,SF20251220928766,"2025-12-25",已签收,SO-202412-00050,"","2025-12-20",Active,"10008"
SH0000553,SH-202412-0553,"2025-12-24",WH001,深圳天翼中央成品仓库,27.0,厦门绿洲农资科技有限公司,"15530613729",北京市北京市,中通快递,SF20251224700076,"2025-12-28",已签收,SO-202412-00071,"","2025-12-24",Active,"10012"
SH0000554,SH-202412-0554,"2025-12-09",WH001,深圳天翼中央成品仓库,1.0,沈阳农达农业有限公司,"17333754555",重庆市重庆市,德邦物流,SF20251209741674,"",已发货,SO-202412-00074,"","2025-12-09",Active,"10013"
SH0000555,SH-202412-0555,"2025-12-22",WH001,深圳天翼中央成品仓库,6.0,大连农兴植保有限公司,"15125409494",浙江省宁波市,京东物流,SF20251222851759,"2025-12-29",已签收,SO-202412-00168,"","2025-12-22",Active,"10026"
SH0000556,SH-202412-0556,"2025-12-24",WH001,深圳天翼中央成品仓库,3.0,青岛绿洲农技股份有限公司,"17769108025",山东省烟台市,京东物流,SF20251224906527,"",运输中,SO-202412-00183,"","2025-12-24",Active,"10029"
SH0000557,SH-202412-0557,"2026-01-25",WH001,深圳天翼中央成品仓库,3.0,沈阳测量地理信息科技有限公司,"19388187517",山东省青岛市,京东物流,SF20260125640490,"",运输中,SO-202412-00264,客户仓库施工，推迟到货,"2026-01-25",Active,"10041"
SH0000558,SH-202412-0558,"2025-12-09",WH001,深圳天翼中央成品仓库,2.0,沈阳测量地理信息科技有限公司,"19388187517",山东省青岛市,京东物流,SF20251209813145,"2025-12-14",已签收,SO-202412-00266,"","2025-12-09",Active,"10041"
SH0000559,SH-202412-0559,"2026-02-26",WH001,深圳天翼中央成品仓库,27.0,南京测控测绘科技有限公司,"13359154084",江苏省无锡市,顺丰速运,SF20260226958179,"",运输中,SO-202412-00281,节假日延误，顺延发货,"2026-02-26",Active,"10043"
SH0000560,SH-202412-0560,"2025-12-23",WH001,深圳天翼中央成品仓库,2.0,西安测量测量科技有限公司,"13415933049",辽宁省沈阳市,申通快递,SF20251223235300,"2025-12-25",已签收,SO-202412-00284,"","2025-12-23",Active,"10044"
SH0000561,SH-202412-0561,"2025-12-10",WH001,深圳天翼中央成品仓库,66.0,青岛精测地理信息服务有限公司,"19455184454",四川省绵阳市,申通快递,SF20251210230192,"2025-12-12",已签收,SO-202412-00293,"","2025-12-10",Active,"10045"
SH0000562,SH-202412-0562,"2026-02-23",WH001,深圳天翼中央成品仓库,5.0,西安星图空间信息服务有限公司,"18396889215",浙江省温州市,德邦物流,SF20260223945742,"2026-02-26",已签收,SO-202412-00300,客户申请延迟收货,"2026-02-23",Active,"10046"
SH0000563,SH-202412-0563,"2025-12-15",WH001,深圳天翼中央成品仓库,6.0,天津图达勘测有限公司,"15784907325",广东省东莞市,中通快递,SF20251215397846,"2025-12-20",已签收,SO-202412-00309,"","2025-12-15",Active,"10048"
SH0000564,SH-202412-0564,"2025-12-31",WH001,深圳天翼中央成品仓库,5.0,上海地理勘测有限公司,"17297958983",黑龙江省哈尔滨市,圆通速递,SF20251231677599,"2026-01-02",已签收,SO-202412-00314,"","2025-12-31",Active,"10049"
SH0000565,SH-202412-0565,"2026-01-20",WH001,深圳天翼中央成品仓库,30.0,厦门图新勘测服务有限公司,"17854827139",陕西省咸阳市,德邦物流,SF20260120598216,"",已发货,SO-202412-00329,客户申请延迟收货,"2026-01-20",Active,"10053"
SH0000566,SH-202412-0566,"2025-12-25",WH001,深圳天翼中央成品仓库,39.0,郑州经纬空间信息有限公司,"17851333320",福建省厦门市,圆通速递,SF20251225276827,"2025-12-31",已签收,SO-202412-00342,"","2025-12-25",Active,"10055"
SH0000567,SH-202412-0567,"2025-12-27",WH001,深圳天翼中央成品仓库,49.0,哈尔滨天图空间信息工程有限公司,"17546129354",上海市上海市,德邦物流,SF20251227790731,"2025-12-31",已签收,SO-202412-00399,"","2025-12-27",Active,"10063"
SH0000568,SH-202412-0568,"2025-12-31",WH001,深圳天翼中央成品仓库,5.0,杭州光影时代影像工作室,"18214518079",福建省厦门市,申通快递,SF20251231690996,"",已发货,SO-202412-00410,"","2025-12-31",Active,"10067"
SH0000569,SH-202412-0569,"2026-03-14",WH001,深圳天翼中央成品仓库,4.0,杭州光影时代影像工作室,"18214518079",福建省厦门市,中通快递,SF20260314760356,"",运输中,SO-202412-00415,节假日延误，顺延发货,"2026-03-14",Active,"10067"
SH0000570,SH-202412-0570,"2025-12-31",WH001,深圳天翼中央成品仓库,18.0,重庆镜头影像文化有限公司,"13751124015",江苏省南京市,德邦物流,SF20251231904214,"2026-01-04",已签收,SO-202412-00422,"","2025-12-31",Active,"10068"
SH0000571,SH-202412-0571,"2025-12-15",WH001,深圳天翼中央成品仓库,52.0,郑州影立方制作传媒有限公司,"15826197069",福建省厦门市,圆通速递,SF20251215131757,"2025-12-21",已签收,SO-202412-00441,"","2025-12-15",Active,"10072"
SH0000572,SH-202412-0572,"2025-12-15",WH001,深圳天翼中央成品仓库,4.0,天津光影工场广告文化传播有限公司,"18198433586",重庆市重庆市,圆通速递,SF20251215416768,"2025-12-22",已签收,SO-202412-00477,"","2025-12-15",Active,"10079"
SH0000573,SH-202412-0573,"2025-12-08",WH001,深圳天翼中央成品仓库,2.0,深圳影像制作文化传播有限公司,"13397721596",河南省郑州市,京东物流,SF20251208411882,"2025-12-11",已签收,SO-202412-00486,"","2025-12-08",Active,"10081"
SH0000574,SH-202412-0574,"2025-12-11",WH001,深圳天翼中央成品仓库,48.0,广州光影时代传媒文化传播有限公司,"19737444033",山东省济南市,顺丰速运,SF20251211265759,"2025-12-14",已签收,SO-202412-00499,"","2025-12-11",Active,"10083"
SH0000575,SH-202412-0575,"2026-03-05",WH001,深圳天翼中央成品仓库,37.0,北京视界文化有限公司,"18557707813",福建省厦门市,中通快递,SF20260305519066,"",已发货,SO-202412-00516,节假日延误，顺延发货,"2026-03-05",Active,"10084"
SH0000576,SH-202412-0576,"2025-12-12",WH001,深圳天翼中央成品仓库,5.0,西安光影时代制作文化传播有限公司,"19644830077",黑龙江省哈尔滨市,百世快递,SF20251212853258,"2025-12-18",已签收,SO-202412-00545,"","2025-12-12",Active,"10090"
SH0000577,SH-202412-0577,"2025-12-07",WH001,深圳天翼中央成品仓库,52.0,西安安通警用装备工程有限公司,"19915911873",湖南省长沙市,德邦物流,SF20251207897615,"",已发货,SO-202412-00562,"","2025-12-07",Active,"10094"
SH0000578,SH-202412-0578,"2025-12-07",WH001,深圳天翼中央成品仓库,41.0,苏州警盾安全技术科技有限公司,"15445236735",河南省洛阳市,顺丰速运,SF20251207434617,"2025-12-13",已签收,SO-202412-00591,"","2025-12-07",Active,"10097"
